trip,tripSlug,photoId,location,date,alt,caption,description,Make,Model,LensModel,FocalLength,FocalLengthIn35mmFormat,FNumber,ExposureTime,ISO,ExposureProgram,MeteringMode,WhiteBalance,Flash,DateTimeOriginal,GPSLatitude,GPSLongitude,width,height,src
"bali-2026","bali-2026","bal26-001","Bali, Indonesia","2026-06-07","Man with bucket walks brick path, Bali sunset. Golden hour light, power lines, lush green field, construction backdrop, Indonesia.","Golden hour's simple rhythm","Golden hour sunlight drenches a brick pathway in warm hues, as a man in a red shirt carries a bucket through Bali, Indonesia. Long shadows stretch, emphasizing the textured ground and lush green grass alongside. Overhead power lines punctuate the soft, pastel sky, framing a tranquil, everyday scene. Distant tropical foliage and nascent construction hint at the evolving landscape.","SONY","ILCE-7CM2","Sony FE 24-70mm F2.8 II","70.0 mm","70 mm","2.8","1/1250","250","Manual","Multi-segment","Auto","Off, Did not fire","2026:06:07 11:45:34","","","4150","6225","https://res.cloudinary.com/do9hrcwn1/image/upload/c_limit,f_auto,q_auto,w_1200/v1/sammapix/portfolio/bali-2026/01-bali-golden-hour-walk-man-bucket-street-indonesia"
"bali-2026","bali-2026","bal26-002","Bali, Indonesia","2026-06-07","Smiling Balinese construction worker portrait, shirtless, sitting on concrete ledge, unfinished building interior, grey tones, Bali, Indonesia.","Resilient spirit, a warm smile","A captivating portrait captures a Balinese man, shirtless and smiling broadly, sitting casually on a concrete ledge. He rests within the raw, unfinished structure of a building under construction, its grey walls and exposed beams forming a stark backdrop. Natural light illuminates his face, highlighting the genuine warmth of his expression. Stacks of construction blocks and rough stone elements define the authentic, evolving landscape of modern Bali, Indonesia.","SONY","ILCE-7CM2","Sony FE 24-70mm F2.8 II","70.0 mm","70 mm","2.8","1/1250","3200","Manual","Multi-segment","Auto","Off, Did not fire","2026:06:07 11:48:14","","","4144","6216","https://res.cloudinary.com/do9hrcwn1/image/upload/c_limit,f_auto,q_auto,w_1200/v1/sammapix/portfolio/bali-2026/02-balinese-construction-worker-portrait-bali-indonesia"
"bali-2026","bali-2026","bal26-003","Bali, Indonesia","2026-06-07","Bali street at golden hour, motorcyclist with ladder strapped to scooter rides towards camera, backlit by warm sunset, other traffic, trees.","Golden hour street hustle","Golden hour bathes a bustling Bali street in a warm glow. Motorcyclists navigate the road, silhouetted against the setting sun. A central figure transports a large ladder, an everyday sight in Indonesian life. Lush green trees line the street, their leaves catching the radiant light. Power lines crisscross the amber sky, framing the vibrant urban scene.","SONY","ILCE-7CM2","Sony FE 24-70mm F2.8 II","70.0 mm","70 mm","2.8","1/1250","640","Manual","Multi-segment","Auto","Off, Did not fire","2026:06:07 11:48:41","","","4672","7008","https://res.cloudinary.com/do9hrcwn1/image/upload/c_limit,f_auto,q_auto,w_1200/v1/sammapix/portfolio/bali-2026/03-bali-sunset-scooter-traffic-everyday-street-scene-indonesia"
"bali-2026","bali-2026","bal26-004","Bali, Indonesia","2026-06-07","Joyful Balinese man in motorcycle helmet, teal jacket, holding bag at street market stall with 'HARGA LAUT' sign. Bali, Indonesia.","Joyful spirit, market day","A cheerful Balinese man smiles widely, wearing a motorcycle helmet and a two-tone jacket. He stands before a vibrant red and blue street stall banner, hints of a 'staff wanted' sign nearby. His weathered hands hold a white woven bag, reflecting daily life. Soft daylight illuminates his joyful expression, capturing the warmth and authenticity of Bali's bustling street commerce.","SONY","ILCE-7CM2","Sony FE 24-70mm F2.8 II","70.0 mm","70 mm","2.8","1/1250","4000","Manual","Multi-segment","Auto","Off, Did not fire","2026:06:07 11:50:07","","","4672","7008","https://res.cloudinary.com/do9hrcwn1/image/upload/c_limit,f_auto,q_auto,w_1200/v1/sammapix/portfolio/bali-2026/04-balinese-man-street-market-smile-bali-indonesia"
"bali-2026","bali-2026","bal26-005","Bali, Indonesia","2026-06-07","Balinese man joyfully raising fist in lush green tropical garden with traditional house roof, Bali, Indonesia","Joyful spirit amidst green bounty","A jubilant Balinese man smiles, raising his fist in a vibrant green tropical garden. Soft sunlight illuminates the lush foliage, revealing thriving plants. His bare feet connect him to the rich earth, evoking pride and contentment. Traditional architectural elements of nearby homes hint at the island's cultural tapestry. The authentic atmosphere offers a glimpse into local Bali life.","SONY","ILCE-7CM2","Sony FE 24-70mm F2.8 II","70.0 mm","70 mm","2.8","1/1000","5000","Manual","Multi-segment","Auto","Off, Did not fire","2026:06:07 12:01:45","","","3734","5601","https://res.cloudinary.com/do9hrcwn1/image/upload/c_limit,f_auto,q_auto,w_1200/v1/sammapix/portfolio/bali-2026/05-bali-man-tropical-garden-joy-local-life-indonesia"
"bali-2026","bali-2026","bal26-006","Bali, Indonesia","2026-06-08","Smiling man on light blue scooter in Bali, wearing hoodie, sunglasses, and beaded necklace, beside ornate Balinese stone carvings at sunset.","Relaxed island golden hour","Golden hour light bathes a man sitting casually on a teal scooter in Bali. He smiles, wearing a grey hoodie, distinctive sunglasses, and a unique turquoise beaded necklace. Intricate Balinese stone carvings, depicting guardian figures and ornate patterns, form a rich cultural backdrop. Tropical foliage hints at the island's lush environment, while the relaxed pose captures the essence of Balinese travel, full of personal style and local charm.","SONY","ILCE-7CM2","FE 24-70mm F2.8 GM II","70.0 mm","70 mm","2.8","1/400","800","Manual","Multi-segment","Auto","Off, Did not fire","2026:06:08 11:44:16","","","4672","7008","https://res.cloudinary.com/do9hrcwn1/image/upload/c_limit,f_auto,q_auto,w_1200/v1/sammapix/portfolio/bali-2026/06-bali-man-scooter-golden-hour-stone-carving-travel"
"bali-2026","bali-2026","bal26-007","Bali, Indonesia","2026-06-08","Smiling Indonesian delivery rider on blue Honda Vario scooter in Bali. Man with green helmet, sunglasses, phone, large black bag. License plate DK5572FAS.","Daily hustle, vibrant smile","A charismatic Indonesian delivery rider smiles broadly, sitting astride his blue Honda Vario scooter on a paved street in Bali. Golden hour sunlight illuminates his green helmet and distinctive light green sunglasses. A large black delivery bag is secured to his back, with additional bags on the scooter sides. He holds up a white smartphone, perhaps for a quick photo or navigation. The scene captures the friendly, bustling spirit of daily life on the island, with a textured concrete wall and lush foliage in the background.","SONY","ILCE-7CM2","FE 24-70mm F2.8 GM II","70.0 mm","70 mm","3.2","1/400","400","Manual","Multi-segment","Auto","Off, Did not fire","2026:06:08 11:47:01","","","4009","6014","https://res.cloudinary.com/do9hrcwn1/image/upload/c_limit,f_auto,q_auto,w_1200/v1/sammapix/portfolio/bali-2026/07-bali-indonesian-delivery-rider-scooter-smile-street"
"bali-2026","bali-2026","bal26-008","Bali, Indonesia","2026-06-14","Person on scooter in Bali with dog in pink goggles, wearing colorful helmet & backpack on a sunny street, Indonesia.","Joyful ride, dog in pink goggles","A vibrant street scene unfolds in Bali, Indonesia, where a person rides a scooter, their back to the viewer. A delightful dog, sporting bright pink goggles, sits comfortably in front. The rider wears a beautifully illustrated helmet, a patterned shirt, and a backpack, reflecting a relaxed, adventurous spirit. Golden hour light illuminates the scene, casting soft glows on the tropical foliage and buildings, capturing the essence of island travel and daily life.","SONY","ILCE-7CM2","Sony FE 24-70mm F2.8 II","24.0 mm","24 mm","3.2","1/1000","400","Manual","Multi-segment","Auto","Off, Did not fire","2026:06:14 10:48:54","","","2244","3366","https://res.cloudinary.com/do9hrcwn1/image/upload/c_limit,f_auto,q_auto,w_1200/v1/sammapix/portfolio/bali-2026/08-bali-scooter-dog-pink-goggles-travel-indonesia-street"
"bali-2026","bali-2026","bal26-009","Bali, Indonesia","2026-06-14","Man with intricate arm tattoos holding a cigarette, sitting casually outside a local street shop in Bali, Indonesia. Stacked eggs, snacks, and Indonesian advertisements are visible.","A quiet street corner moment","A man with intricate arm tattoos sits casually on a stone stool outside a local street shop in Bali. He holds a lit cigarette, gazing calmly towards the viewer. The vibrant scene features stacked egg cartons, bottled water, and various packaged snacks for sale. Faded Indonesian advertisements adorn the wall, including tobacco warnings and pricing, adding authentic cultural layers. Warm, natural light illuminates the everyday street life.","SONY","ILCE-7CM2","Sony FE 24-70mm F2.8 II","59.0 mm","59 mm","3.2","1/1000","640","Manual","Multi-segment","Auto","Off, Did not fire","2026:06:14 10:52:11","","","3363","5045","https://res.cloudinary.com/do9hrcwn1/image/upload/c_limit,f_auto,q_auto,w_1200/v1/sammapix/portfolio/bali-2026/09-bali-street-portrait-tattooed-man-local-shop-indonesia"
"bali-2026","bali-2026","bal26-010","Old Town Barber, Bali, Indonesia","2026-06-14","Old Town Barber, Bali, Indonesia. Smiling local man holding door, parked scooters, friends outside barbershop.","Barbershop tales and street life","Golden hour light bathes the facade of Old Town Barber in Bali, Indonesia. A smiling local man holds the green-framed door open, inviting glances into the bustling street scene. Parked scooters line the sidewalk, ready for their next journey. Friends gather, one on a phone call, amidst deep shadows and vibrant highlights. This candid moment captures the lively pulse of daily island life, a blend of urban energy and tropical charm.","SONY","ILCE-7CM2","Sony FE 24-70mm F2.8 II","70.0 mm","70 mm","2.8","1/1250","320","Manual","Multi-segment","Auto","Off, Did not fire","2026:06:14 10:54:50","","","4225","6338","https://res.cloudinary.com/do9hrcwn1/image/upload/c_limit,f_auto,q_auto,w_1200/v1/sammapix/portfolio/bali-2026/10-bali-old-town-barber-street-scene-scooters-indonesia"
"bali-2026","bali-2026","bal26-011","Bali, Indonesia","2026-06-14","Bali street food vendor on scooter selling Mie Ayam & Bakso. Urban scene, warm afternoon light, lush trees, Indonesia.","Savory noodles, street life","Golden light bathes a bustling Bali street scene, highlighting a scooter-mounted food cart. The vendor prepares Indonesian favorites, Mie Ayam and Bakso, under the canopy. Long shadows stretch across the asphalt, indicating late afternoon. Lush tropical foliage frames the vibrant urban backdrop, with motorcycles and pedestrians passing by. This captures an authentic slice of daily life, celebrating rich culinary traditions.","SONY","ILCE-7CM2","Sony FE 24-70mm F2.8 II","70.0 mm","70 mm","2.8","1/1250","400","Manual","Multi-segment","Auto","Off, Did not fire","2026:06:14 10:55:15","","","3261","4892","https://res.cloudinary.com/do9hrcwn1/image/upload/c_limit,f_auto,q_auto,w_1200/v1/sammapix/portfolio/bali-2026/11-bali-street-food-vendor-mie-ayam-bakso-indonesia"
"bali-2026","bali-2026","bal26-012","Bali, Indonesia","2026-06-14","Young man on scooter beside green bakso food cart, Bali, Indonesia. Contemplative street vendor portrait with traditional architecture.","A vendor's thoughtful street gaze","A young Balinese man, wearing a cap, sits thoughtfully on his scooter, bathed in warm, soft light. His gaze is directed upwards, creating a contemplative mood. Next to him stands a vibrant green street food cart, likely selling bakso, with packaged noodles and a bright red chili sauce bottle visible. Blurred traditional tiled roofs frame the authentic street scene, capturing a quiet moment of daily life in Indonesia.","SONY","ILCE-7CM2","Sony FE 24-70mm F2.8 II","70.0 mm","70 mm","2.8","1/1250","1000","Manual","Multi-segment","Auto","Off, Did not fire","2026:06:14 10:55:48","","","4672","7008","https://res.cloudinary.com/do9hrcwn1/image/upload/c_limit,f_auto,q_auto,w_1200/v1/sammapix/portfolio/bali-2026/12-bali-street-vendor-scooter-portrait-food-cart-indonesia"
"bali-2026","bali-2026","bal26-014","Bali, Indonesia","2026-06-14","Smiling Balinese man on rustic motorcycle, carrying goods, waving on bustling street, golden hour, Bali, Indonesia.","A friendly smile, daily warmth","A cheerful Balinese man smiles broadly, waving from his heavily laden motorcycle on a bustling street. His rustic scooter, adapted for carrying goods, navigates the wet asphalt. Golden hour sun bathes the scene in warm light, highlighting lush tropical foliage and traditional architecture. Overhead power lines crisscross the clear sky. This candid moment captures the authentic charm, welcoming spirit, and vibrant daily life in Bali, Indonesia.","SONY","ILCE-7CM2","Sony FE 24-70mm F2.8 II","70.0 mm","70 mm","2.8","1/1250","640","Manual","Multi-segment","Auto","Off, Did not fire","2026:06:14 11:01:50","","","4672","7008","https://res.cloudinary.com/do9hrcwn1/image/upload/c_limit,f_auto,q_auto,w_1200/v1/sammapix/portfolio/bali-2026/14-bali-indonesia-local-man-scooter-street-waving-smile"
"bali-2026","bali-2026","bal26-016","Bali, Indonesia","2026-06-14","Young Balinese girl on mint green scooter, older woman, boy with bicycle on lively street in Bali, Indonesia. Traditional architecture, local life.","Daily rhythms, golden light","Warm golden light illuminates a serene Balinese street scene. A young girl on a scooter converses with an older woman, while a boy stands by a bicycle. Traditional stone walls and local guest house signs frame the candid moment. Canang Sari offerings rest on the pavement, symbolizing daily spiritual practices, capturing the authentic rhythm of life in Bali, Indonesia.","SONY","ILCE-7CM2","Sony FE 24-70mm F2.8 II","70.0 mm","70 mm","2.8","1/1600","2000","Manual","Multi-segment","Auto","Off, Did not fire","2026:06:14 11:08:30","","","4672","7008","https://res.cloudinary.com/do9hrcwn1/image/upload/c_limit,f_auto,q_auto,w_1200/v1/sammapix/portfolio/bali-2026/16-bali-street-scene-local-life-scooter-bicycle-indonesia"
"bali-2026","bali-2026","bal26-017","Bali, Indonesia","2026-06-14","Bali rice paddies at golden hour, young rice shoots reflecting sunlight in water, traditional agriculture landscape, Indonesia.","Emerald paddies reflecting golden light","Golden light bathes water-filled rice paddies in Bali, Indonesia, creating shimmering reflections of young emerald shoots. Lush green earth dividers crisscross the scene, guiding the eye across the tranquil agricultural landscape. A small, traditional hut stands subtly in the background, hinting at local life. The atmosphere is serene, emphasizing Bali's timeless beauty and cultivation.","SONY","ILCE-7CM2","Sony FE 24-70mm F2.8 II","39.0 mm","39 mm","2.8","1/1600","100","Manual","Multi-segment","Auto","Off, Did not fire","2026:06:14 11:10:06","","","2791","4186","https://res.cloudinary.com/do9hrcwn1/image/upload/c_limit,f_auto,q_auto,w_1200/v1/sammapix/portfolio/bali-2026/17-bali-rice-paddies-golden-hour-reflections-indonesia"
"bali-2026","bali-2026","bal26-018","Bali, Indonesia","2026-06-14","Balinese farmer with conical hat spraying pesticide in lush green rice paddy field, banana plants foreground, orange roof house background, Bali, Indonesia","Golden hour in green rice fields","A Balinese farmer, wearing a traditional conical hat, tends to a vibrant green rice paddy field in Indonesia. The worker carries a white sprayer, diligently moving through the shallow water. Lush banana plants and a bamboo pole frame the foreground. Soft, warm sunlight bathes the scene, highlighting the individual rice shoots. In the background, a house with a distinct orange roof and tropical trees emerge, hinting at a peaceful village setting.","SONY","ILCE-7CM2","Sony FE 24-70mm F2.8 II","70.0 mm","70 mm","2.8","1/1600","320","Manual","Multi-segment","Auto","Off, Did not fire","2026:06:14 11:11:14","","","3992","5988","https://res.cloudinary.com/do9hrcwn1/image/upload/c_limit,f_auto,q_auto,w_1200/v1/sammapix/portfolio/bali-2026/18-bali-rice-paddy-farmer-agriculture-indonesia-golden-hour"
"bali-2026","bali-2026","bal26-019","Denpasar, Indonesia","2026-06-14","Man barefoot eating on a scooter in front of Mulia Petshop, Bali. Tropical street scene with Royal Canin signs, green plants, soft light.","Daily life, a quiet street moment","A candid moment unfolds on a Bali street, capturing a local man enjoying a meal while seated casually on his scooter. He is barefoot, focused on his food, framed by the vibrant green of tropical plants. Behind him, the Mulia Petshop storefront proudly displays 'Royal Canin' branding and colorful pet toys. The soft, natural light illuminates the scene, highlighting the textures of the street pavement and the everyday rhythm of Indonesian island life. This authentic urban vignette embodies Bali's relaxed charm.","SONY","ILCE-7CM2","Sony FE 24-70mm F2.8 II","70.0 mm","70 mm","2.8","1/1600","2000","Manual","Multi-segment","Auto","Off, Did not fire","2026:06:14 11:12:48","","","4091","6136","https://res.cloudinary.com/do9hrcwn1/image/upload/c_limit,f_auto,q_auto,w_1200/v1/sammapix/portfolio/bali-2026/19-bali-street-man-eating-scooter-mulia-petshop-indonesia"
"bali-2026","bali-2026","bal26-020","Bali, Indonesia","2026-06-14","Golden hour in Bali, Indonesia, with a blurred scooter rider, vibrant street stall, Balinese offerings, fruit, and local women working.","Street market, golden hour glow","Warm golden hour light illuminates a bustling street scene in Bali, Indonesia. A person on a scooter, wearing a helmet and mask, navigates the street, while a vibrant local market stall comes alive. Women in orange and green shirts meticulously arrange fresh fruits, coconuts, and traditional Balinese offerings. Lush tropical foliage frames the busy street, contrasting with bright advertising banners and the everyday rhythm of island life.","SONY","ILCE-7CM2","Sony FE 24-70mm F2.8 II","70.0 mm","70 mm","2.8","1/1600","800","Manual","Multi-segment","Auto","Off, Did not fire","2026:06:14 11:13:12","","","4672","7008","https://res.cloudinary.com/do9hrcwn1/image/upload/c_limit,f_auto,q_auto,w_1200/v1/sammapix/portfolio/bali-2026/20-bali-street-market-golden-hour-scooter-indonesia-life"
"bali-2026","bali-2026","bal26-021","Bali, Indonesia","2026-06-14","Bali construction workers painting building on red and silver scaffolding against clear blue sky, showing daily life in Indonesia.","Island daily toil","Two local workers diligently paint a building in Bali, Indonesia, under a brilliant blue sky. Bathed in bright tropical sunlight, one man applies paint to a vibrant red wall from silver scaffolding. His colleague crouches on the platform, brush in hand, observing the progress. Strong, angular shadows from the structure create graphic patterns, capturing the essence of island construction and daily industriousness.","SONY","ILCE-7CM2","Sony FE 24-70mm F2.8 II","70.0 mm","70 mm","2.8","1/1600","125","Manual","Multi-segment","Auto","Off, Did not fire","2026:06:14 11:20:40","","","3714","5571","https://res.cloudinary.com/do9hrcwn1/image/upload/c_limit,f_auto,q_auto,w_1200/v1/sammapix/portfolio/bali-2026/21-bali-workers-painting-building-scaffolding-blue-sky"
"bali-2026","bali-2026","bal26-022","Bali, Indonesia","2026-06-14","Bali rice field with traditional tiered roof villas and corrugated shed at golden hour, lush tropical plants, Indonesia.","Golden light, green fields","Golden hour sunlight bathes a vibrant green rice field in Bali, Indonesia. Beyond the field, unique white villas with distinctive tiered, dark roofs emerge from lush tropical foliage. A rustic corrugated metal shed stands amidst the paddy, contrasting with the modern dwellings. The serene atmosphere captures Balinese life, blending nature's bounty with striking architecture under a warm, glowing sky.","SONY","ILCE-7CM2","Sony FE 24-70mm F2.8 II","70.0 mm","70 mm","2.8","1/1600","250","Manual","Multi-segment","Auto","Off, Did not fire","2026:06:14 11:21:43","","","4672","7008","https://res.cloudinary.com/do9hrcwn1/image/upload/c_limit,f_auto,q_auto,w_1200/v1/sammapix/portfolio/bali-2026/22-bali-rice-field-villas-golden-hour-indonesia"
"bali-2026","bali-2026","bal26-023","Bali, Indonesia","2026-06-14","Bali car wash, uniformed attendant spraying black BYD ATTO 3 EV, Don Julio ad, red awning, wet tiled ground, Indonesia street scene.","Daily ritual, urban refresh","A uniformed attendant diligently washes a sleek black BYD ATTO 3 electric vehicle on a wet paved surface in Bali, Indonesia. Water arcs gracefully from the hose, creating a dynamic splash across the car's body. Behind, a vibrant red awning shades a building featuring a large Don Julio liquor advertisement. Tropical foliage adds a touch of the island's natural beauty to this everyday urban scene, bathed in soft, natural light.","SONY","ILCE-7CM2","Sony FE 24-70mm F2.8 II","70.0 mm","70 mm","2.8","1/1600","1000","Manual","Multi-segment","Auto","Off, Did not fire","2026:06:14 11:23:35","","","4672","7008","https://res.cloudinary.com/do9hrcwn1/image/upload/c_limit,f_auto,q_auto,w_1200/v1/sammapix/portfolio/bali-2026/23-bali-car-wash-attendant-black-byd-atto3-street-indonesia"
"bali-2026","bali-2026","bal26-024","Bali, Indonesia","2026-06-14","Two local men on scooters at a roadside coconut and pretzel stall in Bali, Indonesia, under warm evening light.","Street stories, golden light","Warm, golden hour light bathes a bustling roadside stall in Bali, Indonesia. Fresh green coconuts are prominently displayed alongside a 'Salzbrezeln' sign, creating an intriguing cultural mix. Two local men relax on their scooters nearby, embodying the island's laid-back rhythm. Traditional Balinese offerings are subtly visible in the background, anchoring the vibrant street scene.","SONY","ILCE-7CM2","Sony FE 24-70mm F2.8 II","70.0 mm","70 mm","2.8","1/1600","1250","Manual","Multi-segment","Auto","Off, Did not fire","2026:06:14 11:25:03","","","4107","6161","https://res.cloudinary.com/do9hrcwn1/image/upload/c_limit,f_auto,q_auto,w_1200/v1/sammapix/portfolio/bali-2026/24-bali-street-scene-coconut-pretzel-stall-scooters"
"bali-2026","bali-2026","bal26-025","Bali, Indonesia","2026-06-14","Candid street scene in Bali, Indonesia with local men gathered around a food cart, one smiling directly at camera.","Street life, an inviting glance","Golden hour light bathes a candid street scene in Bali, Indonesia. A group of local men gather around a modest food cart, engaged in conversation. One man, leaning casually against a tree, offers a warm, inviting smile directly to the viewer. Authentic street life unfolds, reflecting the relaxed community spirit. Details like flip-flops and casual attire emphasize the genuine local atmosphere of this vibrant island.","SONY","ILCE-7CM2","Sony FE 24-70mm F2.8 II","70.0 mm","70 mm","2.8","1/1600","1000","Manual","Multi-segment","Auto","Off, Did not fire","2026:06:14 11:26:29","","","3762","5643","https://res.cloudinary.com/do9hrcwn1/image/upload/c_limit,f_auto,q_auto,w_1200/v1/sammapix/portfolio/bali-2026/25-bali-street-food-cart-men-candid-portrait-indonesia"
"bali-2026","bali-2026","bal26-026","Canggu, Bali, Indonesia","2026-06-14","Bali street traffic at golden hour, motorcycles and cars on a busy road, sun rays through trees, Soil Food Temple sign.","Canggu Bali · golden hour commute","Golden hour sunlight bathes a busy street in Bali, Indonesia. Motorcycles and cars navigate the urban landscape, their forms silhouetted against the warm glow. Radiant light streams through overhead trees, casting a dreamlike haze over the scene. Roadside signs, including 'Soil Food Temple' and 'MEN AGUS', indicate local businesses. This image captures the vibrant, everyday pulse of Balinese life, full of movement, warmth, and tropical light.","SONY","ILCE-7CM2","Sony FE 24-70mm F2.8 II","70.0 mm","70 mm","2.8","1/1600","500","Manual","Multi-segment","Auto","Off, Did not fire","2026:06:14 11:27:16","","","4672","7008","https://res.cloudinary.com/do9hrcwn1/image/upload/c_limit,f_auto,q_auto,w_1200/v1/sammapix/portfolio/bali-2026/26-bali-traffic-golden-hour-scooter-commute-indonesia"
"bali-2026","bali-2026","bal26-027","Bali, Indonesia","2026-06-14","Candid portrait of a man with graying hair looking from dark car window, Bali street scene, Indonesia, warm ambient light","A quiet moment in motion","A candid portrait captures a Balinese man from inside a dark vehicle, his calm gaze meeting the viewer. Soft, warm light from the late afternoon or early morning sun illuminates his face and the car's interior. Reflections on the window hint at the bustling street outside, featuring a building with a tiled roof. The atmosphere is contemplative, a fleeting moment of connection amidst Indonesian travel.","SONY","ILCE-7CM2","Sony FE 24-70mm F2.8 II","70.0 mm","70 mm","2.8","1/1600","1250","Manual","Multi-segment","Auto","Off, Did not fire","2026:06:14 11:27:27","","","4015","6023","https://res.cloudinary.com/do9hrcwn1/image/upload/c_limit,f_auto,q_auto,w_1200/v1/sammapix/portfolio/bali-2026/27-bali-indonesia-man-car-window-candid-portrait-street"
"bali-2026","bali-2026","bal26-028","Bali, Indonesia","2026-06-14","Bali street scene from scooter, grey car with DK license plate in traffic at golden hour, BarberBar sign visible.","Golden light, urban hum","Golden hour light bathes a busy Bali street scene. From a scooter's perspective, traffic slows, illuminating a grey Daihatsu Sigra's brake lights. Sunlight backlights lush trees and buildings, including a local barbershop, creating warm lens flare. Reflections gleam in the rearview mirror, capturing fleeting moments of Balinese urban life. This evocative image portrays the island's vibrant, everyday pulse.","SONY","ILCE-7CM2","Sony FE 24-70mm F2.8 II","24.0 mm","24 mm","2.8","1/1600","640","Manual","Multi-segment","Auto","Off, Did not fire","2026:06:14 11:27:49","","","4672","7008","https://res.cloudinary.com/do9hrcwn1/image/upload/c_limit,f_auto,q_auto,w_1200/v1/sammapix/portfolio/bali-2026/28-bali-street-traffic-scooter-golden-hour-indonesia"
"bali-2026","bali-2026","bal26-029","Bali, Indonesia","2026-06-14","Person with tattoos riding a weathered blue custom scooter in Bali, Indonesia. Golden hour light, street scene, local transportation.","Island ride, golden light","A person navigates a Bali, Indonesia street on a weathered, customized blue scooter. Golden light bathes the rider's tattooed arms and a small cross-body bag. Handwritten Indonesian place names, including 'Pekalongan' and 'Banjarbaru,' adorn the scooter, hinting at extensive journeys. A vibrant red air intake highlights the engine's unique character, portraying an authentic slice of local transportation and daily life.","SONY","ILCE-7CM2","Sony FE 24-70mm F2.8 II","70.0 mm","70 mm","2.8","1/1600","4000","Manual","Multi-segment","Auto","Off, Did not fire","2026:06:14 11:29:40","","","4672","7008","https://res.cloudinary.com/do9hrcwn1/image/upload/c_limit,f_auto,q_auto,w_1200/v1/sammapix/portfolio/bali-2026/29-bali-blue-custom-scooter-ride-local-life-indonesia"
"bali-2026","bali-2026","bal26-030","Denpasar, Bali, Indonesia","2026-06-14","Bali street food vendor next to colorful cart with golden light, selling Tahu Telor, Cilok, Sempol Ayam. Denpasar, Indonesia.","Denpasar · Balinese street culinary, golden light","Golden light bathes a bustling street scene in Denpasar, Bali, Indonesia. A local vendor stands by a colorful food cart, ready to serve traditional snacks. The cart, adorned with a green banner advertising ""Tahu Telor, Cilok, Sempol Ayam,"" emanates authentic culinary charm. Lush tropical foliage frames the background, adding to the vibrant atmosphere. This captures a candid moment of daily life, celebrating the island's rich culture and flavors.","SONY","ILCE-7CM2","Sony FE 24-70mm F2.8 II","70.0 mm","70 mm","2.8","1/1600","1250","Manual","Multi-segment","Auto","Off, Did not fire","2026:06:14 11:30:48","","","4672","7008","https://res.cloudinary.com/do9hrcwn1/image/upload/c_limit,f_auto,q_auto,w_1200/v1/sammapix/portfolio/bali-2026/30-bali-denpasar-street-food-vendor-golden-light"
"bali-2026","bali-2026","bal26-031","Bali, Indonesia","2026-06-14","Travel photography from Bali, Indonesia","Photo 31","A travel photograph captured in Bali, Indonesia in 2026.","SONY","ILCE-7CM2","Sony FE 24-70mm F2.8 II","70.0 mm","70 mm","2.8","1/1600","1600","Manual","Multi-segment","Auto","Off, Did not fire","2026:06:14 11:30:49","","","4672","7008","https://res.cloudinary.com/do9hrcwn1/image/upload/c_limit,f_auto,q_auto,w_1200/v1/sammapix/portfolio/bali-2026/31-bali-2026-31"
"bali-2026","bali-2026","bal26-032","Bali, Indonesia","2026-06-14","Travel photography from Bali, Indonesia","Photo 32","A travel photograph captured in Bali, Indonesia in 2026.","SONY","ILCE-7CM2","Sony FE 24-70mm F2.8 II","70.0 mm","70 mm","2.8","1/1600","1600","Manual","Multi-segment","Auto","Off, Did not fire","2026:06:14 11:33:16","","","4672","7008","https://res.cloudinary.com/do9hrcwn1/image/upload/c_limit,f_auto,q_auto,w_1200/v1/sammapix/portfolio/bali-2026/32-bali-2026-32"
"bali-2026","bali-2026","bal26-033","Bali, Indonesia","2026-06-14","Child-like mascot in blue and beige costume holds container on Bali street. Graffiti, green foliage, stone temple detail, Indonesia.","A whimsical street encounter","A whimsical child-like mascot in a beige and blue costume stands on a paved Bali street. It holds a small blue container, a backpack visible. Lush green foliage and traditional Balinese stone details with an orange cloth are on the left. A utility pole, covered in graffiti and posters, adds urban texture. Soft, diffused light creates a gentle atmosphere, blending tradition and modern street life in Indonesia.","SONY","ILCE-7CM2","Sony FE 24-70mm F2.8 II","70.0 mm","70 mm","2.8","1/1600","3200","Manual","Multi-segment","Auto","Off, Did not fire","2026:06:14 11:33:23","","","3727","5590","https://res.cloudinary.com/do9hrcwn1/image/upload/c_limit,f_auto,q_auto,w_1200/v1/sammapix/portfolio/bali-2026/33-bali-street-mascot-costume-urban-scene-indonesia"
"bali-2026","bali-2026","bal26-034","Bali, Indonesia","2026-06-14","Bali street scene at golden hour, woman adjusting helmet on red Honda Scoopy scooter at a Pertamini roadside fuel stand, Indonesia.","Golden hour, daily errands, local rhythm","Golden hour light bathes a vibrant street scene in Bali, Indonesia. A woman prepares to ride a red Honda Scoopy scooter, adjusting her black helmet. Behind her, a traditional Pertamini roadside fuel stand with its distinct manual pump structure adds local character. Warm sunlight streaks across the concrete, highlighting the bustling yet calm atmosphere of everyday life. Other locals are visible in the soft, diffused background light, contributing to the authentic street ambiance.","SONY","ILCE-7CM2","Sony FE 24-70mm F2.8 II","70.0 mm","70 mm","2.8","1/1600","640","Manual","Multi-segment","Auto","Off, Did not fire","2026:06:14 11:33:54","","","4672","7008","https://res.cloudinary.com/do9hrcwn1/image/upload/c_limit,f_auto,q_auto,w_1200/v1/sammapix/portfolio/bali-2026/34-bali-street-scooter-golden-hour-pertamini-indonesia"
"bali-2026","bali-2026","bal26-035","Bali, Indonesia","2026-06-14","Bali rural landscape at golden hour, lush rice paddies, village houses, banana leaves, and vibrant orange sunset sky.","Golden fields at sunset","Golden hour light bathes a serene Bali rural landscape. Lush green rice paddies stretch towards a village dotted with traditional houses, while banana leaves frame the foreground. Overhead, the sky glows a warm orange, creating a tranquil atmosphere. Scattered construction materials and power lines hint at evolving island life amidst the timeless agricultural scenery.","SONY","ILCE-7CM2","Sony FE 24-70mm F2.8 II","70.0 mm","70 mm","2.8","1/1600","250","Manual","Multi-segment","Auto","Off, Did not fire","2026:06:14 11:34:24","","","4672","7008","https://res.cloudinary.com/do9hrcwn1/image/upload/c_limit,f_auto,q_auto,w_1200/v1/sammapix/portfolio/bali-2026/35-bali-rice-paddies-golden-hour-rural-landscape-indonesia"
"bali-2026","bali-2026","bal26-036","Bali, Indonesia","2026-06-14","Bali street scene with three local men, one smoking, one carrying a red bag, another washing near a Pertamini gas stand and shopfronts.","Urban rhythms, candid street life","A vibrant Bali street scene captures daily life unfolding. Three local men engage in various activities near a Pertamini gasoline stand and bustling shopfronts. One man sits smoking on stacked boxes, another walks with a red bag. A third crouches, washing the ground with a blue hose, creating luminous splashes. Diffused light illuminates worn pavement and everyday interactions, showcasing authentic Indonesian street life.","SONY","ILCE-7CM2","Sony FE 24-70mm F2.8 II","70.0 mm","70 mm","2.8","1/1600","1600","Manual","Multi-segment","Auto","Off, Did not fire","2026:06:14 11:34:51","","","4672","7008","https://res.cloudinary.com/do9hrcwn1/image/upload/c_limit,f_auto,q_auto,w_1200/v1/sammapix/portfolio/bali-2026/36-bali-indonesia-street-scene-men-pertamini-gas-stand-daily-life"
"bali-2026","bali-2026","bal26-037","Bali, Indonesia","2026-06-14","Bali street scene: local man watering ground by a colorful Pertamini roadside petrol stand, showcasing daily life, Indonesia.","Daily rhythms observed","A man in a white tank top and dark shorts crouches, watering a concrete path with a blue hose. Adjacent is a vibrant blue and green Pertamini roadside petrol pump, a common sight in Indonesia. The scene is bathed in a warm, natural light, creating soft reflections on the wet ground. In the background, large water bottles and various goods hang, hinting at a bustling street vendor environment. This captures a candid moment of daily life in Bali.","SONY","ILCE-7CM2","Sony FE 24-70mm F2.8 II","70.0 mm","70 mm","2.8","1/1600","1600","Manual","Multi-segment","Auto","Off, Did not fire","2026:06:14 11:34:52","","","4672","7008","https://res.cloudinary.com/do9hrcwn1/image/upload/c_limit,f_auto,q_auto,w_1200/v1/sammapix/portfolio/bali-2026/37-bali-roadside-pertamini-petrol-station-local-life"
"bali-2026","bali-2026","bal26-038","Bali, Indonesia","2026-06-14","Golden hour in Bali, Indonesia. Local street food stall, vendors preparing meals, a delivery rider on scooter waits. Warm light.","Golden hour street food bustle","Golden light bathes a bustling street food stall in Bali, Indonesia. A vendor prepares dishes while a delivery rider on a scooter waits patiently. Warm hues illuminate the vibrant scene, highlighting everyday local life. The low angle sun creates long shadows and a luminous atmosphere, capturing the essence of an evening mealtime on the island.","SONY","ILCE-7CM2","Sony FE 24-70mm F2.8 II","70.0 mm","70 mm","2.8","1/1600","640","Manual","Multi-segment","Auto","Off, Did not fire","2026:06:14 11:35:08","","","4672","7008","https://res.cloudinary.com/do9hrcwn1/image/upload/c_limit,f_auto,q_auto,w_1200/v1/sammapix/portfolio/bali-2026/38-bali-street-food-stall-sunset-scooter-indonesia"
"bali-2026","bali-2026","bal26-039","Bali, Indonesia","2026-06-14","Bali street scene at golden hour with local vendor at market stall selling poultry, two scooters parked on a dusty roadside in Indonesia.","Street market golden glow","Golden hour light bathes a vibrant street scene in Bali, Indonesia. A local vendor stands at a makeshift market stall, preparing goods, displaying raw poultry. Dramatic shadows stretch across the dusty road where two scooters are parked, one with a rider. Corrugated metal structures and tangled overhead wires frame this authentic glimpse into Balinese daily life, capturing the island's warm, bustling atmosphere.","SONY","ILCE-7CM2","Sony FE 24-70mm F2.8 II","70.0 mm","70 mm","2.8","1/1600","640","Manual","Multi-segment","Auto","Off, Did not fire","2026:06:14 11:35:11","","","4672","7008","https://res.cloudinary.com/do9hrcwn1/image/upload/c_limit,f_auto,q_auto,w_1200/v1/sammapix/portfolio/bali-2026/39-bali-street-market-vendor-scooter-golden-hour-indonesia"
"bali-2026","bali-2026","bal26-040","Bali, Indonesia","2026-06-14","Two Balinese women in pink kebaya and purple sarongs with sashes stand near a temple adorned with poleng fabric in Bali, Indonesia.","Timeless Balinese spiritual grace","Two Balinese women stand gracefully, adorned in beautiful pink lace kebayas and vibrant purple sarongs with bright pink sashes. Traditional Balinese architecture, featuring dark carved stone and sacred poleng cloth, forms the backdrop. Lush tropical greenery frames the scene, illuminated by the soft, warm glow of late afternoon light. Their serene presence captures the authentic spirit and cultural richness of Bali, Indonesia, a truly captivating island.","SONY","ILCE-7CM2","Sony FE 24-70mm F2.8 II","70.0 mm","70 mm","2.8","1/1600","3200","Manual","Multi-segment","Auto","Off, Did not fire","2026:06:14 11:36:52","","","3600","5400","https://res.cloudinary.com/do9hrcwn1/image/upload/c_limit,f_auto,q_auto,w_1200/v1/sammapix/portfolio/bali-2026/40-balinese-women-traditional-dress-temple-bali-indonesia"
"bali-2026","bali-2026","bal26-041","Bali, Indonesia","2026-06-14","Balinese woman and young child on black scooter, surrounded by vibrant palm leaf offerings in a lively market street, Bali, Indonesia.","Generational ride, market life's essence","A Balinese woman gently holds a young child on a black scooter, the child's gaze engaging the viewer directly. They are paused amidst a vibrant market scene in Bali, Indonesia. Elaborate traditional palm leaf offerings, some adorned with pink flowers, surround them. Bundles of incense sticks are visible on shelves in the background. An LED light illuminates the bustling, authentic street life.","SONY","ILCE-7CM2","Sony FE 24-70mm F2.8 II","70.0 mm","70 mm","2.8","1/1600","3200","Manual","Multi-segment","Auto","Off, Did not fire","2026:06:14 11:37:18","","","3619","5429","https://res.cloudinary.com/do9hrcwn1/image/upload/c_limit,f_auto,q_auto,w_1200/v1/sammapix/portfolio/bali-2026/41-bali-woman-child-scooter-market-offerings-indonesia"
"bali-2026","bali-2026","bal26-042","Bali, Indonesia","2026-06-14","Candid street portrait of a Balinese woman and young girl on a black Honda scooter, market background, Bali, Indonesia.","Island journey, shared gaze","A Balinese woman and young girl share a moment on a Honda scooter, a common sight across the island. The candid scene unfolds against a vibrant, blurred market backdrop, hinting at daily life. Soft daylight illuminates their faces, revealing an intimate connection and the child's direct gaze. Details like the scooter's design and market signs ground this authentic street scene in Bali, Indonesia. It captures the spirit of family and mobility.","SONY","ILCE-7CM2","Sony FE 24-70mm F2.8 II","70.0 mm","70 mm","2.8","1/1600","4000","Manual","Multi-segment","Auto","Off, Did not fire","2026:06:14 11:37:18","","","4672","7008","https://res.cloudinary.com/do9hrcwn1/image/upload/c_limit,f_auto,q_auto,w_1200/v1/sammapix/portfolio/bali-2026/42-bali-scooter-mother-daughter-portrait-indonesia-street"
"bali-2026","bali-2026","bal26-043","Bali, Indonesia","2026-06-14","Balinese man on red stool adjusts thatched roof of roadside stall in Bali. Young girl walks past checkered counter. Golden light, utility wires.","Morning preparations on a bustling street","Golden hour light bathes a bustling Bali street scene. A man, standing on a red stool, meticulously adjusts the straw roof of his roadside stall. A young girl, out of focus, walks by its checkered counter, holding a small object. Tangled utility wires crisscross above, while hints of a golden temple crown peak from behind, capturing the vibrant local life.","SONY","ILCE-7CM2","Sony FE 24-70mm F2.8 II","70.0 mm","70 mm","2.8","1/1600","1600","Manual","Multi-segment","Auto","Off, Did not fire","2026:06:14 11:38:27","","","4672","7008","https://res.cloudinary.com/do9hrcwn1/image/upload/c_limit,f_auto,q_auto,w_1200/v1/sammapix/portfolio/bali-2026/43-bali-street-vendor-stall-preparation-golden-hour-indonesia"
"bali-2026","bali-2026","bal26-044","Bali, Indonesia","2026-06-14","Bali rice paddies at golden hour with traditional homes, lush palms, and reflections in water, viewed from scooter, Indonesia.","Golden light on emerald paddies","Golden hour illuminates serene Balinese rice paddies, painting the water's surface with warm reflections. Young, vibrant green rice shoots emerge from the flooded fields, stretching towards the horizon. Traditional houses with terracotta roofs nestle among lush tropical foliage, including banana trees and palms. Utility poles stand against the soft, gradient sky, creating a peaceful, authentic Indonesian landscape. A quiet rural scene unfolds.","SONY","ILCE-7CM2","Sony FE 24-70mm F2.8 II","70.0 mm","70 mm","2.8","1/1600","500","Manual","Multi-segment","Auto","Off, Did not fire","2026:06:14 11:40:46","","","4672","7008","https://res.cloudinary.com/do9hrcwn1/image/upload/c_limit,f_auto,q_auto,w_1200/v1/sammapix/portfolio/bali-2026/44-bali-rice-paddies-golden-hour-village-landscape-indonesia"
"bali-2026","bali-2026","bal26-045","Bali, Indonesia","2026-06-14","Bali street vendor peeling fresh palm fruit under a colorful umbrella. Piles of tropical fruit, white fence, golden hour light, Indonesia.","Tropical bounty, golden light","A Bali street vendor sits, intently peeling tropical fruit under a vibrant, multi-colored umbrella. Piles of dark, round fruits, possibly palm fruit, await sale. Golden hour sunlight bathes the scene, casting warm glows on the white picket fence backdrop. Bottles of water and packaged snacks rest on a rustic wooden stand, showcasing a slice of authentic daily life in Bali, Indonesia.","SONY","ILCE-7CM2","Sony FE 24-70mm F2.8 II","70.0 mm","70 mm","2.8","1/1600","1000","Manual","Multi-segment","Auto","Off, Did not fire","2026:06:14 11:41:37","","","4672","7008","https://res.cloudinary.com/do9hrcwn1/image/upload/c_limit,f_auto,q_auto,w_1200/v1/sammapix/portfolio/bali-2026/45-bali-street-vendor-peeling-palm-fruit-golden-hour-indonesia"
"bali-2026","bali-2026","bal26-046","Bali, Indonesia","2026-06-14","Balinese local carnival, golden hour, colorful carousel, swing ride, people, parked scooters, intricate decorations, warm light.","Festive lights, golden hour magic","Golden hour light bathes a vibrant local carnival scene in Bali, Indonesia. Intricate, colorful decorations adorn the carousel and swing rides, illuminated by early evening lights. People gather, enjoying the festive atmosphere. Several scooters, parked on the dry earth in the foreground, indicate local transport, reflecting everyday island life and community gatherings.","SONY","ILCE-7CM2","Sony FE 24-70mm F2.8 II","70.0 mm","70 mm","2.8","1/1600","500","Manual","Multi-segment","Auto","Off, Did not fire","2026:06:14 11:41:51","","","1866","2799","https://res.cloudinary.com/do9hrcwn1/image/upload/c_limit,f_auto,q_auto,w_1200/v1/sammapix/portfolio/bali-2026/46-bali-local-carnival-golden-hour-scooters-indonesia"
"bali-2026","bali-2026","bal26-047","Bali, Indonesia","2026-06-14","Green Sate Ayam Lontong Madura street food cart in a Bali village, Indonesia. Vendor prepares food, traditional architecture, yellow penjor.","Vibrant cart, Madura sate","A vibrant green Sate Ayam Lontong Madura street food cart stands on a sunlit Bali village path. A vendor, partially visible, prepares food, embodying daily Indonesian culinary tradition. Warm, soft light highlights intricate Balinese traditional architecture and a festive yellow penjor in the background. This scene captures the authentic, bustling atmosphere of local street life, inviting a taste of Madura sate.","SONY","ILCE-7CM2","Sony FE 24-70mm F2.8 II","70.0 mm","70 mm","2.8","1/1600","1600","Manual","Multi-segment","Auto","Off, Did not fire","2026:06:14 11:42:30","","","4672","7008","https://res.cloudinary.com/do9hrcwn1/image/upload/c_limit,f_auto,q_auto,w_1200/v1/sammapix/portfolio/bali-2026/47-bali-indonesia-sate-ayam-lontong-madura-street-cart-vendor"
"bali-2026","bali-2026","bal26-048","Bali, Indonesia","2026-06-14","Older Balinese woman in teal shirt standing in rustic doorway, simple wooden stall with bottles, lush tropical plants. Bali, Indonesia.","Weathered gaze, quiet dignity","An older Balinese woman stands framed in a rustic wooden doorway, her gaze direct and expressive. She wears a vibrant teal shirt, contrasting with her weathered features. In the foreground, a simple, homemade wooden stall with a corrugated roof displays two dark bottles and a pink bowl, suggesting daily commerce or household items. Lush green tropical foliage softens the scene, highlighting the authentic, unhurried rhythm of local life in Bali, Indonesia.","SONY","ILCE-7CM2","Sony FE 24-70mm F2.8 II","70.0 mm","70 mm","2.8","1/1600","6400","Manual","Multi-segment","Auto","Off, Did not fire","2026:06:14 11:43:16","","","4672","7008","https://res.cloudinary.com/do9hrcwn1/image/upload/c_limit,f_auto,q_auto,w_1200/v1/sammapix/portfolio/bali-2026/48-balinese-woman-rustic-doorway-daily-life-bali-indonesia"
"bali-2026","bali-2026","bal26-049","Bali, Indonesia","2026-06-14","Three Balinese men, one smoking, two with scooters, near a small roadside stall with bamboo blinds and string lights in Bali, Indonesia.","Twilight conversations, daily rhythms","A vibrant Balinese street scene unfolds at dusk. Three men engage in casual interactions near a roadside stall, illuminated by the warm glow of string lights. One man stands with a cigarette, observing. Another sits on his scooter, ready for the evening's errands. Bamboo blinds and white baskets with local produce add texture, capturing the authentic rhythm of island life in Indonesia.","SONY","ILCE-7CM2","Sony FE 24-70mm F2.8 II","70.0 mm","70 mm","2.8","1/1600","4000","Manual","Multi-segment","Auto","Off, Did not fire","2026:06:14 11:43:29","","","4672","7008","https://res.cloudinary.com/do9hrcwn1/image/upload/c_limit,f_auto,q_auto,w_1200/v1/sammapix/portfolio/bali-2026/49-bali-street-life-men-scooters-evening-indonesia"
"bali-2026","bali-2026","bal26-050","Bali, Indonesia","2026-06-14","Bali street scene, local man squatting, smoking, using smartphone, urban setting, cracked concrete, faded shop sign, Indonesia.","Urban moment, digital pause","A local man squats casually on a cracked concrete sidewalk in Bali, Indonesia. He exhales a plume of smoke, eyes fixed on his smartphone, engrossed in a digital moment amidst the urban environment. Faded shop signs and scooters blur in the background, hinting at the bustling daily life of the island. The scene captures an authentic slice of everyday existence, bathed in soft, diffused light, highlighting the quiet contemplation against a backdrop of muted tones and street textures.","SONY","ILCE-7CM2","Sony FE 24-70mm F2.8 II","70.0 mm","70 mm","2.8","1/1600","2500","Manual","Multi-segment","Auto","Off, Did not fire","2026:06:14 11:43:42","","","3458","5187","https://res.cloudinary.com/do9hrcwn1/image/upload/c_limit,f_auto,q_auto,w_1200/v1/sammapix/portfolio/bali-2026/50-bali-local-man-smoking-phone-street-scene-indonesia"
"bali-2026","bali-2026","bal26-051","Bali, Indonesia","2026-06-14","Three Balinese boys interact near a vibrant roadside Pertamini gasoline stall in Bali, Indonesia. Golden hour light illuminates daily village life.","Golden light, youthful spirits, everyday joy","Golden hour light bathes a Balinese roadside scene, highlighting the vibrant energy of local life. Three young boys gather near a colorful Pertamini gasoline stall and a small convenience shop, its shelves stocked with snacks. Overhead, dense power lines crisscross a clear sky, while a traditional tiled roof adds authentic character. The warm light creates a vivid portrait of daily Indonesian village rhythms, capturing spontaneous interactions and everyday charm.","SONY","ILCE-7CM2","Sony FE 24-70mm F2.8 II","70.0 mm","70 mm","2.8","1/1600","1600","Manual","Multi-segment","Auto","Off, Did not fire","2026:06:14 11:44:11","","","3927","5891","https://res.cloudinary.com/do9hrcwn1/image/upload/c_limit,f_auto,q_auto,w_1200/v1/sammapix/portfolio/bali-2026/51-bali-indonesia-boys-playing-roadside-pertamini-golden-hour"
"bali-2026","bali-2026","bal26-052","Bali, Indonesia","2026-06-14","Bali rice paddy farmer planting, golden hour light reflecting in muddy water. Traditional agriculture, framed by branches.","Golden hour toil","Golden hour bathes a Balinese rice paddy in warm light. A farmer, wearing a traditional conical hat, works diligently in the flooded fields, planting rice by hand. Reflections shimmer across the muddy water, capturing the soft, fading sun. Lush tropical trees line the horizon, while a traditional house with a red-tiled roof adds a cultural touch to the serene agricultural landscape. Foreground branches softly frame this timeless scene.","SONY","ILCE-7CM2","Sony FE 24-70mm F2.8 II","70.0 mm","70 mm","2.8","1/1600","800","Manual","Multi-segment","Auto","Off, Did not fire","2026:06:14 11:44:25","","","4672","7008","https://res.cloudinary.com/do9hrcwn1/image/upload/c_limit,f_auto,q_auto,w_1200/v1/sammapix/portfolio/bali-2026/52-bali-rice-paddy-farmer-sunset-agriculture-indonesia"
"bali-2026","bali-2026","bal26-053","Bali, Indonesia","2026-06-14","Balinese farmer in traditional conical hat works flooded rice paddy at golden hour, framed by foreground poles, village houses background.","Rice field's golden glow","Golden hour light bathes a Balinese farmer tending a flooded rice paddy. Wearing a traditional conical hat, the individual works diligently, stirring the water. Lush green foreground foliage and dark vertical elements frame the scene. In the soft background, village houses with corrugated roofs and distant trees hint at rural life. The warm, serene atmosphere captures an authentic moment of daily labor under the gentle Balinese sky.","SONY","ILCE-7CM2","Sony FE 24-70mm F2.8 II","70.0 mm","70 mm","2.8","1/1600","1000","Manual","Multi-segment","Auto","Off, Did not fire","2026:06:14 11:44:27","","","4672","7008","https://res.cloudinary.com/do9hrcwn1/image/upload/c_limit,f_auto,q_auto,w_1200/v1/sammapix/portfolio/bali-2026/53-balinese-farmer-rice-paddy-golden-hour-bali-indonesia"
"bali-2026","bali-2026","bal26-054","Bali, Indonesia","2026-06-14","Bali street food vendor sells Cilok Ayam from blue motorcycle stall with pink umbrella beside green rice paddy field at dusk.","Cilok ayam, evening roadside charm","A vibrant blue motorcycle, converted into a street food stall, stands shaded by a bright pink umbrella beside a lush green rice paddy field in Bali. The vendor, engrossed with a phone, prepares ""Cilok Ayam"", offering authentic local flavors. Soft, warm light from the setting or rising sun bathes the scene, highlighting the simple charm of roadside commerce. This captures an everyday moment in Indonesian life.","SONY","ILCE-7CM2","Sony FE 24-70mm F2.8 II","70.0 mm","70 mm","2.8","1/1600","1000","Manual","Multi-segment","Auto","Off, Did not fire","2026:06:14 11:45:00","","","4672","7008","https://res.cloudinary.com/do9hrcwn1/image/upload/c_limit,f_auto,q_auto,w_1200/v1/sammapix/portfolio/bali-2026/54-bali-cilok-ayam-street-food-vendor-rice-field-dusk"
"bali-2026","bali-2026","bal26-055","Bali, Indonesia","2026-06-14","Bali street market scene with male vendor, fresh green bananas, produce stalls, and a grey Honda Scoopy scooter parked on pavement.","Vibrant market, daily rhythms","Morning light filters through a bustling Indonesian street market, revealing a male vendor diligently preparing fresh produce. Green and ripening bananas hang, filling baskets on display. A stylish grey Honda Scoopy scooter, parked curbside, anchors the dynamic foreground. Customers mingle, navigating the vibrant stalls under bamboo awnings. This candid scene captures the authentic, everyday commerce and rich cultural pulse of Balinese life.","SONY","ILCE-7CM2","Sony FE 24-70mm F2.8 II","70.0 mm","70 mm","2.8","1/1600","1600","Manual","Multi-segment","Auto","Off, Did not fire","2026:06:14 11:45:20","","","4672","7008","https://res.cloudinary.com/do9hrcwn1/image/upload/c_limit,f_auto,q_auto,w_1200/v1/sammapix/portfolio/bali-2026/55-bali-street-market-vendor-scooter-fresh-produce-indonesia"
"bali-2026","bali-2026","bal26-056","Bali, Indonesia","2026-06-14","Bali street scene: three local men gather near parked motorcycles and closed shops under a corrugated roof, advertising kretek cigarettes.","Quiet street camaraderie","Three local men gather street side in Bali, their motorcycles parked nearby. They sit or stand casually, engaging in quiet conversation or contemplation. Diffused light illuminates the scene, highlighting the textures of corrugated metal shop fronts and 'Armour Mint' kretek cigarette banners. This authentic tableau captures a genuine moment of everyday life and local community along a bustling Indonesian road.","SONY","ILCE-7CM2","Sony FE 24-70mm F2.8 II","70.0 mm","70 mm","2.8","1/1600","3200","Manual","Multi-segment","Auto","Off, Did not fire","2026:06:14 11:46:05","","","3763","5644","https://res.cloudinary.com/do9hrcwn1/image/upload/c_limit,f_auto,q_auto,w_1200/v1/sammapix/portfolio/bali-2026/56-bali-street-life-men-motorcycles-indonesia-urban-scene"
"bali-2026","bali-2026","bal26-057","Bali, Indonesia","2026-06-14","Man cleaning roadside stall in Bali at golden hour, surrounded by birdcages, tropical plants, and worn wooden furniture.","Quiet moments at golden hour","Golden light bathes a man attending to a humble outdoor space in Bali. He stands amidst weathered wooden chairs and tables, illuminated by the warm, soft glow of late afternoon sun. Hanging birdcages add a touch of local life to the scene. Lush tropical foliage frames the background, hinting at the island's vibrant natural beauty. The atmosphere is quiet, capturing an authentic, everyday moment.","SONY","ILCE-7CM2","Sony FE 24-70mm F2.8 II","70.0 mm","70 mm","2.8","1/1600","2000","Manual","Multi-segment","Auto","Off, Did not fire","2026:06:14 11:46:09","","","4672","7008","https://res.cloudinary.com/do9hrcwn1/image/upload/c_limit,f_auto,q_auto,w_1200/v1/sammapix/portfolio/bali-2026/57-bali-man-roadside-stall-golden-hour-indonesia"
"bali-2026","bali-2026","bal26-058","Bali, Indonesia","2026-06-14","Bali street vendor transports a ""Bakso Barokah"" food cart on a motorcycle, capturing daily island life in Indonesia.","Nomadic flavors of the street","A vibrant scene unfolds on a Bali street, featuring a local vendor expertly navigating his motorcycle. He carries a ""Bakso Barokah"" food cart, a common sight for delicious Indonesian meatball soup. The soft, natural light illuminates tropical foliage and distant buildings, painting a picture of daily island life. This candid moment captures the essence of street commerce, a blend of tradition and movement on the bustling roads.","SONY","ILCE-7CM2","Sony FE 24-70mm F2.8 II","70.0 mm","70 mm","2.8","1/1600","4000","Manual","Multi-segment","Auto","Off, Did not fire","2026:06:14 11:52:05","","","2563","3844","https://res.cloudinary.com/do9hrcwn1/image/upload/c_limit,f_auto,q_auto,w_1200/v1/sammapix/portfolio/bali-2026/58-bali-bakso-food-cart-motorcycle-vendor-street-scene"
"bali-2026","bali-2026","bal26-059","Bali, Indonesia","2026-06-14","Woman and child walk past an Indomaret convenience store facade with bright sale banners in Bali, Indonesia.","Urban candid, daily stroll","A candid moment unfolds outside an Indomaret convenience store in Bali, Indonesia. A woman, dressed simply, stands near a small child in a striped dress. Bright interior lights illuminate the store’s glass facade, creating reflections. Prominent red, blue, and yellow stripes adorn the building, while sale banners with Indonesian text, ""HEMAT"" and ""GRATIS PARKIR,"" are visible above. Yellow parking stoppers line the dark paved foreground, grounding this authentic urban scene.","SONY","ILCE-7CM2","Sony FE 24-70mm F2.8 II","70.0 mm","70 mm","2.8","1/1600","1600","Manual","Multi-segment","Auto","Off, Did not fire","2026:06:14 11:53:29","","","3246","4869","https://res.cloudinary.com/do9hrcwn1/image/upload/c_limit,f_auto,q_auto,w_1200/v1/sammapix/portfolio/bali-2026/59-bali-indomaret-convenience-store-woman-child-street"
"bali-2026","bali-2026","bal26-060","Bali, Indonesia","2026-06-14","Balinese man setting up elaborate orange traditional offering structure with palm leaves, ornate temple wall background, Bali, Indonesia.","A sacred adornment readied","A shirtless Balinese man carefully positions a vibrant orange pole, adorned with an elaborate offering structure, featuring woven elements, colorful fabrics, and green palm fronds. Behind him, a richly carved dark stone temple wall displays traditional Balinese architecture and intricate roof details with red tiles. Lush green foliage frames the scene, capturing a quiet moment of cultural preparation under soft, diffused light, invoking the island's spiritual essence.","SONY","ILCE-7CM2","Sony FE 24-70mm F2.8 II","70.0 mm","70 mm","2.8","1/1600","6400","Manual","Multi-segment","Auto","Off, Did not fire","2026:06:14 11:55:05","","","4672","7008","https://res.cloudinary.com/do9hrcwn1/image/upload/c_limit,f_auto,q_auto,w_1200/v1/sammapix/portfolio/bali-2026/60-balinese-man-setting-offering-temple-bali-indonesia"
"bali-2026","bali-2026","bal26-061","Bali, Indonesia","2026-06-16","Balinese boy in traditional white shirt, patterned yellow sarong, and headwear, arms outstretched on a sunny street in Bali.","Youthful spirit, outstretched grace","A young Balinese boy stands gracefully in traditional ceremonial attire, a crisp white shirt, patterned yellow sarong, and a white udeng head covering. His arms are outstretched, mirroring a dance or welcoming gesture, eyes looking right. Dappled sunlight illuminates his face and the vibrant fabric. The background blurs softly, hinting at an outdoor, perhaps village, setting in Bali, Indonesia, capturing a moment of cultural beauty and youthful spirit.","SONY","ILCE-7CM2","Sony FE 24-70mm F2.8 II","70.0 mm","70 mm","2.8","1/1600","400","Manual","Multi-segment","Auto","Off, Did not fire","2026:06:17 03:33:32","","","4672","7008","https://res.cloudinary.com/do9hrcwn1/image/upload/c_limit,f_auto,q_auto,w_1200/v1/sammapix/portfolio/bali-2026/61-balinese-boy-traditional-dress-bali-indonesia-2026"
"bali-2026","bali-2026","bal26-062","Bali, Indonesia","2026-06-16","Traditional Balinese man & woman kneeling, presenting canang sari offerings at an outdoor stone shrine with poleng fabric, Bali, Indonesia.","Everyday devotion, ancient traditions","Two Balinese individuals kneel reverently on asphalt, performing a traditional ceremony. They present vibrant canang sari offerings, flowers, and fruit at an ancient stone shrine, draped with iconic black and white poleng fabric. Soft daylight illuminates the scene, highlighting the intricate details of their traditional attire and the sacred ritual. Lush green foliage frames this intimate moment of devotion, embodying Bali's spiritual essence.","SONY","ILCE-7CM2","Sony FE 24-70mm F2.8 II","70.0 mm","70 mm","2.8","1/1600","1000","Manual","Multi-segment","Auto","Off, Did not fire","2026:06:17 03:36:31","","","4041","6062","https://res.cloudinary.com/do9hrcwn1/image/upload/c_limit,f_auto,q_auto,w_1200/v1/sammapix/portfolio/bali-2026/62-balinese-offering-ceremony-shrine-bali-indonesia"
"bali-2026","bali-2026","bal26-063","Bali, Indonesia","2026-06-16","Two Balinese men in traditional attire, shaded by an umbrella, perform a street prayer with vibrant offerings in Bali, Indonesia.","Daily devotion, sunlit street offerings","Two Balinese men sit on the ground, dressed in white traditional attire, observing a moment of prayer. One holds a black umbrella, casting a necessary shadow, while the other holds hands in reverence. Numerous colorful offerings, including flowers and incense in woven baskets, are carefully arranged before them. Bright tropical sunlight illuminates the scene, highlighting cultural devotion on a vibrant street in Bali, Indonesia.","SONY","ILCE-7CM2","Sony FE 24-70mm F2.8 II","70.0 mm","70 mm","2.8","1/1600","125","Manual","Multi-segment","Auto","Off, Did not fire","2026:06:17 03:37:13","","","3341","5011","https://res.cloudinary.com/do9hrcwn1/image/upload/c_limit,f_auto,q_auto,w_1200/v1/sammapix/portfolio/bali-2026/63-balinese-men-prayer-offerings-street-bali-indonesia"
"bali-2026","bali-2026","bal26-064","Bali, Indonesia","2026-06-16","Bali village road, Indonesia, lined with traditional Balinese Penjor decorations, lush tropical palms, sunny day.","Sun-drenched road, ceremonial blessings","A picturesque, winding road in Bali, Indonesia, cuts through a vibrant tropical landscape. Traditional Balinese Penjor decorations, crafted from bamboo and natural materials, gracefully arch over the street, adding cultural charm. Lush palm trees and dense foliage create a verdant tunnel, casting long, sharp shadows across the sun-drenched asphalt. The clear, bright sky above highlights the serene, spiritual atmosphere of this unique island setting.","SONY","ILCE-7CM2","Sony FE 24-70mm F2.8 II","70.0 mm","70 mm","2.8","1/1600","125","Manual","Multi-segment","Auto","Off, Did not fire","2026:06:17 03:37:46","","","4672","7008","https://res.cloudinary.com/do9hrcwn1/image/upload/c_limit,f_auto,q_auto,w_1200/v1/sammapix/portfolio/bali-2026/64-bali-village-road-penjor-decorations-indonesia"
"bali-2026","bali-2026","bal26-065","Bali, Indonesia","2026-06-16","Balinese street food cart 'Tipat Tahu' with vendor preparing snacks on a sunny day in Bali, Indonesia.","Daily flavors, sunshine, tradition","A vibrant green and white street food cart stands on an asphalt road in Bali, Indonesia, bathed in bright, natural light. A vendor in a red shirt prepares Tipat Tahu, a local specialty. Sunshine casts sharp shadows, highlighting the lush foliage and a traditional Balinese building roof in the background. This scene captures an authentic moment of daily life, rich with local flavor and cultural essence.","SONY","ILCE-7CM2","Sony FE 24-70mm F2.8 II","70.0 mm","70 mm","2.8","1/1600","160","Manual","Multi-segment","Auto","Off, Did not fire","2026:06:17 03:39:41","","","4183","6275","https://res.cloudinary.com/do9hrcwn1/image/upload/c_limit,f_auto,q_auto,w_1200/v1/sammapix/portfolio/bali-2026/65-bali-street-food-cart-vendor-tipat-tahu-indonesia"
"bali-2026","bali-2026","bal26-066","Bali, Indonesia","2026-06-16","Balinese man in white udeng head covering, shirt, and patterned batik sarong walks on a sunny Bali street with offerings.","Traditional attire, sunlit cultural walk","A young Balinese man in traditional ceremonial attire, a crisp white udeng and intricately patterned batik sarong, walks gracefully on a sun-drenched street. Strong sunlight highlights his focused expression and the rich textures of his clothing. Small Balinese offerings, canang sari, are visible on the ground, hinting at daily rituals and the island's vibrant spiritual heritage. Potted palms and dark structures form a soft background.","SONY","ILCE-7CM2","Sony FE 24-70mm F2.8 II","70.0 mm","70 mm","2.8","1/1600","160","Manual","Multi-segment","Auto","Off, Did not fire","2026:06:17 03:39:55","","","3395","5093","https://res.cloudinary.com/do9hrcwn1/image/upload/c_limit,f_auto,q_auto,w_1200/v1/sammapix/portfolio/bali-2026/66-balinese-man-traditional-udeng-batik-sarong-bali-street"
"bali-2026","bali-2026","bal26-067","Bali, Indonesia","2026-06-16","Balinese woman in kebaya making street offering (Canang Sari) in Bali, Indonesia. Incense smoke, colorful offerings on asphalt.","Soulful daily devotion","A Balinese woman performs a sacred daily offering on a sunlit street. Dressed in a traditional white kebaya and patterned sarong, she kneels gracefully. Incense smoke rises from a pink basket while colorful Canang Sari offerings, featuring flowers and leaves, are carefully arranged on the asphalt. This scene captures the quiet devotion and rich cultural traditions woven into everyday life in Bali, Indonesia.","SONY","ILCE-7CM2","Sony FE 24-70mm F2.8 II","70.0 mm","70 mm","2.8","1/1600","200","Manual","Multi-segment","Auto","Off, Did not fire","2026:06:17 03:43:31","","","2381","3572","https://res.cloudinary.com/do9hrcwn1/image/upload/c_limit,f_auto,q_auto,w_1200/v1/sammapix/portfolio/bali-2026/67-balinese-woman-street-offering-ritual-bali-indonesia"
"bali-2026","bali-2026","bal26-068","Bali, Indonesia","2026-06-16","Two Balinese men conversing in a pickup truck bed loaded with wooden planks, under a bright blue sky, street scene, Bali.","Street life in sun-drenched moments","Two men engage in a casual conversation within the bed of a pickup truck, loaded with wooden planks, under a brilliant Bali sky. Strong midday sunlight highlights their faces and the worn textures of the vehicle. A vibrant blue and yellow banner flutters in the background, adding a splash of color to this authentic street scene. Power lines crisscross overhead, framing a slice of local life, capturing a moment of everyday activity on the island.","SONY","ILCE-7CM2","Sony FE 24-70mm F2.8 II","70.0 mm","70 mm","2.8","1/1600","125","Manual","Multi-segment","Auto","Off, Did not fire","2026:06:17 03:44:42","","","4672","7008","https://res.cloudinary.com/do9hrcwn1/image/upload/c_limit,f_auto,q_auto,w_1200/v1/sammapix/portfolio/bali-2026/68-bali-local-men-truck-conversation-street-life-indonesia"
"bali-2026","bali-2026","bal26-069","Bali, Indonesia","2026-06-16","Young Indonesian man counting rupiah outside a Bali street shop with stacked snacks, water bottles, and a parked scooter displaying a 'DK' license plate.","Counting rupiah, street corner commerce","A young Indonesian man stands intently counting a stack of rupiah banknotes outside a vibrant street shop in Bali. Behind him, colorful packaged snacks hang, with large water bottles stacked below. A parked scooter, featuring a 'DK' Bali license plate, adds to the authentic street scene. The muted light emphasizes the casual, everyday transaction, capturing a glimpse into local commerce and daily life.","SONY","ILCE-7CM2","Sony FE 24-70mm F2.8 II","70.0 mm","70 mm","2.8","1/1600","1000","Manual","Multi-segment","Auto","Off, Did not fire","2026:06:17 03:44:48","","","4352","6528","https://res.cloudinary.com/do9hrcwn1/image/upload/c_limit,f_auto,q_auto,w_1200/v1/sammapix/portfolio/bali-2026/69-bali-street-shop-man-counting-rupiah-indonesia"
"bali-2026","bali-2026","bal26-070","Bali, Indonesia","2026-06-16","Balinese woman in traditional attire performs a ceremony with smoking offerings, holding a woven basket on a gravel path in Bali, Indonesia.","Daily devotion, sacred smoke rises","A Balinese woman, adorned in a vibrant floral top and traditional pink sarong, performs a sacred offering ritual. She stands on a gravel path, meticulously fanning fragrant incense smoke with a small fan, holding a woven canang sari basket. Wisps of white smoke rise from small offerings on the ground, creating a mystical atmosphere. The golden light illuminates her serene expression and the detailed patterns of her clothing, contrasting with the subtle industrial backdrop of Bali, Indonesia.","SONY","ILCE-7CM2","Sony FE 24-70mm F2.8 II","70.0 mm","70 mm","2.8","1/1600","320","Manual","Multi-segment","Auto","Off, Did not fire","2026:06:17 03:46:31","","","2854","4281","https://res.cloudinary.com/do9hrcwn1/image/upload/c_limit,f_auto,q_auto,w_1200/v1/sammapix/portfolio/bali-2026/70-balinese-woman-offering-ceremony-traditional-bali-indonesia"
"bali-2026","bali-2026","bal26-071","Bali, Indonesia","2026-06-16","Bali street market scene with stacked bird cages full of small speckled birds, ornate bamboo cages hanging, and parked motorbike. Indonesia.","Bali street · caged melodies","Morning sun illuminates a vibrant Bali street shop, showcasing rows of intricately woven bamboo and sturdy metal bird cages. Numerous small, speckled birds fill stacked cages on the bustling pavement. Ornate, colorful bamboo cages, some wrapped in plastic, hang above, awaiting buyers. A classic motorbike is parked nearby, an authentic detail of this Indonesian market scene. The traditional red tiled roof completes the local aesthetic, bathed in tropical light.","SONY","ILCE-7CM2","Sony FE 24-70mm F2.8 II","70.0 mm","70 mm","2.8","1/1600","160","Manual","Multi-segment","Auto","Off, Did not fire","2026:06:17 03:48:41","","","4420","6630","https://res.cloudinary.com/do9hrcwn1/image/upload/c_limit,f_auto,q_auto,w_1200/v1/sammapix/portfolio/bali-2026/71-bali-bird-market-street-scene-indonesia-traditional-shop"
"bali-2026","bali-2026","bal26-072","Bali, Indonesia","2026-06-16","Travel photography from Bali, Indonesia","Photo 72","A travel photograph captured in Bali, Indonesia in 2026.","SONY","ILCE-7CM2","Sony FE 24-70mm F2.8 II","70.0 mm","70 mm","2.8","1/1600","320","Manual","Multi-segment","Auto","Off, Did not fire","2026:06:17 03:50:02","","","4672","7008","https://res.cloudinary.com/do9hrcwn1/image/upload/c_limit,f_auto,q_auto,w_1200/v1/sammapix/portfolio/bali-2026/72-bali-2026-72"
"bali-2026","bali-2026","bal26-073","Bali, Indonesia","2026-06-16","Balinese couple on scooter, traditional dress, carrying offerings basket on sunny street, Bali, Indonesia","Daily rituals, sunlit streets","A Balinese couple gracefully navigates a sun-drenched street on a scooter, embodying daily island life. The woman, elegantly dressed in traditional lace kebaya and a vibrant sash, carries a blue basket, likely holding sacred offerings. Bright tropical foliage and traditional tiled rooftops line the background, illuminated by strong afternoon light. This candid scene captures authentic Balinese culture and the serene rhythm of its people.","SONY","ILCE-7CM2","Sony FE 24-70mm F2.8 II","70.0 mm","70 mm","2.8","1/1600","125","Manual","Multi-segment","Auto","Off, Did not fire","2026:06:17 03:52:41","","","1800","2700","https://res.cloudinary.com/do9hrcwn1/image/upload/c_limit,f_auto,q_auto,w_1200/v1/sammapix/portfolio/bali-2026/73-bali-scooter-traditional-dress-offerings-street-scene"
"bali-2026","bali-2026","bal26-074","Bali, Indonesia","2026-06-16","Balinese family, father and two children, wearing traditional white headwear, riding a Yamaha scooter on a sunny Bali road. Child waves.","Joyous family ride","A Balinese family, a man and two young children, ride a modern Yamaha scooter on a sun-drenched road in Bali. All wear traditional white headwear, reflecting cultural heritage. Warm, golden light illuminates their joyful faces and the lush roadside foliage. The child in front playfully waves, creating an authentic, heartwarming scene of daily life and travel in Indonesia.","SONY","ILCE-7CM2","Sony FE 24-70mm F2.8 II","70.0 mm","70 mm","2.8","1/1600","200","Manual","Multi-segment","Auto","Off, Did not fire","2026:06:17 03:54:13","","","2585","3878","https://res.cloudinary.com/do9hrcwn1/image/upload/c_limit,f_auto,q_auto,w_1200/v1/sammapix/portfolio/bali-2026/74-balinese-family-scooter-ride-bali-indonesia-travel-2026"
"bali-2026","bali-2026","bal26-075","Bali, Indonesia","2026-06-16","Weathered Balinese temple guardian statue, ornate gold and faded blue, intricate carving, offerings, Bali, Indonesia.","Sacred guardian, enduring spirit","A magnificent, weathered Balinese temple guardian statue stands prominently, adorned with ornate gold detailing and faded blue accents. Intricate carvings depict a strong, mythical bull, embodying ancient spiritual protection. Soft light illuminates its aged textures, revealing a sense of timeless grace. Small ceremonial offerings rest gently at its base, underscoring the deep cultural reverence. This striking artwork captures the enduring spirit of Bali, Indonesia.","SONY","ILCE-7CM2","Sony FE 24-70mm F2.8 II","70.0 mm","70 mm","2.8","1/1600","3200","Manual","Multi-segment","Auto","Off, Did not fire","2026:06:17 03:54:17","","","3779","5669","https://res.cloudinary.com/do9hrcwn1/image/upload/c_limit,f_auto,q_auto,w_1200/v1/sammapix/portfolio/bali-2026/75-bali-temple-guardian-statue-ornate-gold-blue-indonesia"
"bali-2026","bali-2026","bal26-076","Bali, Indonesia","2026-06-16","Balinese man in traditional udeng and sarong preparing vibrant Canang Sari flower offerings outside a shop in Bali, Indonesia.","Daily devotion blossoming","A Balinese man, wearing a white udeng and traditional sarong, meticulously arranges colorful fresh flowers for Canang Sari offerings. Bright sunlight illuminates the vibrant pinks, purples, and greens. This intimate moment captures a cherished daily ritual, a profound expression of devotion and culture in Bali, Indonesia. Behind him, the blurred facade of a shop hints at the island's unique blend of tradition and modernity. The atmosphere is serene and reverent.","SONY","ILCE-7CM2","Sony FE 24-70mm F2.8 II","70.0 mm","70 mm","2.8","1/1600","640","Manual","Multi-segment","Auto","Off, Did not fire","2026:06:17 04:06:16","","","2903","4355","https://res.cloudinary.com/do9hrcwn1/image/upload/c_limit,f_auto,q_auto,w_1200/v1/sammapix/portfolio/bali-2026/76-bali-man-canang-sari-flower-offerings-ritual-indonesia"
"bali-2026","bali-2026","bal26-077","Bali, Indonesia","2026-06-16","Young Balinese boy in white traditional attire, ceremonial rice on forehead, frangipani flowers, at a temple ceremony in Bali, Indonesia.","Child's innocent gaze, sacred moments","A young Balinese boy, dressed in pristine white traditional attire, gazes forward intently. Delicate frangipani flowers adorn his head covering, while ceremonial rice dots his forehead, signifying a sacred blessing. He is framed by adults in similar white clothing, suggesting a communal temple ceremony. Golden sunlight illuminates the scene, highlighting intricate fabric textures and warm skin tones, conveying a moment of quiet cultural significance, Bali's spiritual essence.","SONY","ILCE-7CM2","Sony FE 24-70mm F2.8 II","70.0 mm","70 mm","2.8","1/1600","125","Manual","Multi-segment","Auto","Off, Did not fire","2026:06:17 04:12:46","","","1448","2172","https://res.cloudinary.com/do9hrcwn1/image/upload/c_limit,f_auto,q_auto,w_1200/v1/sammapix/portfolio/bali-2026/77-balinese-boy-traditional-attire-temple-ceremony-bali-indonesia"
"bali-2026","bali-2026","bal26-078","Bali, Indonesia","2026-06-16","Two smiling Indonesian Grab motorcycle drivers in green uniforms, sitting on Honda scooters, tropical Bali street background.","Genuine smiles, tropical transport","Bright sunlight illuminates two friendly Indonesian Grab drivers in Bali, Indonesia. They smile genuinely while posing with their Honda motorcycles, clad in distinctive green uniforms. Tropical foliage softly blurs in the background, creating a vibrant atmosphere. This street scene captures authentic local transport, reflecting the welcoming spirit of the island and its people. The image highlights daily life and the convenience of ride-sharing services.","SONY","ILCE-7CM2","Sony FE 24-70mm F2.8 II","70.0 mm","70 mm","2.8","1/1600","500","Manual","Multi-segment","Auto","Off, Did not fire","2026:06:17 04:24:44","","","4672","7008","https://res.cloudinary.com/do9hrcwn1/image/upload/c_limit,f_auto,q_auto,w_1200/v1/sammapix/portfolio/bali-2026/78-bali-grab-drivers-motorcycle-smiles-indonesia-street"
"bali-2026","bali-2026","bal26-079","Bali, Indonesia","2026-06-16","Elderly Balinese woman carrying a pink basket on her head, walking on a sunny sidewalk in Bali, Indonesia. Traditional white attire, green foliage background.","Daily rhythm, ancient spirit","An elderly Balinese woman gracefully walks along a paved sidewalk, balancing a vibrant pink basket, atop a woven one, on her head. Dressed in traditional white attire, including a delicate lace top and patterned sarong, she embodies the island's enduring spirit. Lush green foliage frames her path as bright sunlight casts sharp shadows, highlighting the textures of her garments and the worn lines of her face. This captivating moment portrays daily life in Bali, Indonesia, showcasing resilience and cultural continuity.","SONY","ILCE-7CM2","Sony FE 24-70mm F2.8 II","70.0 mm","70 mm","2.8","1/1600","200","Manual","Multi-segment","Auto","Off, Did not fire","2026:06:17 04:32:41","","","2447","3671","https://res.cloudinary.com/do9hrcwn1/image/upload/c_limit,f_auto,q_auto,w_1200/v1/sammapix/portfolio/bali-2026/79-balinese-woman-basket-head-traditional-street-bali-indonesia"
"bali-2026","bali-2026","bal26-080","Bali, Indonesia","2026-06-16","Balinese man rests on street, Honda scooter, traditional temple decorations, Canang Sari offerings, sunny day, Bali, Indonesia.","Quiet pause in sunlight","An older Balinese man rests quietly on a paint bucket, beside a white Honda Beat scooter. Dappled sunlight creates intricate shadows on the worn concrete ground. He wears a dark t-shirt and green flip-flops. Traditional Balinese temple decorations, vibrant umbrellas, and colorful fabrics are visible in the background. Small, fresh Canang Sari offerings lie on the pavement. This evocative scene portrays a serene moment of authentic local life in Bali, Indonesia, rich with cultural detail.","SONY","ILCE-7CM2","Sony FE 24-70mm F2.8 II","70.0 mm","70 mm","2.8","1/1600","320","Manual","Multi-segment","Auto","Off, Did not fire","2026:06:17 04:34:31","","","3396","5094","https://res.cloudinary.com/do9hrcwn1/image/upload/c_limit,f_auto,q_auto,w_1200/v1/sammapix/portfolio/bali-2026/80-balinese-man-scooter-street-life-canang-sari-bali-indonesia"
"bali-2026","bali-2026","bal26-081","Bali, Indonesia","2026-06-16","Young man on blue scooter at a vibrant Bali street warung, displaying instant drink sachets and snacks, smiling at camera.","Local smiles, vibrant street life","A young man with glasses and arm tattoos confidently smiles from his customized blue scooter, parked at a bustling Bali street warung. Behind him, colorful sachets of instant drinks like NutriSari, Pop Ice, and Good Day hang neatly. A glass display case holds various local snacks, contributing to the authentic street market ambiance. Bright daylight illuminates the scene, capturing the everyday rhythm and genuine charm of Indonesian urban life.","SONY","ILCE-7CM2","Sony FE 24-70mm F2.8 II","70.0 mm","70 mm","2.8","1/1600","640","Manual","Multi-segment","Auto","Off, Did not fire","2026:06:17 04:34:38","","","3149","4724","https://res.cloudinary.com/do9hrcwn1/image/upload/c_limit,f_auto,q_auto,w_1200/v1/sammapix/portfolio/bali-2026/81-bali-local-man-scooter-street-warung-portrait-indonesia"
"bali-2026","bali-2026","bal26-082","Kuta, Bali, Indonesia","2026-06-16","Balinese Brahma statue, four faces, poleng cloth, ceremonial umbrellas, road junction, lush Bali landscape.","Watchful spirit of the crossroads","A commanding multi-faced Balinese deity statue stands central on a paved road under a bright blue sky. Adorned in traditional poleng cloth, with offerings and ceremonial umbrellas at its base, it embodies spiritual devotion. A dense network of power lines crisscrosses above, contrasting with lush tropical greenery. Sunlight highlights the intricate stone figure, a watchful presence in Bali's vibrant landscape.","SONY","ILCE-7CM2","Sony FE 24-70mm F2.8 II","70.0 mm","70 mm","2.8","1/1600","125","Manual","Multi-segment","Auto","Off, Did not fire","2026:06:17 04:38:44","","","4038","6057","https://res.cloudinary.com/do9hrcwn1/image/upload/c_limit,f_auto,q_auto,w_1200/v1/sammapix/portfolio/bali-2026/82-bali-hindu-deity-brahma-statue-road-offerings-indonesia"
"bali-2026","bali-2026","bal26-083","Bali, Indonesia","2026-06-16","Ayam Geprek Guapa street food stall in Bali, Indonesia, with fried chicken display, menu board, limes, and oranges. Halal certified.","Spicy fried chicken street bliss","A vibrant Ayam Geprek street food stall in Bali, Indonesia, showcases bold red and white banners. Crispy fried chicken fills a display case, enticing passersby. A menu board offers various chicken dishes and refreshing drinks like fresh orange juice, made with visible limes and oranges. The Halal Indonesia logo confirms its certification, highlighting an authentic culinary experience.","SONY","ILCE-7CM2","Sony FE 24-70mm F2.8 II","70.0 mm","70 mm","2.8","1/1600","200","Manual","Multi-segment","Auto","Off, Did not fire","2026:06:17 04:44:02","","","3625","5438","https://res.cloudinary.com/do9hrcwn1/image/upload/c_limit,f_auto,q_auto,w_1200/v1/sammapix/portfolio/bali-2026/83-bali-indonesia-ayam-geprek-street-food-stall-halal"
"bali-2026","bali-2026","bal26-084","Bali, Indonesia","2026-06-16","Balinese father and daughter on scooter, traditional udeng and kebaya, sunny street, Bali, Indonesia.","Generations sharing sunlit streets","The photo captures a candid moment of daily life in Bali, Indonesia. A father, wearing a traditional white udeng and sarong, drives a scooter. A young girl, dressed in a white patterned kebaya with a vibrant pink selendang and sarong, rides behind him. Sunlight casts sharp shadows on the asphalt, highlighting the bustling street scene. Other vehicles and blurred buildings create a vibrant urban backdrop, reflecting the island's unique culture and everyday rhythms.","SONY","ILCE-7CM2","Sony FE 24-70mm F2.8 II","70.0 mm","70 mm","2.8","1/1600","125","Manual","Multi-segment","Auto","Off, Did not fire","2026:06:17 04:45:49","","","3313","4969","https://res.cloudinary.com/do9hrcwn1/image/upload/c_limit,f_auto,q_auto,w_1200/v1/sammapix/portfolio/bali-2026/84-bali-father-daughter-scooter-traditional-street"
"bali-2026","bali-2026","bal26-085","Abianbase, Bali, Indonesia","2026-06-16","Balinese man in traditional sarong and udeng walking down a sunny street in Abianbase, Bali, carrying an offering box.","Quiet steps, island traditions","A Balinese man, dressed in traditional white udeng and patterned green sarong, walks along a sun-drenched street. Strong midday light creates sharp shadows, illuminating the lush tropical foliage and weathered stone wall. He carries a small, decorative offering box, embodying the island's serene cultural rhythm. Local street signage hints at the bustling daily life and vibrant atmosphere of Bali.","SONY","ILCE-7CM2","Sony FE 24-70mm F2.8 II","70.0 mm","70 mm","2.8","1/1600","200","Manual","Multi-segment","Auto","Off, Did not fire","2026:06:17 04:47:31","","","3155","4733","https://res.cloudinary.com/do9hrcwn1/image/upload/c_limit,f_auto,q_auto,w_1200/v1/sammapix/portfolio/bali-2026/85-balinese-man-traditional-dress-abianbase-street-bali"
"bali-2026","bali-2026","bal26-086","Bali, Indonesia","2026-06-16","Elderly Balinese woman in traditional sarong and straw hat holding offerings, standing on a sunny street near Sono Keling wood shop in Bali.","Daily grace timeless spirit","An elderly Balinese woman stands gracefully on a sun-drenched street, clad in a patterned sarong, white shirt, and woven straw hat. She holds a small checkered basket containing offerings, reflecting daily rituals. Strong tropical sunlight creates a mosaic of dappled shadows across her face and the warm pavement. Behind her, robust unfinished wooden frames suggest a local carpentry or construction site, possibly associated with ""Sono Keling."" This scene captures an authentic, vibrant moment of Balinese street life.","SONY","ILCE-7CM2","Sony FE 24-70mm F2.8 II","70.0 mm","70 mm","2.8","1/1600","125","Manual","Multi-segment","Auto","Off, Did not fire","2026:06:17 04:57:33","","","3349","5024","https://res.cloudinary.com/do9hrcwn1/image/upload/c_limit,f_auto,q_auto,w_1200/v1/sammapix/portfolio/bali-2026/86-balinese-woman-offerings-street-sono-keling-bali-indonesia"
"bali-2026","bali-2026","bal26-087","Bali, Indonesia","2026-06-16","Balinese family, men and boys in white udeng headwraps, rides Honda scooter on sunny street, Bali, Indonesia. Cultural portrait, daily life.","Balinese journey, timeless grace","Direct sunlight bathes a Balinese family, including men and boys adorned in white udeng headwraps, as they ride a Honda scooter. They navigate a sun-drenched street, their serene expressions capturing a glimpse of daily life. This vibrant scene blends traditional attire with modern transport, showcasing cultural continuity in Bali, Indonesia. A poignant moment of shared journey unfolds.","SONY","ILCE-7CM2","Sony FE 24-70mm F2.8 II","70.0 mm","70 mm","2.8","1/1600","250","Manual","Multi-segment","Auto","Off, Did not fire","2026:06:17 05:04:24","","","4672","7008","https://res.cloudinary.com/do9hrcwn1/image/upload/c_limit,f_auto,q_auto,w_1200/v1/sammapix/portfolio/bali-2026/87-balinese-family-scooter-udeng-bali-indonesia-street"
"bali-2026","bali-2026","bal26-088","Bali, Indonesia","2026-06-16","Balinese Penjor pole against clear blue sky, intricate bamboo weaving, vibrant offerings, green foliage, power lines, Bali, Indonesia","Vibrant tradition reaching skyward","A magnificent Balinese Penjor stands tall, its bamboo arch richly adorned with intricate weaving and vibrant ceremonial offerings. Against a brilliant clear blue sky, the pole's elaborate decorations of colorful palm leaves and flowers create a stunning cultural spectacle. Electrical lines cross discreetly, while lush green foliage peeks into the frame, emphasizing the tropical setting of this traditional Balinese celebration.","SONY","ILCE-7CM2","Sony FE 24-70mm F2.8 II","70.0 mm","70 mm","2.8","1/1600","125","Manual","Multi-segment","Auto","Off, Did not fire","2026:06:17 05:12:38","","","4672","7008","https://res.cloudinary.com/do9hrcwn1/image/upload/c_limit,f_auto,q_auto,w_1200/v1/sammapix/portfolio/bali-2026/88-balinese-penjor-pole-ceremonial-decoration-bali-indonesia"
"bali-2026","bali-2026","bal26-089","Bali, Indonesia","2026-06-16","Balinese parent carrying child, both wearing white udeng and traditional sarongs, walking on a sunny street in Bali, Indonesia.","Generational journey","A Balinese parent carries a young child, both wearing traditional white udeng head coverings and vibrant patterned sarongs. Bright midday sun illuminates the scene, casting strong shadows on the street. Lush tropical foliage and a traditional orange tiled roof frame the background. This candid moment captures a quiet, everyday journey, showcasing family life in a sunny Indonesian setting.","SONY","ILCE-7CM2","Sony FE 24-70mm F2.8 II","70.0 mm","70 mm","2.8","1/1600","125","Manual","Multi-segment","Auto","Off, Did not fire","2026:06:17 05:20:49","","","2270","3405","https://res.cloudinary.com/do9hrcwn1/image/upload/c_limit,f_auto,q_auto,w_1200/v1/sammapix/portfolio/bali-2026/89-bali-indonesia-parent-child-traditional-attire-street"
"bali-2026","bali-2026","bal26-090","Bali, Indonesia","2026-06-16","Elderly Balinese man smoking, standing outside a colorful street shop in strong daylight, showing local daily life in Bali, Indonesia.","Street wisdom, sun-drenched pause","An elderly Balinese man stands confidently outside a vibrant roadside shop, a cigarette held delicately. Strong tropical sunlight casts sharp shadows across the rough concrete ground. He wears a simple shirt and shorts, a small bandage visible on his lip, reflecting everyday resilience. Colorful product advertisements, like Mizone and Twizz, adorn the shop's facade, showcasing commercial vibrancy amidst local life in Bali.","SONY","ILCE-7CM2","Sony FE 24-70mm F2.8 II","70.0 mm","70 mm","2.8","1/1600","125","Manual","Multi-segment","Auto","Off, Did not fire","2026:06:17 05:21:01","","","4096","6144","https://res.cloudinary.com/do9hrcwn1/image/upload/c_limit,f_auto,q_auto,w_1200/v1/sammapix/portfolio/bali-2026/90-bali-elderly-man-smoking-street-shop-daily-life-indonesia"
"bali-2026","bali-2026","bal26-091","Bali, Indonesia","2026-06-16","Man on overloaded scooter with blue tarp and goods, driving on a sunny street in Bali, Indonesia, under clear blue sky.","Island errands","Bright sunlight illuminates a man navigating a bustling Balinese street on an overloaded scooter. He carries various goods, covered by a blue tarp, under a clear blue sky. Traditional architectural elements adorn rooftops in the background, contrasting with modern signs and a tangle of overhead wires. The scene captures the authentic, dynamic essence of daily life and commerce on the island of Bali, Indonesia.","SONY","ILCE-7CM2","Sony FE 24-70mm F2.8 II","70.0 mm","70 mm","2.8","1/1600","125","Manual","Multi-segment","Auto","Off, Did not fire","2026:06:17 05:22:14","","","3541","5311","https://res.cloudinary.com/do9hrcwn1/image/upload/c_limit,f_auto,q_auto,w_1200/v1/sammapix/portfolio/bali-2026/91-bali-indonesia-scooter-delivery-daily-life-street-scene"
"bali-2026","bali-2026","bal26-092","Bali, Indonesia","2026-06-16","Balinese father and young son riding scooter, man in traditional udeng headwear, boy holding currency, street scene, Bali, Indonesia","Generational journey on sunlit streets","A Balinese father and son ride a scooter through sun-drenched streets. The man wears a traditional udeng headwrap, the boy holds what appears to be money. Bright sunlight casts strong shadows, highlighting details of their journey. Cultural offerings adorn the scooter's front, symbolizing local customs. This candid street scene captures the vibrant, everyday life and generational connection in Indonesia.","SONY","ILCE-7CM2","Sony FE 24-70mm F2.8 II","70.0 mm","70 mm","2.8","1/1600","125","Manual","Multi-segment","Auto","Off, Did not fire","2026:06:17 05:26:47","","","1269","1903","https://res.cloudinary.com/do9hrcwn1/image/upload/c_limit,f_auto,q_auto,w_1200/v1/sammapix/portfolio/bali-2026/92-balinese-father-son-scooter-udeng-bali-street-scene-indonesia"
"bali-2026","bali-2026","bal26-093","Bali, Indonesia","2026-06-16","Balinese man performing ritual at traditional brick temple in Bali, Indonesia, with vibrant offerings, scooter, green foliage.","Timeless devotion amidst temple walls","Warm morning light illuminates an ornate Balinese temple, showcasing intricate red brickwork and weathered stone carvings. A person in traditional white attire stands before colorful offerings, embodying a daily ritual. Lush tropical greenery frames the sacred site, creating a serene and culturally rich atmosphere. Power lines crisscross the bright blue sky above, a subtle modern counterpoint to ancient traditions. A scooter rests nearby, blending into the scene.","SONY","ILCE-7CM2","Sony FE 24-70mm F2.8 II","70.0 mm","70 mm","2.8","1/1600","125","Manual","Multi-segment","Auto","Off, Did not fire","2026:06:17 05:28:41","","","4672","7008","https://res.cloudinary.com/do9hrcwn1/image/upload/c_limit,f_auto,q_auto,w_1200/v1/sammapix/portfolio/bali-2026/93-bali-temple-ritual-balinese-offerings-indonesia"
"bali-2026","bali-2026","bal26-094","Bali, Indonesia","2026-06-16","Man in mask carries large krupuk bag past white car on sunny Bali street, traditional decorations visible. Indonesia.","Daily life, sun-drenched streets","A vibrant street scene unfolds under the bright Bali sun. A man, wearing a face mask, carefully carries a large bag of light, crinkled krupuk or crackers. He stands beside a modern white SUV, its shiny surface reflecting the clear sky. Ornate, traditional Balinese decorations, possibly for a ceremony, arch gracefully in the background, contrasting with urban buildings and billboards. The scene captures the bustling, everyday rhythm of island life.","SONY","ILCE-7CM2","Sony FE 24-70mm F2.8 II","70.0 mm","70 mm","2.8","1/1600","125","Manual","Multi-segment","Auto","Off, Did not fire","2026:06:17 05:36:09","","","2516","3774","https://res.cloudinary.com/do9hrcwn1/image/upload/c_limit,f_auto,q_auto,w_1200/v1/sammapix/portfolio/bali-2026/94-bali-street-scene-man-krupuk-car-urban-life-indonesia"
"bali-2026","bali-2026","bal26-095","Bali, Indonesia","2026-06-16","Travel photography from Bali, Indonesia","Photo 95","A travel photograph captured in Bali, Indonesia in 2026.","SONY","ILCE-7CM2","Sony FE 24-70mm F2.8 II","70.0 mm","70 mm","2.8","1/1600","250","Manual","Multi-segment","Auto","Off, Did not fire","2026:06:17 05:48:51","","","4672","7008","https://res.cloudinary.com/do9hrcwn1/image/upload/c_limit,f_auto,q_auto,w_1200/v1/sammapix/portfolio/bali-2026/95-bali-2026-95"
"bali-2026","bali-2026","bal26-096","Bali, Indonesia","2026-06-16","Balinese man in white udeng headwrap, shirt, patterned sarong walking past traditional temple, street, Bali, Indonesia.","Traditional steps, golden sunlight","A dignified Balinese man, clad in a crisp white shirt and a traditional patterned sarong with an udeng headwrap, walks along a sunlit street in Bali. Strong shadows highlight his form as he passes an ancient temple structure, featuring a thatched roof and richly decorated base with vibrant red and gold patterns. The scene captures the intersection of daily life and enduring cultural heritage under a bright sky.","SONY","ILCE-7CM2","Sony FE 24-70mm F2.8 II","70.0 mm","70 mm","2.8","1/1600","160","Manual","Multi-segment","Auto","Off, Did not fire","2026:06:17 05:51:14","","","2655","3982","https://res.cloudinary.com/do9hrcwn1/image/upload/c_limit,f_auto,q_auto,w_1200/v1/sammapix/portfolio/bali-2026/96-balinese-man-traditional-attire-temple-street-bali"
"bali-2026","bali-2026","bal26-097","Bali, Indonesia","2026-06-16","Travel photography from Bali, Indonesia","Photo 97","A travel photograph captured in Bali, Indonesia in 2026.","SONY","ILCE-7CM2","Sony FE 24-70mm F2.8 II","70.0 mm","70 mm","2.8","1/1600","400","Manual","Multi-segment","Auto","Off, Did not fire","2026:06:17 06:12:32","","","4672","7008","https://res.cloudinary.com/do9hrcwn1/image/upload/c_limit,f_auto,q_auto,w_1200/v1/sammapix/portfolio/bali-2026/97-bali-2026-97"
"bali-2026","bali-2026","bal26-098","Bali, Indonesia","2026-06-16","Balinese man in udeng and sunglasses making shaka sign, riding scooter with woman in traditional attire, Bali street scene.","Street moments in cultural grace","Two Balinese individuals navigate a sunlit street on a motorbike. The man wears a traditional white udeng, dark sunglasses, and a white shirt, making a playful 'shaka' hand gesture. A woman, partially visible, sports a sheer white top with lace trim and a vibrant magenta sash, her dark hair adorned with a floral clip. Bright sunlight casts sharp shadows, illuminating their traditional attire and a modern watch, depicting a candid cultural moment in Bali, Indonesia.","SONY","ILCE-7CM2","Sony FE 24-70mm F2.8 II","70.0 mm","70 mm","2.8","1/1600","125","Manual","Multi-segment","Auto","Off, Did not fire","2026:06:17 06:14:31","","","4672","7008","https://res.cloudinary.com/do9hrcwn1/image/upload/c_limit,f_auto,q_auto,w_1200/v1/sammapix/portfolio/bali-2026/98-balinese-couple-scooter-street-daily-life-bali-indonesia"
"bali-2026","bali-2026","bal26-099","Bali, Indonesia","2026-06-16","Elderly Balinese man in striped shirt, cap, sitting barefoot on wooden bench outside shop with Ultra Milk posters, Bali, Indonesia.","Quiet street gaze","An elderly Balinese man rests peacefully on a worn wooden bench, his bare feet touching the rough pavement. He wears a striped shirt and a baseball cap, his gaze thoughtful. Behind him, a simple white door is adorned with vibrant posters advertising Ultra Milk beverages. A pair of flip-flops sits abandoned below. This candid street scene captures a moment of quiet daily life in Bali, Indonesia, bathed in soft, natural light.","SONY","ILCE-7CM2","Sony FE 24-70mm F2.8 II","70.0 mm","70 mm","2.8","1/1600","500","Manual","Multi-segment","Auto","Off, Did not fire","2026:06:17 06:14:51","","","3079","4619","https://res.cloudinary.com/do9hrcwn1/image/upload/c_limit,f_auto,q_auto,w_1200/v1/sammapix/portfolio/bali-2026/99-balinese-man-street-shop-portrait-bali-indonesia"
"bali-2026","bali-2026","bal26-100","Bali, Indonesia","2026-06-16","Elderly Balinese woman portrait, glasses, white shirt, rice grains on forehead. Grab uniform visible, Bali, Indonesia.","Timeless wisdom, daily grace","A captivating close-up portrait reveals an elderly Balinese woman, her face marked by time and wisdom. Warm tropical sunlight illuminates her expressive features, highlighting delicate rice grains on her forehead, a symbol of blessing or devotion. She wears a crisp white shirt adorned with intricate patterns, embodying local tradition. A glimpse of a modern Grab uniform suggests the dynamic intersection of heritage and contemporary daily life in bustling Bali.","SONY","ILCE-7CM2","Sony FE 24-70mm F2.8 II","70.0 mm","70 mm","2.8","1/1600","250","Manual","Multi-segment","Auto","Off, Did not fire","2026:06:17 06:17:46","","","4672","7008","https://res.cloudinary.com/do9hrcwn1/image/upload/c_limit,f_auto,q_auto,w_1200/v1/sammapix/portfolio/bali-2026/100-balinese-elderly-woman-portrait-rice-grains-bali"
"bali-2026","bali-2026","bal26-101","Bali, Indonesia","2026-06-16","Balinese woman in traditional kebaya, sarong, and sash holding offerings on a street in Bali, Indonesia. Cultural portrait, rituals.","Daily spiritual offerings","A Balinese woman stands gracefully on a sunlit street, embodying the island's spiritual heart. She wears a vibrant floral top, a traditional patterned sarong, and a distinct blue sash, holding a tray of daily offerings. Strong shadows indicate bright tropical light, highlighting the intricate details of her traditional attire. Lush greenery and hints of traditional architecture form the tranquil background, capturing an authentic moment of Balinese culture.","SONY","ILCE-7CM2","Sony FE 24-70mm F2.8 II","70.0 mm","70 mm","2.8","1/1600","250","Manual","Multi-segment","Auto","Off, Did not fire","2026:06:17 06:30:47","","","4301","6452","https://res.cloudinary.com/do9hrcwn1/image/upload/c_limit,f_auto,q_auto,w_1200/v1/sammapix/portfolio/bali-2026/101-balinese-woman-traditional-offerings-bali-indonesia"
"bali-2026","bali-2026","bal26-102","Kuta, Indonesia","2026-06-16","Man in hat pushes red wooden cart with framed mirrors down sunny Kuta street, Bali, Indonesia, past Nasi Pedas Ibu Andika.","Kuta · daily reflections along a bustling street","Bright tropical sunlight illuminates a dedicated street vendor in Kuta, Bali, as he pushes a vibrant red wooden cart. The cart is laden with an assortment of framed mirrors, their surfaces reflecting the bustling street and lush surroundings. This snapshot captures a moment of everyday life, highlighting local commerce and the resilience of Balinese daily routines under the warm Indonesian sun. A scooter is parked nearby, Nasi Pedas Ibu Andika banner hangs overhead, adding authentic local flavor.","SONY","ILCE-7CM2","Sony FE 24-70mm F2.8 II","70.0 mm","70 mm","2.8","1/1600","160","Manual","Multi-segment","Auto","Off, Did not fire","2026:06:17 06:31:47","","","4672","7008","https://res.cloudinary.com/do9hrcwn1/image/upload/c_limit,f_auto,q_auto,w_1200/v1/sammapix/portfolio/bali-2026/102-bali-kuta-street-vendor-mirrors-cart-daily-life-indonesia"
"bali-2026","bali-2026","bal26-103","Bali, Indonesia","2026-06-16","Grab rider on a Honda Beat scooter giving thumbs-up in Bali, Indonesia. Green jacket, helmet, ripped jeans.","Island hustle, friendly smile","A cheerful Grab rider on a Honda Beat scooter pauses on a sunlit Bali street. He wears a vibrant green jacket, a black helmet, and ripped denim jeans, offering a friendly thumbs-up. Bright sunlight highlights the urban scene, capturing the essential daily commute and the welcoming spirit of local life in Indonesia. A water bottle rests near the scooter's front.","SONY","ILCE-7CM2","Sony FE 24-70mm F2.8 II","70.0 mm","70 mm","2.8","1/1600","400","Manual","Multi-segment","Auto","Off, Did not fire","2026:06:17 06:33:53","","","4672","7008","https://res.cloudinary.com/do9hrcwn1/image/upload/c_limit,f_auto,q_auto,w_1200/v1/sammapix/portfolio/bali-2026/103-bali-grab-scooter-rider-thumbs-up-street-scene-indonesia"
"bali-2026","bali-2026","bal26-104","Bali, Indonesia","2026-06-16","Travel photography from Bali, Indonesia","Photo 104","A travel photograph captured in Bali, Indonesia in 2026.","SONY","ILCE-7CM2","Sony FE 24-70mm F2.8 II","70.0 mm","70 mm","2.8","1/1600","2500","Manual","Multi-segment","Auto","Off, Did not fire","2026:06:17 06:34:00","","","4672","7008","https://res.cloudinary.com/do9hrcwn1/image/upload/c_limit,f_auto,q_auto,w_1200/v1/sammapix/portfolio/bali-2026/104-bali-2026-104"
"bali-2026","bali-2026","bal26-105","Bali, Indonesia","2026-06-16","Travel photography from Bali, Indonesia","Photo 105","A travel photograph captured in Bali, Indonesia in 2026.","SONY","ILCE-7CM2","Sony FE 24-70mm F2.8 II","70.0 mm","70 mm","2.8","1/1600","1000","Manual","Multi-segment","Auto","Off, Did not fire","2026:06:17 06:45:26","","","4672","7008","https://res.cloudinary.com/do9hrcwn1/image/upload/c_limit,f_auto,q_auto,w_1200/v1/sammapix/portfolio/bali-2026/105-bali-2026-105"
"bali-2026","bali-2026","bal26-106","Bali, Indonesia","2026-06-16","Elderly Balinese man drives Suzuki Carry Futura 1.5 in bright sun, Bali street scene, Indonesia. Side profile.","Everyday journey","A Balinese man, seen in profile, navigates his Suzuki Carry Futura 1.5 under the bright tropical sun. Strong sunlight casts sharp highlights and shadows, illuminating his weathered skin and focused gaze. He wears a blue long-sleeved shirt, his arm resting casually on the car door. The vehicle, a common sight, suggests daily life and transport on the bustling streets of Indonesia. A blurred passenger sits in the background, adding depth to this authentic travel moment.","SONY","ILCE-7CM2","Sony FE 24-70mm F2.8 II","70.0 mm","70 mm","2.8","1/1600","500","Manual","Multi-segment","Auto","Off, Did not fire","2026:06:17 06:54:26","","","4672","7008","https://res.cloudinary.com/do9hrcwn1/image/upload/c_limit,f_auto,q_auto,w_1200/v1/sammapix/portfolio/bali-2026/106-bali-man-driver-suzuki-carry-futura-street-portrait-indonesia"
"bali-2026","bali-2026","bal26-107","Bali, Indonesia","2026-06-16","Two men refuel a scooter at a red and blue Pertamini roadside fuel pump in sunny Bali, Indonesia. Everyday street life.","Everyday fuel stop","This image captures a vibrant, sunny street scene in Bali, Indonesia. Two local men interact at a makeshift Pertamini fuel station. One, shirtless and wrapped in a sarong, stands near the red and blue pump, while another, wearing a white helmet, attends to a scooter. Bright daylight casts sharp shadows, highlighting the everyday rhythm of island life. Details include a bamboo blind, a corrugated roof, and various snacks hanging, creating an authentic portrayal of a local business.","SONY","ILCE-7CM2","Sony FE 24-70mm F2.8 II","70.0 mm","70 mm","2.8","1/1600","160","Manual","Multi-segment","Auto","Off, Did not fire","2026:06:17 07:12:48","","","4451","6677","https://res.cloudinary.com/do9hrcwn1/image/upload/c_limit,f_auto,q_auto,w_1200/v1/sammapix/portfolio/bali-2026/107-bali-roadside-pertamini-fuel-scooter-indonesia-daily-life"
"bali-2026","bali-2026","bal26-108","Bali, Indonesia","2026-06-16","Narrow concrete path under lush palm canopy, leading through vibrant rice paddies in Bali, Indonesia. Scooter parked, bright sun.","Tranquil path through palms and paddies","Sunlight dapples a narrow concrete path winding through a verdant corridor of towering palm trees. Lush green rice paddies stretch into the distance, framed by banana plants under a clear blue sky. A scooter rests beneath a palm, while orange marigold flowers add a splash of color by a small irrigation channel. This idyllic scene captures Bali's serene tropical beauty, inviting exploration.","SONY","ILCE-7CM2","Sony FE 24-70mm F2.8 II","70.0 mm","70 mm","2.8","1/1600","200","Manual","Multi-segment","Auto","Off, Did not fire","2026:06:17 07:27:05","","","4014","6021","https://res.cloudinary.com/do9hrcwn1/image/upload/c_limit,f_auto,q_auto,w_1200/v1/sammapix/portfolio/bali-2026/108-bali-palm-tree-lined-path-rice-paddies-scooter-indonesia"
"bali-2026","bali-2026","bal26-109","Bali, Indonesia","2026-06-16","Smiling Grab driver, green helmet, uniform with Indonesian flag, gives thumbs-up on Honda scooter in Bali, Indonesia. Sunny.","Island welcome, friendly smile","A cheerful Grab driver smiles warmly, offering a confident thumbs-up on a sunny day in Bali, Indonesia. He wears his distinctive green helmet and uniform, emblazoned with an Indonesian flag patch, reflecting local service. Bright, direct sunlight illuminates his face and the tropical green backdrop, capturing a moment of genuine hospitality and efficient travel.","SONY","ILCE-7CM2","Sony FE 24-70mm F2.8 II","70.0 mm","70 mm","2.8","1/1600","250","Manual","Multi-segment","Auto","Off, Did not fire","2026:06:17 07:32:57","","","4672","7008","https://res.cloudinary.com/do9hrcwn1/image/upload/c_limit,f_auto,q_auto,w_1200/v1/sammapix/portfolio/bali-2026/109-bali-grab-driver-thumbs-up-indonesia-scooter"
"bali-2026","bali-2026","bal26-110","Bali, Indonesia","2026-06-21","Young Balinese street food vendor pushes 'Tahu Bulat & Sotong' cart on street, checking phone, cigarette in mouth, Bali, Indonesia","Street life, local flavors, quiet moment","A young vendor slowly pushes his vibrant street food cart, 'Tahu Bulat & Sotong Asian,' along a quiet Balinese road. He glances at his smartphone, a cigarette held loosely, embodying a serene moment amidst daily commerce. Warm, ambient light illuminates the scene, highlighting the cart's colorful graphics and the red-tiled roofs of traditional buildings. Lush, verdant foliage frames the bustling street, capturing an authentic slice of local life in Bali, Indonesia.","SONY","ILCE-7CM2","FE 24-70mm F2.8 GM II","70.0 mm","70 mm","2.8","1/1600","320","Manual","Multi-segment","Auto","Off, Did not fire","2026:06:21 08:48:57","","","4672","7008","https://res.cloudinary.com/do9hrcwn1/image/upload/c_limit,f_auto,q_auto,w_1200/v1/sammapix/portfolio/bali-2026/110-bali-street-food-vendor-cart-tahu-bulat-indonesia"
"bali-2026","bali-2026","bal26-111","Bali, Indonesia","2026-06-21","Elderly Balinese man in purple cap walks past a street warung and parked motorbikes, holding a stick and red cloth, Bali, Indonesia.","A quiet moment of daily rhythm","A weathered man in a purple cap strides past a bustling Balinese street warung under an overcast sky. Soft light illuminates his purposeful walk, holding a long metal tool and red fabric. Parked motorbikes and vibrant green foliage frame the scene, capturing an authentic moment of daily life in tropical Indonesia. The atmosphere feels calm, yet alive with local energy.","SONY","ILCE-7CM2","FE 24-70mm F2.8 GM II","70.0 mm","70 mm","2.8","1/1600","400","Manual","Multi-segment","Auto","Off, Did not fire","2026:06:21 08:56:09","","","4672","7008","https://res.cloudinary.com/do9hrcwn1/image/upload/c_limit,f_auto,q_auto,w_1200/v1/sammapix/portfolio/bali-2026/111-bali-street-man-walking-warung-daily-life-indonesia"
"bali-2026","bali-2026","bal26-112","Bali, Indonesia","2026-06-21","Balinese man on bicycle, straw hat, 'SECURITY' shirt, passing lush rice fields, traditional temple, and village road in Bali.","Daily village rhythm unfolds peacefully","A lone Balinese man cycles along a quiet village road, his straw hat and 'SECURITY' shirt prominent. Lush green rice fields stretch to the left, contrasting with the dark asphalt. In the distance, traditional Balinese temple structures and a red-roofed gazebo emerge under a soft, overcast sky. This serene scene captures the authentic, unhurried rhythm of rural life in Bali, Indonesia, a harmonious blend of culture and nature.","SONY","ILCE-7CM2","FE 24-70mm F2.8 GM II","70.0 mm","70 mm","2.8","1/1600","320","Manual","Multi-segment","Auto","Off, Did not fire","2026:06:21 08:56:23","","","3779","5669","https://res.cloudinary.com/do9hrcwn1/image/upload/c_limit,f_auto,q_auto,w_1200/v1/sammapix/portfolio/bali-2026/112-balinese-man-bicycle-rice-fields-temple-bali-indonesia"
"bali-2026","bali-2026","bal26-113","Bali, Indonesia","2026-06-21","Bali farmer in conical hat plowing muddy rice paddy field with power tiller at golden hour, lush tropical background, Indonesia.","Golden hour labor","A farmer, wearing a traditional conical hat, expertly guides a power tiller through a muddy, water-filled rice paddy in Bali, Indonesia. Golden hour light casts a warm, soft glow across the sky, reflecting in the puddles of the tilled earth. Lush tropical vegetation frames the background, hinting at the island's fertile landscape. This scene captures the timeless agricultural tradition amidst Bali's vibrant natural beauty.","SONY","ILCE-7CM2","FE 24-70mm F2.8 GM II","70.0 mm","70 mm","2.8","1/1600","200","Manual","Multi-segment","Auto","Off, Did not fire","2026:06:21 08:56:47","","","2522","3783","https://res.cloudinary.com/do9hrcwn1/image/upload/c_limit,f_auto,q_auto,w_1200/v1/sammapix/portfolio/bali-2026/113-bali-rice-paddy-farmer-power-tiller-golden-hour-indonesia"
"bali-2026","bali-2026","bal26-114","Bali, Indonesia","2026-06-21","Bali street vendor sits under colorful umbrella, selling fresh palm fruit on roadside. Tropical scene with dense foliage, Indonesia.","Tropical rhythms, vibrant fruits, timeless trade","A local vendor sits casually by the roadside in Bali, Indonesia, surrounded by copious piles of fresh palm fruit. He rests under a vibrant red, yellow, and green umbrella, offering shade from the tropical sun. Lush green foliage forms a dense background, hinting at the island's natural beauty. This captures an authentic moment of daily life, showcasing traditional commerce against a verdant, serene backdrop. The scene evokes genuine island charm and everyday market interactions.","SONY","ILCE-7CM2","FE 24-70mm F2.8 GM II","70.0 mm","70 mm","2.8","1/1600","2000","Manual","Multi-segment","Auto","Off, Did not fire","2026:06:21 09:00:51","","","3897","5846","https://res.cloudinary.com/do9hrcwn1/image/upload/c_limit,f_auto,q_auto,w_1200/v1/sammapix/portfolio/bali-2026/114-bali-street-vendor-palm-fruit-colorful-umbrella-indonesia"
"bali-2026","bali-2026","bal26-115","Bali, Indonesia","2026-06-21","Balinese man drives a Honda scooter with two children on a street in Bali, Indonesia. Cultural family transport, daily life portrait.","Generations journey, island's rhythm","A Balinese man navigates a busy street on a Honda scooter, carrying two young children, depicting daily island life. The focused driver wears a red and grey polo, a determined expression on his face. The child in front, hands gripping the handlebars, looks forward with an innocent gaze. Soft, even light illuminates their journey, revealing a common scene of family transport and resilience amidst the tropical urban environment, Bali, Indonesia.","SONY","ILCE-7CM2","FE 24-70mm F2.8 GM II","70.0 mm","70 mm","2.8","1/1600","500","Manual","Multi-segment","Auto","Off, Did not fire","2026:06:21 09:03:16","","","2643","3964","https://res.cloudinary.com/do9hrcwn1/image/upload/c_limit,f_auto,q_auto,w_1200/v1/sammapix/portfolio/bali-2026/115-balinese-family-scooter-ride-street-bali-indonesia-portrait"
"bali-2026","bali-2026","bal26-116","Bali, Indonesia","2026-06-21","Bali street food vendor in hijab beside a bakso ayam cart on a rustic road, showing local Indonesian culinary culture.","Street food's authentic charm","A vibrant street food cart, adorned with 'BAKSO AYAM' signage, stands on a dusty Balinese roadside. A woman, wearing a soft pink hijab and orange top, tends to her mobile stall, reflecting everyday life. Muted daylight filters through leafy branches overhead, illuminating the scene with a gentle, authentic glow. Simple corrugated roofs and distant homes form a humble, inviting backdrop, capturing a genuine slice of Indonesian culture.","SONY","ILCE-7CM2","FE 24-70mm F2.8 GM II","70.0 mm","70 mm","2.8","1/1600","500","Manual","Multi-segment","Auto","Off, Did not fire","2026:06:21 09:07:12","","","4369","6553","https://res.cloudinary.com/do9hrcwn1/image/upload/c_limit,f_auto,q_auto,w_1200/v1/sammapix/portfolio/bali-2026/116-bali-indonesia-street-food-bakso-ayam-vendor-local"
"bali-2026","bali-2026","bal26-117","Bali, Indonesia","2026-06-21","Balinese man in straw hat, smoking, rides Honda scooter on village road. Traditional stone carvings, lush trees in Bali, Indonesia.","Timeless daily journey","A Balinese man, wearing a traditional conical straw hat and simple clothes, confidently navigates a local village road on his black Honda scooter. Barefoot, he smokes a cigarette, a long bamboo staff secured by his side. Lush tropical foliage frames the left, while intricate stone carvings of a temple gate stand on the right. Warm natural light illuminates this authentic moment, capturing the daily rhythm and cultural essence of rural Bali.","SONY","ILCE-7CM2","FE 24-70mm F2.8 GM II","70.0 mm","70 mm","2.8","1/1600","800","Manual","Multi-segment","Auto","Off, Did not fire","2026:06:21 09:08:12","","","3002","4503","https://res.cloudinary.com/do9hrcwn1/image/upload/c_limit,f_auto,q_auto,w_1200/v1/sammapix/portfolio/bali-2026/117-balinese-man-scooter-straw-hat-village-road-bali-indonesia"
"bali-2026","bali-2026","bal26-118","Bali, Indonesia","2026-06-21","Balinese locals in traditional white attire, some with headbands, riding in an old yellow Mitsubishi truck, Bali, Indonesia.","Communal journey, timeless spirit","A vivid scene unfolds on a Balinese road as locals, dressed in traditional white ceremonial attire, ride in the back of a weathered yellow truck. The diffuse light of an overcast sky illuminates their determined expressions. This communal transport captures a slice of everyday life, revealing cultural traditions and shared journeys across the Indonesian landscape, with lush green foliage adding a touch of natural beauty.","SONY","ILCE-7CM2","FE 24-70mm F2.8 GM II","70.0 mm","70 mm","2.8","1/1600","640","Manual","Multi-segment","Auto","Off, Did not fire","2026:06:21 09:28:56","","","4672","7008","https://res.cloudinary.com/do9hrcwn1/image/upload/c_limit,f_auto,q_auto,w_1200/v1/sammapix/portfolio/bali-2026/118-bali-traditional-local-transport-truck-people-indonesia"
"bali-2026","bali-2026","bal26-119","Bali, Indonesia","2026-06-21","Balinese man in traditional udeng, white shirt, in back of truck with offerings (canang sari, coconuts) near brick temple, Bali.","Daily devotion's journey","A Balinese man, adorned in a traditional udeng and glasses, sits calmly within a weathered black utility truck bed. He gently holds a basket brimming with offerings, including whole coconuts and vibrant canang sari. Intricate red brick Balinese temple architecture, partly covered in moss and lush foliage, forms a rich backdrop. Soft, diffused light illuminates this authentic scene, capturing a serene moment of daily spiritual practice and local life in Indonesia's cultural heartland.","SONY","ILCE-7CM2","FE 24-70mm F2.8 GM II","70.0 mm","70 mm","2.8","1/1600","1600","Manual","Multi-segment","Auto","Off, Did not fire","2026:06:21 09:30:30","","","2524","3786","https://res.cloudinary.com/do9hrcwn1/image/upload/c_limit,f_auto,q_auto,w_1200/v1/sammapix/portfolio/bali-2026/119-balinese-man-offerings-temple-truck-bali-indonesia"
"bali-2026","bali-2026","bal26-120","Bali, Indonesia","2026-06-21","Bali road scene with lush palm trees, tropical foliage, motorbikes, and cars on a paved street under an overcast sky.","Island road, green palms","A tranquil Bali road stretches into the distance, framed by towering coconut palms and vibrant tropical greenery. Daily life unfolds amidst humble roadside stalls and passing vehicles, including motorbikes and a truck. The overcast sky casts a soft, diffused light, highlighting the lush textures and a palpable sense of island serenity. Local signage for 'Warung Sate Guik' hints at authentic Indonesian flavors.","SONY","ILCE-7CM2","FE 24-70mm F2.8 GM II","70.0 mm","70 mm","2.8","1/1600","800","Manual","Multi-segment","Auto","Off, Did not fire","2026:06:21 09:33:57","","","4672","7008","https://res.cloudinary.com/do9hrcwn1/image/upload/c_limit,f_auto,q_auto,w_1200/v1/sammapix/portfolio/bali-2026/120-bali-tropical-road-palm-trees-indonesian-village-scene"
"bali-2026","bali-2026","bal26-121","Bali, Indonesia","2026-06-21","Bali traditional woven bamboo animal sculptures with white faces & hooves. Roadside craft display, lush tropical background.","Ancient crafts, vibrant street","Several majestic woven bamboo animal sculptures stand proudly, featuring intricately carved white faces and hooves. These traditional Balinese effigies showcase skilled local craftsmanship. They are displayed roadside under a corrugated metal roof, beside a worn concrete path with patches of green weeds. Lush tropical trees and foliage form a vibrant green backdrop, hinting at Bali's natural beauty and rich cultural heritage.","SONY","ILCE-7CM2","FE 24-70mm F2.8 GM II","70.0 mm","70 mm","2.8","1/1600","1600","Manual","Multi-segment","Auto","Off, Did not fire","2026:06:21 09:36:59","","","3901","5852","https://res.cloudinary.com/do9hrcwn1/image/upload/c_limit,f_auto,q_auto,w_1200/v1/sammapix/portfolio/bali-2026/121-bali-traditional-bamboo-animal-sculptures-roadside-crafts"
"bali-2026","bali-2026","bal26-122","Bali, Indonesia","2026-06-21","Balinese farmer, red shirt, tilling muddy rice paddy, wooden tool, lush tropical foliage, Bali, Indonesia.","Tranquil toil, verdant fields","A Balinese farmer in a red shirt diligently works a muddy rice paddy, tilling the earth with a wooden tool. Lush, vibrant green foliage, including tall bamboo and palms, forms a dense tropical backdrop. The air feels humid and peaceful, reflecting a timeless agricultural tradition. Water reflects the soft, diffused light, highlighting the rich, earthy tones of the landscape. This scene captures the essence of daily life in Bali's fertile, terraced fields.","SONY","ILCE-7CM2","FE 24-70mm F2.8 GM II","70.0 mm","70 mm","2.8","1/1600","2500","Manual","Multi-segment","Auto","Off, Did not fire","2026:06:21 09:40:59","","","3063","4595","https://res.cloudinary.com/do9hrcwn1/image/upload/c_limit,f_auto,q_auto,w_1200/v1/sammapix/portfolio/bali-2026/122-balinese-farmer-rice-paddy-tilling-bali-indonesia"
"bali-2026","bali-2026","bal26-123","Bali, Indonesia","2026-06-21","Young child in driver's seat of black Suzuki Carry 1.5 pickup truck at Pertamina gas station, Bali, Indonesia, tropical background.","Innocent gaze, tropical roadside","A black Suzuki Carry 1.5 pickup truck rests at a Pertamina gas station in Bali, Indonesia. A young child, with a curious, innocent expression, occupies the driver's seat, her hand gently touching her face. Lush tropical foliage frames the background, hinting at the island's vibrant nature. The scene captures a quiet, everyday moment, reflecting local life and transport under soft, diffused light, highlighting the vehicle's authentic character.","SONY","ILCE-7CM2","FE 24-70mm F2.8 GM II","70.0 mm","70 mm","2.8","1/1600","5000","Manual","Multi-segment","Auto","Off, Did not fire","2026:06:21 09:50:47","","","4013","6020","https://res.cloudinary.com/do9hrcwn1/image/upload/c_limit,f_auto,q_auto,w_1200/v1/sammapix/portfolio/bali-2026/123-bali-indonesia-suzuki-carry-truck-child-gas-station"
"bali-2026","bali-2026","bal26-124","Bali, Indonesia","2026-06-21","Man washing black Mitsubishi L300 pickup truck at indoor car wash, Bali, Indonesia. Water splashes, wet floor.","Everyday clean ritual","A person diligently washes a black Mitsubishi L300 pickup truck at an indoor car wash in Bali, Indonesia. Water brilliantly sprays around the elevated vehicle, reflecting the diffused natural light filtering through the corrugated metal roof. The wet concrete floor gleams, leading to visible drainage channels. This atmospheric image captures a moment of daily labor, a commonplace scene infused with a quiet, focused energy. The high ISO accentuates the texture and subtle details of the humid environment.","SONY","ILCE-7CM2","FE 24-70mm F2.8 GM II","70.0 mm","70 mm","2.8","1/1600","12800","Manual","Multi-segment","Auto","Off, Did not fire","2026:06:21 09:53:48","","","3526","5290","https://res.cloudinary.com/do9hrcwn1/image/upload/c_limit,f_auto,q_auto,w_1200/v1/sammapix/portfolio/bali-2026/124-bali-car-wash-mitsubishi-l300-pickup-truck-daily-life"
"bali-2026","bali-2026","bal26-125","Bali, Indonesia","2026-06-21","Young Balinese man outside a colorful warung with an electric scooter parked on a street in Bali, Indonesia. Daily life scene.","Daily life's vibrant pulse","A young man stands casually before a vibrant Balinese warung, showcasing local life in Bali, Indonesia. An electric scooter rests nearby, a common sight on the island's bustling streets. Colorful banners and packaged goods fill the background, reflecting everyday commerce. The soft, diffused light highlights the authentic atmosphere, capturing a slice of the island's unique cultural tapestry.","SONY","ILCE-7CM2","FE 24-70mm F2.8 GM II","70.0 mm","70 mm","2.8","1/1600","4000","Manual","Multi-segment","Auto","Off, Did not fire","2026:06:21 09:57:13","","","4068","6102","https://res.cloudinary.com/do9hrcwn1/image/upload/c_limit,f_auto,q_auto,w_1200/v1/sammapix/portfolio/bali-2026/125-bali-indonesia-local-man-scooter-warung-street-scene"
"bali-2026","bali-2026","bal26-126","Bali, Indonesia","2026-06-21","Bali street scene with two men, one on a scooter, observing vibrant green and pink kites hanging in front of a shop with an intricate owl mural.","Vibrant kites, street life's simple joys","A lively street scene in Bali, Indonesia captures two local men interacting with a vibrant kite display. One man rests on his white scooter, hands on hips, observing the colorful merchandise. Another stands, looking up at the large, handcrafted kites, including a striking green and pink design. Behind them, an intricate mural, possibly an owl, adorns the shop facade, adding cultural depth and artistic flair to this authentic moment of Balinese daily life.","SONY","ILCE-7CM2","FE 24-70mm F2.8 GM II","70.0 mm","70 mm","2.8","1/1600","2500","Manual","Multi-segment","Auto","Off, Did not fire","2026:06:21 10:04:23","","","3231","4846","https://res.cloudinary.com/do9hrcwn1/image/upload/c_limit,f_auto,q_auto,w_1200/v1/sammapix/portfolio/bali-2026/126-bali-indonesia-street-kite-shop-mural-scooter-scene"
"bali-2026","bali-2026","bal26-127","Blahkiuh, Bali, Indonesia","2026-06-21","Blahkiuh, Bali street food vendor selling grilled corn under a red umbrella, with customers and a man grilling on the sidewalk.","Blahkiuh · daily life's honest flavors","A vibrant street scene unfolds in Blahkiuh, Bali, capturing authentic daily life. Under a bright red umbrella, a vendor prepares grilled corn on a small charcoal stove. Customers gather, interacting with each other and the seller. The soft, even light of an overcast day illuminates the scene, highlighting local commerce and community. A nearby motorbike suggests urban rhythm, adding to the dynamic atmosphere of this Indonesian roadside encounter.","SONY","ILCE-7CM2","FE 24-70mm F2.8 GM II","70.0 mm","70 mm","2.8","1/1600","1600","Manual","Multi-segment","Auto","Off, Did not fire","2026:06:21 10:05:12","","","3422","5133","https://res.cloudinary.com/do9hrcwn1/image/upload/c_limit,f_auto,q_auto,w_1200/v1/sammapix/portfolio/bali-2026/127-bali-blahkiuh-street-food-vendor-grilled-corn-daily-life"
"bali-2026","bali-2026","bal26-128","Bali, Indonesia","2026-06-21","Young boy looks out from white pickup truck on a Bali street, with Indonesian warung sign and Hari Raya Kuningan banner.","A young boy's curious gaze","A young Indonesian boy peers curiously from a white pickup truck, his gaze fixed on something beyond the frame. The bustling Bali street scene unfolds under soft, diffuse daylight, revealing local commercial activity. Behind him, vibrant blue signs for ""PT. BPR TULUS"" and ""Warung Mek Tuadi"" alongside a traditional ""Hari Raya Kuningan"" banner provide rich cultural context. It captures an authentic, candid moment of island life.","SONY","ILCE-7CM2","FE 24-70mm F2.8 GM II","70.0 mm","70 mm","2.8","1/1600","1600","Manual","Multi-segment","Auto","Off, Did not fire","2026:06:21 10:05:40","","","2778","4167","https://res.cloudinary.com/do9hrcwn1/image/upload/c_limit,f_auto,q_auto,w_1200/v1/sammapix/portfolio/bali-2026/128-bali-boy-pickup-truck-street-local-life-indonesia"
"bali-2026","bali-2026","bal26-129","Bali, Indonesia","2026-06-21","Child on a Honda scooter holding a large black and white kite on a Balinese road, palm trees, blurred traditional statue in distance.","Childhood spirit, roadside adventures","A child on the back of a Honda scooter, holding a striking black and white kite, travels along a paved Balinese road. Lush tropical foliage and tall palm trees frame the serene background, with a blurred, ornate Hindu deity statue standing guard. Soft, diffused daylight illuminates this authentic scene of daily life and youthful spirit, capturing a moment of traditional transport and island culture in Indonesia.","SONY","ILCE-7CM2","FE 24-70mm F2.8 GM II","70.0 mm","70 mm","2.8","1/1600","800","Manual","Multi-segment","Auto","Off, Did not fire","2026:06:21 10:11:19","","","3428","5142","https://res.cloudinary.com/do9hrcwn1/image/upload/c_limit,f_auto,q_auto,w_1200/v1/sammapix/portfolio/bali-2026/129-bali-scooter-child-kite-road-local-transport-indonesia"
"bali-2026","bali-2026","bal26-130","Bali, Indonesia","2026-06-21","Balinese KORPS SABHARA traffic police officer in uniform directing street activity, Bali, Indonesia, with lush foliage.","Guiding island rhythms","A Balinese KORPS SABHARA traffic officer commands the street, wearing a distinctive red, black, and white uniform. With a whistle poised in his mouth and his left hand extended, he actively directs vehicles, embodying order amidst the island's dynamic flow. Soft, diffused light illuminates the scene, highlighting the vibrant green foliage and a dark vehicle in the background, capturing a moment of essential daily life in Bali, Indonesia.","SONY","ILCE-7CM2","FE 24-70mm F2.8 GM II","70.0 mm","70 mm","2.8","1/1600","1600","Manual","Multi-segment","Auto","Off, Did not fire","2026:06:21 10:13:39","","","3238","4857","https://res.cloudinary.com/do9hrcwn1/image/upload/c_limit,f_auto,q_auto,w_1200/v1/sammapix/portfolio/bali-2026/130-bali-traffic-police-officer-directing-street-indonesia"
"bali-2026","bali-2026","bal26-131","Bali, Indonesia","2026-06-21","Young barefoot Balinese child stands thoughtfully at a bustling street clothing stall in Bali, colorful garments hang behind her.","Quiet moment, market heart","A young Balinese child stands barefoot on a worn concrete surface, her thoughtful gaze directed rightwards. She wears a cream and maroon t-shirt with shorts, holding onto a metal clothing rack. Behind her, a vibrant array of garments, including jeans, shirts, and sweaters, fills a bustling street stall. Soft ambient light illuminates the scene, capturing a quiet moment amidst the lively street ambiance of Bali, Indonesia.","SONY","ILCE-7CM2","FE 24-70mm F2.8 GM II","70.0 mm","70 mm","2.8","1/1600","2000","Manual","Multi-segment","Auto","Off, Did not fire","2026:06:21 10:14:30","","","2507","3761","https://res.cloudinary.com/do9hrcwn1/image/upload/c_limit,f_auto,q_auto,w_1200/v1/sammapix/portfolio/bali-2026/131-balinese-child-street-market-clothing-stall-bali-indonesia"
"bali-2026","bali-2026","bal26-132","Bali, Indonesia","2026-06-21","Cool man in cap, red sunglasses on black Harley-Davidson motorcycle, hand gesture, Bali street scene, Indonesia urban portrait.","Rebel spirit, urban ride","A stylish man on a sleek black Harley-Davidson motorcycle commands the street in Bali, Indonesia. He sports a flat cap, striking red-tinted sunglasses, and a confident hand gesture. The urban backdrop features a blurred black SUV and humble corrugated roofs, typical of the island's bustling thoroughfares. Soft, natural light illuminates the scene, capturing a moment of cool, authentic street culture and a vibrant rider's spirit.","SONY","ILCE-7CM2","FE 24-70mm F2.8 GM II","70.0 mm","70 mm","2.8","1/1600","2500","Manual","Multi-segment","Auto","Off, Did not fire","2026:06:21 10:15:53","","","4672","7008","https://res.cloudinary.com/do9hrcwn1/image/upload/c_limit,f_auto,q_auto,w_1200/v1/sammapix/portfolio/bali-2026/132-bali-rider-harley-davidson-motorcycle-street-portrait"
"bali-2026","bali-2026","bal26-133","Bali, Indonesia","2026-06-21","Two Balinese children walk along a quiet street, boy with stick, girl with paper, past closed shops and a frangipani tree in Bali.","Innocent steps wander","Balinese children explore a quiet village street, bathed in soft, diffused light. A boy carries a white stick while a girl intently holds a piece of paper, their youthful steps tracing paths past closed storefronts. Traditional tiled roofs and an iconic Frangipani tree with delicate blossoms frame the scene. A parked scooter adds to the everyday urban fabric, capturing an authentic moment of childhood in Bali, Indonesia.","SONY","ILCE-7CM2","FE 24-70mm F2.8 GM II","70.0 mm","70 mm","2.8","1/1600","800","Manual","Multi-segment","Auto","Off, Did not fire","2026:06:21 10:16:50","","","3333","5000","https://res.cloudinary.com/do9hrcwn1/image/upload/c_limit,f_auto,q_auto,w_1200/v1/sammapix/portfolio/bali-2026/133-balinese-children-street-daily-life-candid-indonesia"
"bali-2026","bali-2026","bal26-134","Bali, Indonesia","2026-06-21","Balinese person in vibrant red flower field with lush green rice paddies, tropical trees, and overcast sky in Bali, Indonesia.","Tranquil cultivation, vibrant tropical fields","A lone figure, wearing a hat, cultivates a field of vibrant red and white flowers in Bali, Indonesia. Lush, emerald-green rice paddies stretch towards dense tropical foliage, featuring towering palms and banana plants. Soft, overcast light illuminates the rich agricultural tapestry of the island, capturing diligent daily life amidst Bali's verdant beauty, a peaceful moment of rural industry.","SONY","ILCE-7CM2","FE 24-70mm F2.8 GM II","70.0 mm","70 mm","2.8","1/1600","500","Manual","Multi-segment","Auto","Off, Did not fire","2026:06:21 10:18:10","","","1926","2889","https://res.cloudinary.com/do9hrcwn1/image/upload/c_limit,f_auto,q_auto,w_1200/v1/sammapix/portfolio/bali-2026/134-bali-indonesia-farmer-red-flower-field-rice-paddy"
"bali-2026","bali-2026","bal26-135","Bali, Indonesia","2026-06-21","Five Balinese men socializing at a street warung, some giving thumbs-up, with motorbikes and orange drinks under a tattered awning, Bali, Indonesia.","Camaraderie under a faded canopy","Five local men gather around a rustic wooden table, enjoying camaraderie under a worn, camouflage-patterned awning in Bali. Bottles of orange liquid and cigarette packs are scattered across the table, suggesting a casual hangout. Two scooters flank the scene, hinting at daily life transportation. A man in a cap offers a friendly thumbs-up, reflecting the relaxed street atmosphere. The closed metal shutter behind them adds to the authentic, everyday charm of an Indonesian street corner.","SONY","ILCE-7CM2","FE 24-70mm F2.8 GM II","70.0 mm","70 mm","2.8","1/1600","1600","Manual","Multi-segment","Auto","Off, Did not fire","2026:06:21 10:18:34","","","4672","7008","https://res.cloudinary.com/do9hrcwn1/image/upload/c_limit,f_auto,q_auto,w_1200/v1/sammapix/portfolio/bali-2026/135-bali-local-men-street-hangout-motorbikes-indonesia"
"bali-2026","bali-2026","bal26-136","Bali, Indonesia","2026-06-21","Balinese construction workers laying paving stones with temple shadow silhouettes on screen. Bali, Indonesia.","Labor beneath sacred shadows","Two Balinese men meticulously lay paving stones on a construction site, shaping the ground. One worker crouches, precisely placing square blocks, while the other stands nearby. Distinct shadows of traditional Balinese temple structures, including a multi-tiered meru, project onto a mesh screen in the background, hinting at the island's rich cultural heritage. The scene captures daily life, quiet industry, and the blend of development with spiritual reverence in Bali, Indonesia.","SONY","ILCE-7CM2","FE 24-70mm F2.8 GM II","70.0 mm","70 mm","2.8","1/1600","800","Manual","Multi-segment","Auto","Off, Did not fire","2026:06:21 10:18:58","","","2929","4393","https://res.cloudinary.com/do9hrcwn1/image/upload/c_limit,f_auto,q_auto,w_1200/v1/sammapix/portfolio/bali-2026/136-bali-construction-workers-laying-pavers-temple-shadows"
"bali-2026","bali-2026","bal26-137","Bali, Indonesia","2026-06-21","Two Balinese farmers preparing irrigation equipment beside golden rice paddies and a water ditch in Bali, Indonesia.","Daily work in golden paddies","Golden rice fields stretch into the background, providing a warm natural canvas. In the foreground, a person meticulously connects irrigation pipes to a blue container, preparing for field work. Another individual tends to the crops nearby, illustrating the collaborative effort in Balinese agriculture. The scene captures the diligent daily rhythms of life, showcasing traditional farming practices amidst lush green borders and a structured concrete water channel.","SONY","ILCE-7CM2","FE 24-70mm F2.8 GM II","70.0 mm","70 mm","2.8","1/1600","800","Manual","Multi-segment","Auto","Off, Did not fire","2026:06:21 10:20:42","","","3607","5411","https://res.cloudinary.com/do9hrcwn1/image/upload/c_limit,f_auto,q_auto,w_1200/v1/sammapix/portfolio/bali-2026/137-balinese-farmers-paddy-field-work-irrigation-bali"
"bali-2026","bali-2026","bal26-138","Bali, Indonesia","2026-06-21","Young Balinese boy on yellow bicycle, holding snack in mouth, traditional stone temple architecture background, Bali, Indonesia.","Childhood ride, simple joys","A young Balinese boy on a bright yellow bicycle pauses on an asphalt road. He wears a cheerful yellow sweatshirt and denim shorts, holding a plastic-wrapped snack in his mouth. Behind him, ancient moss-covered stone structures with intricate carvings, typical of Balinese temples or traditional architecture, rise with lush greenery. The soft daylight illuminates this candid street scene, capturing a moment of youthful energy in Bali, Indonesia.","SONY","ILCE-7CM2","FE 24-70mm F2.8 GM II","70.0 mm","70 mm","2.8","1/1600","1250","Manual","Multi-segment","Auto","Off, Did not fire","2026:06:21 10:22:55","","","3200","4800","https://res.cloudinary.com/do9hrcwn1/image/upload/c_limit,f_auto,q_auto,w_1200/v1/sammapix/portfolio/bali-2026/138-balinese-boy-bicycle-snack-temple-bali-indonesia"
"bali-2026","bali-2026","bal26-139","Bali, Indonesia","2026-06-21","Elderly Balinese woman carries large water bottle balanced on head, walking rural street, house, lush plants, Bali, Indonesia.","Grace in daily ritual","An elderly Balinese woman walks a quiet village road, effortlessly balancing a large water bottle on her head. Her patterned sarong and shirt blend with the lush tropical foliage lining the street. Diffused daylight highlights her weathered features and the traditional practice of carrying heavy loads. Concrete walls and a tiled-roof house frame the everyday scene, evoking resilience and cultural grace in rural Bali, Indonesia.","SONY","ILCE-7CM2","FE 24-70mm F2.8 GM II","70.0 mm","70 mm","2.8","1/1600","640","Manual","Multi-segment","Auto","Off, Did not fire","2026:06:21 10:25:33","","","4672","7008","https://res.cloudinary.com/do9hrcwn1/image/upload/c_limit,f_auto,q_auto,w_1200/v1/sammapix/portfolio/bali-2026/139-bali-woman-carrying-water-on-head-village-indonesia"
"bali-2026","bali-2026","bal26-140","Bali, Indonesia","2026-06-21","Balinese farmer in traditional hat harvesting rice in a golden-green field, lush jungle background, overcast Bali, Indonesia.","Timeless rhythm of the fields","A lone farmer, wearing a woven hat, meticulously harvests rice in a Balinese field. The landscape features contrasting textures, with cut golden stalks alongside vibrant green growth. Lush tropical jungle forms a dense backdrop under a soft, overcast sky, creating a serene, earthy palette. This captures a moment of traditional agricultural life, showcasing the enduring connection between people and the land in rural Bali.","SONY","ILCE-7CM2","FE 24-70mm F2.8 GM II","70.0 mm","70 mm","2.8","1/1600","320","Manual","Multi-segment","Auto","Off, Did not fire","2026:06:21 10:26:50","","","1779","2669","https://res.cloudinary.com/do9hrcwn1/image/upload/c_limit,f_auto,q_auto,w_1200/v1/sammapix/portfolio/bali-2026/140-bali-traditional-farmer-rice-field-harvest-indonesia"
"bali-2026","bali-2026","bal26-141","Bali, Indonesia","2026-06-21","Elderly Balinese man walks shirtless on rural road, white headwrap, lush green foliage. Bali, Indonesia.","Enduring spirit on a tropical path","An elderly Balinese man walks purposefully along a rural road, his weathered skin telling stories of time. He wears a simple open shirt, shorts, and a traditional headwrap. Lush green foliage frames the scene, hinting at Bali's vibrant nature. Sunlight gently illuminates the path, highlighting a moment of quiet daily life amidst the island's serene landscapes.","SONY","ILCE-7CM2","FE 24-70mm F2.8 GM II","70.0 mm","70 mm","2.8","1/1600","1000","Manual","Multi-segment","Auto","Off, Did not fire","2026:06:21 10:28:44","","","2278","3417","https://res.cloudinary.com/do9hrcwn1/image/upload/c_limit,f_auto,q_auto,w_1200/v1/sammapix/portfolio/bali-2026/141-balinese-elderly-man-rural-road-bali-indonesia"
"bali-2026","bali-2026","bal26-142","Bali, Indonesia","2026-06-21","Balinese woman in patterned sarong performs daily Hindu offering ritual by roadside in Bali, Indonesia, lush tropical backdrop.","Timeless offerings, spiritual grace","A Balinese woman performs a daily Hindu ritual, placing offerings by a lush roadside. She wears a vibrant patterned sarong and an orange top, holding a small ritual object aloft. Traditional offerings rest on a tray she carries and on the ground, embodying spiritual devotion. Overhead, tropical foliage and tall grass frame the scene, with a glimpse of a village road and traditional structures. The soft, overcast light enhances the tranquil, authentic atmosphere of daily life in Bali.","SONY","ILCE-7CM2","FE 24-70mm F2.8 GM II","70.0 mm","70 mm","2.8","1/1600","1000","Manual","Multi-segment","Auto","Off, Did not fire","2026:06:21 10:30:33","","","3063","4595","https://res.cloudinary.com/do9hrcwn1/image/upload/c_limit,f_auto,q_auto,w_1200/v1/sammapix/portfolio/bali-2026/142-balinese-daily-offerings-ritual-roadside-bali-indonesia"
"bali-2026","bali-2026","bal26-143","Bali, Indonesia","2026-06-21","Balinese woman on wooden bench in front of turquoise door in Bali, Indonesia, with gentle smile, local life street scene.","Serene gaze, everyday beauty","A striking portrait of a Balinese woman captures her serene gaze, seated on a rustic wooden bench. Behind her, a vibrant, weathered turquoise corrugated door provides a rich textural backdrop, contrasting with the soft, diffused light. This candid street scene offers an authentic glimpse into local life in Bali, Indonesia, highlighting the quiet dignity and everyday beauty found within its communities. Small details, like sparse weeds and traditional offerings, enhance the genuine atmosphere.","SONY","ILCE-7CM2","FE 24-70mm F2.8 GM II","70.0 mm","70 mm","2.8","1/1600","4000","Manual","Multi-segment","Auto","Off, Did not fire","2026:06:21 10:30:37","","","3917","5875","https://res.cloudinary.com/do9hrcwn1/image/upload/c_limit,f_auto,q_auto,w_1200/v1/sammapix/portfolio/bali-2026/143-balinese-woman-portrait-turquoise-door-bali-indonesia"
"bali-2026","bali-2026","bal26-144","Bali, Indonesia","2026-06-21","Elderly Balinese man sitting roadside, holding cigarette, by traditional offering on bamboo pole, Bali, Indonesia.","Daily ritual, a quiet moment","An elderly Balinese man sits serenely on a stone block by a quiet village street. His weathered face holds a contemplative gaze, a lit cigarette resting in his hands. Behind him, closed shop shutters and a white scooter suggest a relaxed pace of island life. To his right, a bamboo pole displays a beautifully woven offering basket, adorned with yellow cloth and flowers, a daily ritual, symbolizing gratitude and peace in Bali.","SONY","ILCE-7CM2","FE 24-70mm F2.8 GM II","70.0 mm","70 mm","2.8","1/1600","2500","Manual","Multi-segment","Auto","Off, Did not fire","2026:06:21 10:31:44","","","3715","5573","https://res.cloudinary.com/do9hrcwn1/image/upload/c_limit,f_auto,q_auto,w_1200/v1/sammapix/portfolio/bali-2026/144-balinese-elder-man-street-portrait-offering-bali-indonesia"
"bali-2026","bali-2026","bal26-145","Bali, Indonesia","2026-06-21","Smiling Balinese man in white 'Nico Paz' t-shirt on a village street in Bali, Indonesia, with blurred foliage.","A warm village smile","A warm smile from a local Balinese man brightens this village street scene. He wears a crisp white t-shirt featuring a blue graphic of 'Nico Paz', paired with dark Fila pants. Soft, diffused light illuminates his face, highlighting the friendly expression. Lush green foliage forms a vibrant, blurred background, suggesting a serene natural setting in Indonesia's famous island paradise. Traditional residential buildings are subtly visible.","SONY","ILCE-7CM2","FE 24-70mm F2.8 GM II","70.0 mm","70 mm","3.2","1/1600","3200","Manual","Multi-segment","Auto","Off, Did not fire","2026:06:21 10:36:38","","","4672","7008","https://res.cloudinary.com/do9hrcwn1/image/upload/c_limit,f_auto,q_auto,w_1200/v1/sammapix/portfolio/bali-2026/145-balinese-man-portrait-smiling-village-street-bali-indonesia"
"bali-2026","bali-2026","bal26-146","Bali, Indonesia","2026-06-21","Young man loading green palm fronds into a red Suzuki Carry pickup truck on a street in Bali, Indonesia, showcasing local life.","Daily harvest, vibrant spirit","A young Balinese man loads vibrant green palm fronds into a bright red Suzuki Carry pickup truck on an overcast day. He wears a Chicago Bulls cap, black t-shirt, and sturdy boots, reflecting practical local attire. The truck, adorned with a unique animal graphic, sits on an asphalt street, suggesting daily life and preparation for local ceremonies or decorations on the beautiful island of Bali, Indonesia.","SONY","ILCE-7CM2","FE 24-70mm F2.8 GM II","70.0 mm","70 mm","3.2","1/1600","4000","Manual","Multi-segment","Auto","Off, Did not fire","2026:06:21 10:38:43","","","3974","5961","https://res.cloudinary.com/do9hrcwn1/image/upload/c_limit,f_auto,q_auto,w_1200/v1/sammapix/portfolio/bali-2026/146-bali-man-loading-palm-fronds-red-pickup-truck-indonesia"
"bali-2026","bali-2026","bal26-147","Bali, Indonesia","2026-06-21","Two Balinese boys sit on a woven mat under a thatched roof structure in Bali, Indonesia, with traditional brick architecture behind.","Island life's gentle gaze","Two young Balinese boys, in red shirts, relax on a woven mat beneath a rustic thatched roof. Soft, diffused light illuminates their quiet presence, one boy looking towards the viewer. Intricate traditional brick architecture frames the background, adorned with a vibrant yellow and white textile. Green tropical foliage adds a natural, tranquil touch, embodying Bali's serene, authentic atmosphere, inviting reflection.","SONY","ILCE-7CM2","FE 24-70mm F2.8 GM II","70.0 mm","70 mm","3.2","1/1600","2500","Manual","Multi-segment","Auto","Off, Did not fire","2026:06:21 10:40:54","","","3424","5136","https://res.cloudinary.com/do9hrcwn1/image/upload/c_limit,f_auto,q_auto,w_1200/v1/sammapix/portfolio/bali-2026/147-balinese-boys-traditional-hut-bali-indonesia-culture"
"bali-2026","bali-2026","bal26-148","Bali, Indonesia","2026-06-21","Young Balinese boy in black-white checkered poleng sarong, holding woven container, standing by red van in Bali village street.","Village youth, offerings in hand","A Balinese boy stands thoughtfully on a textured pavement, holding a delicate woven box. He wears a black t-shirt and a traditional black and white checkered sarong, complemented by blue flip-flops. Soft, diffused light illuminates the scene, highlighting verdant moss and lush greenery on an adjacent stone wall. A red vehicle and blurred figures suggest a bustling village atmosphere, capturing a moment of quiet tradition in Bali, Indonesia.","SONY","ILCE-7CM2","FE 24-70mm F2.8 GM II","70.0 mm","70 mm","3.2","1/1600","3200","Manual","Multi-segment","Auto","Off, Did not fire","2026:06:21 10:44:08","","","4672","7008","https://res.cloudinary.com/do9hrcwn1/image/upload/c_limit,f_auto,q_auto,w_1200/v1/sammapix/portfolio/bali-2026/148-balinese-boy-poleng-sarong-woven-container-bali-village"
"bali-2026","bali-2026","bal26-149","Bali, Indonesia","2026-06-21","Man selling roasted corn and instant snacks from a motorcycle street food stall with colorful umbrella in Bali, Indonesia.","Daily life, local treats","A vibrant street food stall in Bali, Indonesia, showcases local flavors. A vendor stands beside his motorcycle mounted cart, laden with roasted and boiled corn, 'Jagung Bakar' and 'Jagung Rebus,' along with various instant snacks. A colorful umbrella provides shade, while traditional Balinese architecture and lush tropical foliage softly frame the background. The scene captures authentic daily life.","SONY","ILCE-7CM2","FE 24-70mm F2.8 GM II","70.0 mm","70 mm","3.2","1/1600","2000","Manual","Multi-segment","Auto","Off, Did not fire","2026:06:21 10:45:18","","","3369","5054","https://res.cloudinary.com/do9hrcwn1/image/upload/c_limit,f_auto,q_auto,w_1200/v1/sammapix/portfolio/bali-2026/149-bali-street-food-vendor-motorcycle-stall-corn-indonesia"
"bali-2026","bali-2026","bal26-150","Bali, Indonesia","2026-06-21","Elderly Balinese farmer in harvested rice field, traditional work, lush coconut palms, scooter foreground, Bali, Indonesia.","Timeless toil in verdant fields","An elderly Balinese farmer works shirtless in a recently harvested rice field, bending to his task. Lush, towering coconut palm trees and a dense tropical forest form a vibrant backdrop under a soft, overcast sky. The foreground features the blurred back of a scooter and its rider, capturing an authentic moment of daily life and enduring agricultural traditions on the island of Bali, Indonesia.","SONY","ILCE-7CM2","FE 24-70mm F2.8 GM II","70.0 mm","70 mm","2.8","1/1600","2500","Manual","Multi-segment","Auto","Off, Did not fire","2026:06:21 10:48:12","","","4672","7008","https://res.cloudinary.com/do9hrcwn1/image/upload/c_limit,f_auto,q_auto,w_1200/v1/sammapix/portfolio/bali-2026/150-bali-farmer-rice-field-traditional-farming-indonesia"
"bali-2026","bali-2026","bal26-151","Bali, Indonesia","2026-06-21","Two Balinese men, traditional white shirts, plaid sarongs, udeng, on a Bali street. Festive penjor and temple architecture background.","Youthful smiles, island spirit","Young Balinese men stand on a street, wearing traditional white shirts, plaid sarongs, and udeng headwear. One smiles, making a shaka sign, the other looks on. Overhead, festive penjor decorations arch gracefully, symbolizing Hindu culture. Intricate stone architecture and parked motorbikes line the street, reflecting daily island life. Small Canang Sari offerings, visible on the asphalt, highlight Bali's spiritual traditions.","SONY","ILCE-7CM2","FE 24-70mm F2.8 GM II","70.0 mm","70 mm","2.8","1/1600","1600","Manual","Multi-segment","Auto","Off, Did not fire","2026:06:21 10:52:02","","","3830","5745","https://res.cloudinary.com/do9hrcwn1/image/upload/c_limit,f_auto,q_auto,w_1200/v1/sammapix/portfolio/bali-2026/151-balinese-youth-traditional-dress-street-bali-indonesia"
"bali-2026","bali-2026","bal26-152","Bali, Indonesia","2026-06-21","Man in Mitsubishi L300 van, Bali, Indonesia, waving from window. Street portrait capturing local interaction.","Warm roadside glance","A friendly local man offers a warm glance from a Mitsubishi L300 passenger window in Bali. His weathered hand is raised, a gesture of greeting or farewell, as he looks out. Dappled light highlights the textures of his skin, cap, and striped shirt. The intimate street portrait captures a fleeting moment of genuine connection, revealing daily life on the vibrant Indonesian island, a testament to its welcoming spirit.","SONY","ILCE-7CM2","FE 24-70mm F2.8 GM II","70.0 mm","70 mm","2.8","1/1600","5000","Manual","Multi-segment","Auto","Off, Did not fire","2026:06:21 10:56:41","","","3968","5952","https://res.cloudinary.com/do9hrcwn1/image/upload/c_limit,f_auto,q_auto,w_1200/v1/sammapix/portfolio/bali-2026/152-bali-indonesia-local-man-waving-l300-street-portrait"
"bali-2026","bali-2026","bal26-153","Bali, Indonesia","2026-06-21","Balinese man in traditional straw hat walks tropical sidewalk, lush green plants, everyday life, Bali, Indonesia.","Tropical stroll, daily grace","A Balinese man walks along a concrete sidewalk, his woven straw hat providing shade from the tropical sun. Lush foliage, including large-leafed plants and smaller bushes, forms a vibrant, dense backdrop. Potted plants line the path, adding to the verdant atmosphere. Soft, diffused natural light illuminates the rich greens and the man's calm, purposeful stride, capturing a tranquil moment of daily life.","SONY","ILCE-7CM2","FE 24-70mm F2.8 GM II","70.0 mm","70 mm","2.8","1/1600","1600","Manual","Multi-segment","Auto","Off, Did not fire","2026:06:21 11:00:37","","","2992","4489","https://res.cloudinary.com/do9hrcwn1/image/upload/c_limit,f_auto,q_auto,w_1200/v1/sammapix/portfolio/bali-2026/153-bali-indonesia-man-straw-hat-tropical-sidewalk-life"
"bali-2026","bali-2026","bal26-154","Bali, Indonesia","2026-06-21","Two barefoot Balinese boys play with flip-flops in a lush tropical garden, vibrant green and red foliage, Bali, Indonesia.","Barefoot joy in tropical gardens","Two Balinese boys engage in playful combat, barefoot on lush green grass, their vibrant flip-flops serving as imaginary swords. Tropical foliage, dense with various shades of green and hints of reddish new growth, frames their joyful game. Soft daylight bathes the scene, highlighting the innocence and carefree spirit of childhood in Bali. The paved path in the foreground grounds this intimate moment of island life.","SONY","ILCE-7CM2","FE 24-70mm F2.8 GM II","70.0 mm","70 mm","2.8","1/1600","4000","Manual","Multi-segment","Auto","Off, Did not fire","2026:06:21 11:01:21","","","3791","5686","https://res.cloudinary.com/do9hrcwn1/image/upload/c_limit,f_auto,q_auto,w_1200/v1/sammapix/portfolio/bali-2026/154-balinese-boys-playing-flip-flops-garden-bali-indonesia"
"bali-2026","bali-2026","bal26-155","Bali, Indonesia","2026-06-21","Balinese man on scooter, straw hat, green shirt, barefoot, carrying foliage. Green gate background, Bali, Indonesia street scene.","Enduring spirit of the island","A Balinese man, wearing a traditional straw hat and vibrant green shirt, sits poised on his Honda scooter. His direct gaze holds a quiet intensity. Bundles of natural foliage, likely offerings or market produce, are secured around the scooter. A weathered green gate forms the striking backdrop, its color echoed in his attire. Barefoot, he embodies a connection to the island's earthy rhythms, a compelling portrait of daily life in Bali, Indonesia.","SONY","ILCE-7CM2","FE 24-70mm F2.8 GM II","70.0 mm","70 mm","2.8","1/1600","4000","Manual","Multi-segment","Auto","Off, Did not fire","2026:06:21 11:04:07","","","3519","5282","https://res.cloudinary.com/do9hrcwn1/image/upload/c_limit,f_auto,q_auto,w_1200/v1/sammapix/portfolio/bali-2026/155-bali-local-man-scooter-straw-hat-daily-life-indonesia"
"bali-2026","bali-2026","bal26-156","Bali, Indonesia","2026-06-21","Balinese farmer in a straw hat plants rice seedlings in a flooded paddy field at sunrise, reflections glimmering, Bali, Indonesia.","Enduring spirit, golden reflections","A solitary Balinese farmer, adorned in a straw hat and purple shirt, meticulously plants rice seedlings in a flooded paddy field. Golden morning light bathes the scene, creating serene reflections on the calm water, mirroring the worker and the distant lush palm trees. This timeless agricultural tradition unfolds amidst the tranquil Indonesian landscape, showcasing essential human connection to the land.","SONY","ILCE-7CM2","FE 24-70mm F2.8 GM II","70.0 mm","70 mm","2.8","1/1600","250","Manual","Multi-segment","Auto","Off, Did not fire","2026:06:21 11:04:39","","","1909","2863","https://res.cloudinary.com/do9hrcwn1/image/upload/c_limit,f_auto,q_auto,w_1200/v1/sammapix/portfolio/bali-2026/156-balinese-farmer-rice-paddy-sunrise-reflections-bali"
"bali-2026","bali-2026","bal26-157","Bali, Indonesia","2026-06-21","Man in blue hoodie smoking cigarette walks past yellow truck, stacked sacks, banana tree on Bali roadside.","Daily life unfolds roadside","A man in a vibrant blue hoodie strides along a Bali roadside, cigarette poised. Diffused daylight illuminates his focused expression. Behind him, a yellow truck, 'SRI JATI' emblazoned, sits beside large stacks of white 'SUPER CC' sacks and bundled hay. Simple corrugated roof structures and a lush banana tree frame this authentic glimpse into island life, capturing a quiet, everyday street scene with a subtle tropical backdrop.","SONY","ILCE-7CM2","FE 24-70mm F2.8 GM II","70.0 mm","70 mm","2.8","1/1600","500","Manual","Multi-segment","Auto","Off, Did not fire","2026:06:21 11:07:30","","","3627","5441","https://res.cloudinary.com/do9hrcwn1/image/upload/c_limit,f_auto,q_auto,w_1200/v1/sammapix/portfolio/bali-2026/157-bali-street-man-smoking-yellow-truck-daily-life-indonesia"
"bali-2026","bali-2026","bal26-158","Bali, Indonesia","2026-06-21","Two men on a utility scooter with a trailer pass a Martabak stall on a vibrant Balinese street, Indonesia, under overcast skies.","Working street, daily rhythm of transit","A man in a bright yellow vest drives a custom utility motorcycle with a rear cargo trailer, carrying another man. They navigate a vibrant Balinese street, flanked by local businesses and lush greenery. A prominent ""MARTABAK"" food stall sign is visible, along with other service icons. The overcast sky casts a soft, even light, illuminating the intricate Balinese stone carvings and checkered fabric, capturing authentic daily life in Indonesia.","SONY","ILCE-7CM2","FE 24-70mm F2.8 GM II","70.0 mm","70 mm","2.8","1/1600","1250","Manual","Multi-segment","Auto","Off, Did not fire","2026:06:21 11:08:56","","","4171","6257","https://res.cloudinary.com/do9hrcwn1/image/upload/c_limit,f_auto,q_auto,w_1200/v1/sammapix/portfolio/bali-2026/158-bali-indonesia-street-scene-utility-scooter-martabak"
"bali-2026","bali-2026","bal26-159","Bali, Indonesia","2026-06-21","Young man walking on a concrete sidewalk beside vibrant green flooded rice paddies, traditional hut, Bali, Indonesia","Tranquil journey through verdant paddies","A young Balinese man walks along a concrete sidewalk, bathed in soft, diffused light. He wears a cap, t-shirt, and shorts, carrying a backpack. Lush, flooded green rice paddies stretch into the hazy background, where power lines and simple structures dot the landscape. A single tree stands prominently on the right, framing this serene glimpse into daily life in rural Bali, Indonesia.","SONY","ILCE-7CM2","FE 24-70mm F2.8 GM II","70.0 mm","70 mm","2.8","1/1600","800","Manual","Multi-segment","Auto","Off, Did not fire","2026:06:21 11:17:36","","","2781","4171","https://res.cloudinary.com/do9hrcwn1/image/upload/c_limit,f_auto,q_auto,w_1200/v1/sammapix/portfolio/bali-2026/159-bali-man-walking-rice-paddies-sidewalk-indonesia"
"bali-2026","bali-2026","bal26-160","Bali, Indonesia","2026-06-21","Barefoot Balinese boy on blue bicycle with kite, vibrant red shirt, riding past traditional Balinese house wall, soft light, Bali, Indonesia.","A boy and his kite","A young Balinese boy pedals his blue bicycle along a local street, his feet bare, a vibrant blue kite trailing from his bike. He wears a red shirt and shorts, embodying carefree island life. Traditional Balinese architecture, with ornate carvings and an earthy orange wall, forms a cultural backdrop. Soft, diffused light illuminates this authentic scene, capturing a moment of simple joy in Indonesia.","SONY","ILCE-7CM2","FE 24-70mm F2.8 GM II","70.0 mm","70 mm","2.8","1/1600","2500","Manual","Multi-segment","Auto","Off, Did not fire","2026:06:21 11:18:18","","","3919","5878","https://res.cloudinary.com/do9hrcwn1/image/upload/c_limit,f_auto,q_auto,w_1200/v1/sammapix/portfolio/bali-2026/160-balinese-boy-bicycle-kite-street-life-bali-indonesia"
"bali-2026","bali-2026","bal26-161","Bali, Indonesia","2026-06-21","Elderly Balinese man sweeping a street in Bali, Indonesia, with a frangipani flower behind his ear, by a traditional carved stone wall.","Island life, quiet dignity","An elderly Balinese man diligently sweeps fallen frangipani blossoms and debris from a sidewalk. He wears simple shorts, his skin weathered by the sun, a vibrant pink and yellow frangipani flower tucked behind his ear. Behind him, a beautifully carved stone wall hints at traditional Balinese architecture. The soft daylight illuminates the scene, capturing a moment of quiet daily ritual and island life in Bali, Indonesia.","SONY","ILCE-7CM2","FE 24-70mm F2.8 GM II","70.0 mm","70 mm","2.8","1/1600","4000","Manual","Multi-segment","Auto","Off, Did not fire","2026:06:21 11:20:52","","","3806","5709","https://res.cloudinary.com/do9hrcwn1/image/upload/c_limit,f_auto,q_auto,w_1200/v1/sammapix/portfolio/bali-2026/161-bali-elderly-man-sweeping-street-daily-life-indonesia"
"bali-2026","bali-2026","bal26-162","Bali, Indonesia","2026-06-21","Child, vendor, Roti Bakar street food cart in Bali. Indonesian urban scene, a yellow gas tank sits beside.","Sweet anticipation at the Roti Bakar stall","A candid street scene unfolds in Bali, Indonesia. A young child, in blue shorts, reaches up to a vibrant Roti Bakar food cart, their attention captivated by the treats inside. An adult vendor stands partially visible behind the glass counter, ready to serve. A yellow gas cylinder rests on the pavement, alongside a 'Roti Bakar' sign. The atmosphere buzzes with daily urban life and simple culinary traditions.","SONY","ILCE-7CM2","FE 24-70mm F2.8 GM II","70.0 mm","70 mm","2.8","1/1600","2500","Manual","Multi-segment","Auto","Off, Did not fire","2026:06:21 11:25:14","","","4672","7008","https://res.cloudinary.com/do9hrcwn1/image/upload/c_limit,f_auto,q_auto,w_1200/v1/sammapix/portfolio/bali-2026/162-bali-roti-bakar-street-food-stall-child-vendor-indonesia"
"bali-2026","bali-2026","bal26-163","Bali, Indonesia","2026-06-21","Shirtless young Balinese man sorting leafy greens on a makeshift counter, surrounded by cement bags and construction materials in Bali, Indonesia.","Daily toil, quiet strength","A young man in Bali intently sorts leafy greens, his bare torso illuminated by soft, diffused light. He stands at a simple wooden counter, surrounded by the raw authenticity of a construction area. Stacks of cement bags, marked with local Indonesian brands, line the weathered plywood wall. The scene captures a quiet moment of labor, revealing a glimpse into the everyday rhythms and unpolished beauty of Balinese life, far from tourist paths.","SONY","ILCE-7CM2","FE 24-70mm F2.8 GM II","70.0 mm","70 mm","2.8","1/1600","2500","Manual","Multi-segment","Auto","Off, Did not fire","2026:06:21 11:30:36","","","3343","5015","https://res.cloudinary.com/do9hrcwn1/image/upload/c_limit,f_auto,q_auto,w_1200/v1/sammapix/portfolio/bali-2026/163-bali-indonesia-man-sorting-greens-construction-site"
"bali-2026","bali-2026","bal26-164","Bali, Indonesia","2026-06-21","Balinese farmer in a vibrant green rice paddy, tending crops, with traditional marigold flowers in foreground. Bali, Indonesia.","Daily toil, verdant fields","A Balinese farmer diligently tends a lush, green rice paddy, his bare feet immersed in the muddy earth. He wears an orange shirt and a patterned beanie, holding a small drawstring bag. In the foreground, vibrant orange marigold flowers bloom, adding a burst of color. Soft, diffused light illuminates the scene, highlighting the peaceful, traditional rhythm of rural life, with houses subtly visible in the distance.","SONY","ILCE-7CM2","FE 24-70mm F2.8 GM II","70.0 mm","70 mm","2.8","1/1600","2500","Manual","Multi-segment","Auto","Off, Did not fire","2026:06:21 11:34:44","","","4512","6768","https://res.cloudinary.com/do9hrcwn1/image/upload/c_limit,f_auto,q_auto,w_1200/v1/sammapix/portfolio/bali-2026/164-bali-rice-farmer-paddy-marigold-flowers-indonesia"
"bali-2026","bali-2026","bal26-165","Bali, Indonesia","2026-06-21","Muslim woman in green hijab carries baby on busy Bali street, Indonesia. Shops, scooters, food cart, everyday life.","Candid moments on a bustling street","A Muslim woman in a vibrant green hijab and flowing blue pleated skirt holds her young child on a bustling street in Bali, Indonesia. They observe something unseen, their faces a study in candid everyday life. Behind them, local shops display signs for 'JUAL AYAM' (selling chicken) and barbershop services. Parked scooters and a street vendor cart highlight the vibrant urban environment, bathed in soft, diffused light.","SONY","ILCE-7CM2","FE 24-70mm F2.8 GM II","70.0 mm","70 mm","2.8","1/1600","10000","Manual","Multi-segment","Auto","Off, Did not fire","2026:06:21 11:47:45","","","4139","6208","https://res.cloudinary.com/do9hrcwn1/image/upload/c_limit,f_auto,q_auto,w_1200/v1/sammapix/portfolio/bali-2026/165-bali-muslim-mother-child-street-scene-indonesia"
"bali-2026","bali-2026","bal26-166","Bali, Indonesia","2026-06-21","Balinese family of four riding a grey Vespa scooter on a road in Bali, Indonesia, showcasing local daily life and travel.","Everyday life in motion","A Balinese family of four, two adults and two children, navigate a local road on a sleek grey Vespa scooter. The woman on the back beams, while the children upfront observe their surroundings. This vibrant scene captures the authentic rhythm of daily life in Bali, Indonesia, under a soft, diffuse sky. The bustling street, traditional architecture, and lush greenery frame a timeless travel moment.","SONY","ILCE-7CM2","FE 24-70mm F2.8 GM II","70.0 mm","70 mm","2.8","1/1600","6400","Manual","Multi-segment","Auto","Off, Did not fire","2026:06:21 11:51:26","","","4672","7008","https://res.cloudinary.com/do9hrcwn1/image/upload/c_limit,f_auto,q_auto,w_1200/v1/sammapix/portfolio/bali-2026/166-balinese-family-vespa-scooter-daily-life-bali-indonesia"
"bali-2026","bali-2026","bal26-167","Bali, Indonesia","2026-06-21","Balinese farmer plowing muddy rice field with power tiller, surrounded by lush green terraces and tall palm trees under overcast sky, Bali","Farmer's toil, verdant terraces","A Balinese farmer diligently operates a walking tractor, tilling the muddy waters of a rice paddy. Rows of lush green rice plants frame the foreground, while tiered terraces rise in the distance, crowned by swaying coconut palms. The soft, diffused light of an overcast sky bathes the scene, highlighting the rich textures of the soil and the tranquil reflections on the water's surface. This image embodies the enduring agricultural heritage of Bali.","SONY","ILCE-7CM2","FE 24-70mm F2.8 GM II","70.0 mm","70 mm","2.8","1/1600","10000","Manual","Multi-segment","Auto","Off, Did not fire","2026:06:21 11:56:43","","","4672","7008","https://res.cloudinary.com/do9hrcwn1/image/upload/c_limit,f_auto,q_auto,w_1200/v1/sammapix/portfolio/bali-2026/167-bali-farmer-plowing-rice-paddy-tropical-terrace"
"bali-2026","bali-2026","bal26-168","Bali, Indonesia","2026-06-21","Bali farmer plowing muddy rice paddy with hand tractor, egret nearby, under soft sky with palm trees. Traditional agriculture scene.","Rhythmic dance of cultivation","A Balinese farmer works a muddy rice paddy, skillfully guiding a hand tractor through the rich soil. Overhead, soft, diffused light illuminates the scene. Lush green palm trees and tropical foliage frame the background, creating a serene, vibrant landscape. A lone white egret gracefully wades in the water, a quiet companion to the diligent labor. This image captures the timeless rhythm of traditional agriculture in Bali, Indonesia.","SONY","ILCE-7CM2","FE 24-70mm F2.8 GM II","70.0 mm","70 mm","2.8","1/1600","12800","Manual","Multi-segment","Auto","Off, Did not fire","2026:06:21 11:56:47","","","4322","6483","https://res.cloudinary.com/do9hrcwn1/image/upload/c_limit,f_auto,q_auto,w_1200/v1/sammapix/portfolio/bali-2026/168-bali-rice-field-farmer-hand-tractor-egret-indonesia"
"bali-2026","bali-2026","bal26-169","Bali, Indonesia","2026-06-21","Older Balinese man, cap & sarong, sits barefoot on pillar outside Fleuri Laundry, Bali. Mossy frangipani tree, street view, daily life.","A moment of quiet contemplation","An older Balinese man, wearing a cap, glasses, blue shirt, and red sarong, sits barefoot on a stone pillar. He gazes thoughtfully away, bathed in soft, diffused light, embodying a moment of quiet street repose. Behind him, a 'Fleuri Pusat Laundry' sign is visible. A moss-covered frangipani tree frames the foreground, adding tropical texture to this authentic Bali street scene. The damp concrete pavement suggests recent rain, highlighting daily island life.","SONY","ILCE-7CM2","FE 24-70mm F2.8 GM II","70.0 mm","70 mm","2.8","1/1600","16000","Manual","Multi-segment","Auto","Off, Did not fire","2026:06:21 11:58:27","","","4083","6125","https://res.cloudinary.com/do9hrcwn1/image/upload/c_limit,f_auto,q_auto,w_1200/v1/sammapix/portfolio/bali-2026/169-balinese-man-street-life-laundry-bali-indonesia"
"bali-2026","bali-2026","bal26-170","Bali, Indonesia","2026-06-21","Balinese men prepare an elaborate Barong mask and costume for a ceremony on a village street in Bali, Indonesia.","Sacred Barong spirit awakens","Balinese men meticulously prepare an intricate Barong costume on a village street. Golden ornaments adorn the mythical creature’s mask and shaggy body, reflecting the island's rich spiritual heritage. A traditional checkered ceremonial umbrella, a 'tedung', stands overhead. The soft, ambient light illuminates the focused process, capturing a poignant moment before a traditional ceremony unfolds in Bali, Indonesia.","SONY","ILCE-7CM2","FE 24-70mm F2.8 GM II","70.0 mm","70 mm","2.8","1/1600","32000","Manual","Multi-segment","Auto","Off, Did not fire","2026:06:21 11:59:20","","","4672","7008","https://res.cloudinary.com/do9hrcwn1/image/upload/c_limit,f_auto,q_auto,w_1200/v1/sammapix/portfolio/bali-2026/170-bali-barong-ceremony-preparation-indonesia-culture"
"bali-2026","bali-2026","bal26-171","Bali, Indonesia","2026-06-21","Balinese Barong dancer in ornate golden mask, black costume, striped pants walking barefoot on street, Bali, Indonesia.","Ancient spirit procession","A traditional Balinese Barong dancer, adorned in an intricate golden and red mask, leads a solemn procession on a paved street in Bali, Indonesia. Barefoot participants in black and white striped ceremonial attire move gracefully. Diffused daylight softly illuminates the detailed craftsmanship of the mask and the vibrant cultural atmosphere. Lush tropical foliage frames the background, observing this timeless ritual, while a checkered flag flutters nearby.","SONY","ILCE-7CM2","FE 24-70mm F2.8 GM II","70.0 mm","70 mm","2.8","1/1600","25600","Manual","Multi-segment","Auto","Off, Did not fire","2026:06:21 12:01:01","","","3284","4926","https://res.cloudinary.com/do9hrcwn1/image/upload/c_limit,f_auto,q_auto,w_1200/v1/sammapix/portfolio/bali-2026/171-balinese-barong-dancer-procession-street-bali-indonesia"
"bali-2026","bali-2026","bal26-172","Bali, Indonesia","2026-06-21","Farmer spraying rice paddy field in rural Bali, Indonesia. Man with backpack sprayer and hat in muddy field, palm trees.","Timeless rhythm of cultivation","A farmer stands amidst the vast, muddy expanse of a Balinese rice paddy, preparing the land for new growth. He wears a hat, an orange shirt, and shorts, carrying a traditional backpack sprayer. His legs are caked with mud, a testament to diligent work. Towering palm trees line the horizon under an overcast sky, casting a soft, diffused light over this scene of essential agriculture in rural Bali, Indonesia.","SONY","ILCE-7CM2","FE 24-70mm F2.8 GM II","70.0 mm","70 mm","2.8","1/1600","16000","Manual","Multi-segment","Auto","Off, Did not fire","2026:06:21 12:06:49","","","3870","5808","https://res.cloudinary.com/do9hrcwn1/image/upload/c_limit,f_auto,q_auto,w_1200/v1/sammapix/portfolio/bali-2026/172-bali-indonesia-farmer-rice-paddy-spraying-traditional"
"japan-2025","japan-2025","jap-01","Senso-ji Temple Hozomon Gate, Tokyo, Japan","2025-05-29","Crowded view of Senso-ji Temple Hozomon Gate, Tokyo. Ornate red Japanese architecture with large red lantern, bustling tourists.","Senso-ji · vibrant heart of ancient Tokyo","A vibrant scene unfolds at Senso-ji Temple's Hozomon Gate in Taito, Tokyo. Intricate red and white traditional Japanese architecture rises grandly under a bright sky. A colossal red lantern, flanked by two black ones, hangs centrally, adorned with bold calligraphy. Below, a dense crowd of visitors and locals fills the plaza, bustling with activity, capturing the lively spirit of this ancient Buddhist temple.","Apple","iPhone 13 Pro","iPhone 13 Pro back dual camera 9mm f/2.8","9.0 mm","77 mm","2.8","1/200","25","Program AE","Multi-segment","Auto","Off, Did not fire","2025:05:29 09:52:23","35 deg 42' 48.36"" N","139 deg 47' 47.65"" E","2846","3795","https://res.cloudinary.com/do9hrcwn1/image/upload/c_limit,f_auto,q_auto,w_1200/v1/sammapix/portfolio/japan/01-senso-ji-hozomon-gate-tokyo-japan-red-lantern-crowd"
"japan-2025","japan-2025","jap-02","Sensō-ji Temple, Taito, Japan","2025-05-29","Man purifying with incense smoke at Sensō-ji Temple, Asakusa, Taito, Tokyo. Ornate bronze okōro, dragons.","Sensō-ji · sacred smoke, silent devotion","A man deeply bows, purifying himself with swirling smoke from a grand, ornate bronze incense burner at Sensō-ji Temple. Dragons and a Buddhist Manji symbol adorn the ancient okōro. The hazy air carries prayers, creating a timeless, spiritual atmosphere. Other temple visitors wait patiently in the soft, diffused daylight, participating in this traditional Japanese ritual.","Apple","iPhone 13 Pro","iPhone 13 Pro back dual camera 9mm f/2.8","9.0 mm","77 mm","2.8","1/160","25","Program AE","Multi-segment","Auto","Off, Did not fire","2025:05:29 09:59:15","35 deg 42' 51.87"" N","139 deg 47' 48.20"" E","3024","4032","https://res.cloudinary.com/do9hrcwn1/image/upload/c_limit,f_auto,q_auto,w_1200/v1/sammapix/portfolio/japan/02-sensoji-temple-incense-purification-tokyo-japan"
"japan-2025","japan-2025","jap-03","Taito, Tokyo, Japan","2025-05-29","A traditional Japanese rickshaw with a passenger in Taito, Tokyo. A rickshaw puller stands beside it, smiling. Green trees, gravel path.","Taito · a traditional journey, shared smiles","A traditional Japanese rickshaw awaits passengers on a gravel path in Taito, Tokyo. A rickshaw puller, dressed in traditional attire, smiles while interacting with a seated passenger. Lush green trees frame the scene, suggesting serene temple grounds or a historic park. Soft, natural light illuminates this cultural moment, highlighting the intricate details of the vintage vehicle and the relaxed atmosphere of the experience.","Apple","iPhone 13 Pro","iPhone 13 Pro back dual camera 9mm f/2.8","9.0 mm","77 mm","2.8","1/120","25","Program AE","Multi-segment","Auto","Off, Did not fire","2025:05:29 10:09:29","35 deg 42' 52.81"" N","139 deg 47' 50.78"" E","3024","4032","https://res.cloudinary.com/do9hrcwn1/image/upload/c_limit,f_auto,q_auto,w_1200/v1/sammapix/portfolio/japan/03-japanese-rickshaw-taito-tokyo-traditional-transport"
"japan-2025","japan-2025","jap-04","Taito, Japan","2025-05-29","Komainu guardian lion statue, weathered bronze, Taito, Japan. Temple background, close-up, traditional Japanese art.","Taito · Ancient guardian, weathered beauty","A weathered bronze Komainu guardian statue stands vigil, its verdigris patina telling tales of time. Intricate details of its mane and fierce expression are highlighted by soft, natural light. In the softly blurred background, vibrant traditional Japanese temple architecture with rich reds and golden accents creates an atmospheric setting. This symbolic protector embodies cultural heritage in Taito, Japan.","Apple","iPhone 13 Pro","iPhone 13 Pro back dual camera 9mm f/2.8","9.0 mm","77 mm","2.8","1/160","25","Program AE","Multi-segment","Auto","Off, Did not fire","2025:05:29 10:10:31","35 deg 42' 53.60"" N","139 deg 47' 50.73"" E","3024","4032","https://res.cloudinary.com/do9hrcwn1/image/upload/c_limit,f_auto,q_auto,w_1200/v1/sammapix/portfolio/japan/04-komainu-guardian-statue-temple-taito-japan"
"japan-2025","japan-2025","jap-05","Senso-ji Temple, Taito, Tokyo, Japan","2025-05-29","Senso-ji Pagoda, Taito, Japan. Five-story Buddhist temple, dark red tiers, grey tiled roofs, golden finial under overcast sky.","Taito · ancient whispers in city's heart","A majestic five-storied pagoda rises gracefully, its dark red tiers and grey tiled roofs forming a striking silhouette against the soft, diffused light of an overcast sky. Intricate architectural details, including small bells adorning the eaves and a gleaming golden finial, showcase traditional Japanese craftsmanship. Lush green foliage frames the lower sections, offering a natural contrast to this iconic temple's serene presence amidst the urban landscape of Taito.","Apple","iPhone 13 Pro","iPhone 13 Pro back dual camera 9mm f/2.8","9.0 mm","77 mm","2.8","1/1400","32","Program AE","Multi-segment","Auto","Off, Did not fire","2025:05:29 10:12:54","35 deg 42' 54.14"" N","139 deg 47' 47.60"" E","3024","4032","https://res.cloudinary.com/do9hrcwn1/image/upload/c_limit,f_auto,q_auto,w_1200/v1/sammapix/portfolio/japan/05-sensoji-pagoda-tokyo-japan-traditional-temple-architecture"
"japan-2025","japan-2025","jap-06","Taito, Japan","2025-05-29","Serene bronze Buddha statue in Taito, Japan. Meditative pose, holding lotus bud, intricate pedestal, lush green temple garden backdrop.","Taito · serene bronze, enduring wisdom","A weathered bronze Buddha statue sits in a meditative pose, holding a lotus bud. Its intricate pedestal displays Japanese script and patterns. Soft, diffused light illuminates the serene expression and the green patina. Small offerings of coins rest on its base. Lush, blurred foliage forms a tranquil backdrop, suggesting a peaceful temple garden setting in Taito, Japan, inviting contemplation and calm.","Apple","iPhone 13 Pro","iPhone 13 Pro back dual camera 9mm f/2.8","9.0 mm","77 mm","2.8","1/140","32","Program AE","Multi-segment","Auto","Off, Did not fire","2025:05:29 10:14:06","35 deg 42' 53.25"" N","139 deg 47' 45.73"" E","2813","3750","https://res.cloudinary.com/do9hrcwn1/image/upload/c_limit,f_auto,q_auto,w_1200/v1/sammapix/portfolio/japan/06-taito-japan-serene-bronze-buddha-statue-temple-garden"
"japan-2025","japan-2025","jap-07","Senso-ji Temple, Tokyo, Japan","2025-05-29","Crowded Nakamise-dori market street leading to Senso-ji Temple Hozomon Gate, Tokyo, Japan. Red lanterns, shoppers, traditional stalls.","Nakamise-dori · Tokyo's vibrant market pulse","A vibrant crowd fills Nakamise-dori, Tokyo's iconic market street, leading towards the grand Hozomon Gate of Senso-ji Temple. Red lanterns and traditional stalls line the busy pathway under a soft, overcast sky. The atmosphere buzzes with energy, showcasing a timeless cultural experience. People meander through the lively scene, immersed in the sights and sounds of this historic district, surrounded by traditional and modern architecture.","Apple","iPhone 13 Pro","iPhone 13 Pro back dual camera 9mm f/2.8","9.0 mm","77 mm","2.8","1/440","32","Program AE","Multi-segment","Auto","Off, Did not fire","2025:05:29 10:27:44","35 deg 42' 43.39"" N","139 deg 47' 47.32"" E","2657","3542","https://res.cloudinary.com/do9hrcwn1/image/upload/c_limit,f_auto,q_auto,w_1200/v1/sammapix/portfolio/japan/07-senso-ji-temple-nakamise-dori-market-crowd-tokyo-japan"
"japan-2025","japan-2025","jap-08","Ueno Great Buddha, Taito, Japan","2025-05-29","Ueno Great Buddha weathered bronze face sculpture in Taito, Japan. Features green patina, spiritual offerings, hanging blue ema prayer plaques.","Ueno · serene countenance, ancient blessings","A monumental, weathered bronze Buddha face sculpture dominates the frame, displaying a serene expression and rich green patina. Traditional wooden ema prayer plaques, adorned with stylized blue faces, hang nearby, indicating a sacred site in Taito, Japan. Delicate floral offerings and a wooden donation box complete the scene, conveying a sense of devotion. Modern city buildings softly appear in the background, subtly contrasting the ancient spiritual atmosphere.","Apple","iPhone 13 Pro","iPhone 13 Pro back dual camera 9mm f/2.8","9.0 mm","77 mm","2.8","1/120","160","Program AE","Multi-segment","Auto","Off, Did not fire","2025:05:29 10:59:14","35 deg 42' 51.72"" N","139 deg 46' 22.34"" E","3024","4032","https://res.cloudinary.com/do9hrcwn1/image/upload/c_limit,f_auto,q_auto,w_1200/v1/sammapix/portfolio/japan/08-ueno-great-buddha-face-sculpture-temple-taito-japan"
"japan-2025","japan-2025","jap-09","Ueno Toshogu Shrine, Tokyo, Japan","2025-05-29","Ueno Toshogu Shrine, Tokyo, Japan. Grand golden temple, green copper roof, ornate carvings, bustling visitors, ema wall.","Ueno Toshogu Shrine · golden elegance, spiritual whispers","Ueno Toshogu Shrine's vibrant golden facade and aged green copper roof shimmer under an overcast sky. Intricate carvings adorn the traditional Japanese architecture, reflecting centuries of history. Visitors stroll along the stone path, some pausing to photograph the majestic structure. A wall adorned with countless wooden ema, votive tablets bearing wishes, offers a glimpse into local customs. The atmosphere is serene yet bustling, a timeless blend of devotion and discovery in Taito, Japan.","Apple","iPhone 13 Pro","iPhone 13 Pro back dual camera 9mm f/2.8","9.0 mm","77 mm","2.8","1/320","32","Program AE","Multi-segment","Auto","Off, Did not fire","2025:05:29 11:23:23","35 deg 42' 54.99"" N","139 deg 46' 16.46"" E","3024","4032","https://res.cloudinary.com/do9hrcwn1/image/upload/c_limit,f_auto,q_auto,w_1200/v1/sammapix/portfolio/japan/09-ueno-toshogu-shrine-tokyo-japan-golden-green-roof-ema"
"japan-2025","japan-2025","jap-10","Taito, Japan","2025-05-29","Ancient stone komainu guardian lion statue, weathered with moss, against blurred green foliage in Taito, Japan.","Taito · Stone guardian of ancient tranquility","A majestic stone komainu statue, a traditional Japanese guardian, stands weathered with patches of green moss. Its intricate, rough texture dominates the foreground, hinting at centuries of watchful vigilance. A soft, blurred background of lush green foliage creates a sense of depth and serene atmosphere. The natural light highlights the ancient stone, evoking a timeless cultural presence in Taito, Japan.","Apple","iPhone 13 Pro","iPhone 13 Pro back dual camera 9mm f/2.8","9.0 mm","77 mm","2.8","1/120","64","Program AE","Multi-segment","Auto","Off, Did not fire","2025:05:29 11:23:46","35 deg 42' 55.07"" N","139 deg 46' 16.08"" E","3024","4032","https://res.cloudinary.com/do9hrcwn1/image/upload/c_limit,f_auto,q_auto,w_1200/v1/sammapix/portfolio/japan/10-taito-japan-stone-komainu-guardian-statue-moss-shrine"
"japan-2025","japan-2025","jap-11","Senso-ji Temple, Taito, Japan","2025-05-29","Five-story pagoda at Senso-ji Temple, Taito, Tokyo, Japan. Ornate traditional architecture, lush green foliage, overcast sky.","Senso-ji · timeless pagoda amidst vibrant green","A magnificent five-story pagoda stands tall, its dark, tiered roofs adorned with subtle golden accents and green tiles. Lush, vibrant green foliage frames the ancient structure, partially revealing its intricate details and towering bronze spire. The soft, diffuse light from an overcast sky bathes the scene, enhancing the tranquil, historic atmosphere. This iconic Japanese temple architecture emerges gracefully from nature, a serene sight in Taito, Japan.","Apple","iPhone 13 Pro","iPhone 13 Pro back dual camera 9mm f/2.8","9.0 mm","77 mm","2.8","1/850","32","Program AE","Multi-segment","Auto","Off, Did not fire","2025:05:29 11:25:13","35 deg 42' 55.11"" N","139 deg 46' 17.12"" E","3024","4032","https://res.cloudinary.com/do9hrcwn1/image/upload/c_limit,f_auto,q_auto,w_1200/v1/sammapix/portfolio/japan/11-senso-ji-pagoda-temple-taito-japan-architecture"
"japan-2025","japan-2025","jap-12","Taito, Tokyo, Japan","2025-05-29","Mysterious dark stone sculpture with stylized smiling face and block hat, on a bustling Taito, Tokyo street.","Taito, Tokyo · silent guardian of the street","A captivating dark stone sculpture with a stylized, smiling face and a block-like top stands prominently. It rests on a textured stone base, contrasting with the vibrant, blurred urban backdrop of Taito, Tokyo. Bright Japanese signage, glimpses of shops, and distant figures create a dynamic, bustling atmosphere. The diffused light highlights the sculpture's intricate, weathered surface, inviting contemplation amidst city life.","Apple","iPhone 13 Pro","iPhone 13 Pro back dual camera 9mm f/2.8","9.0 mm","77 mm","2.8","1/250","25","Program AE","Multi-segment","Auto","Off, Did not fire","2025:05:29 11:55:34","35 deg 42' 36.55"" N","139 deg 46' 28.28"" E","2813","3750","https://res.cloudinary.com/do9hrcwn1/image/upload/c_limit,f_auto,q_auto,w_1200/v1/sammapix/portfolio/japan/12-taito-tokyo-japan-mysterious-stone-sculpture-urban-street"
"japan-2025","japan-2025","jap-13","Chiyoda, Japan","2025-05-29","Bustling retro video game store in Chiyoda, Japan, customers browsing shelves packed with Famicom cartridges, Super Mario figures, vintage posters, and collectibles.","Chiyoda · glowing pixel memories","Inside a vibrant retro video game store, customers immerse themselves in a world of nostalgia. Shelves overflow with classic cartridges, Famicom boxes, and colorful merchandise. Iconic Super Mario figures stand guard, illuminated by warm, overhead fluorescent lights. Vintage Japanese game posters line the walls, showcasing a rich cultural history. The air buzzes with quiet exploration, a treasure hunt for rare finds in Chiyoda, Tokyo.","Apple","iPhone 13 Pro","iPhone 13 Pro back dual wide camera 5.7mm f/1.5","5.7 mm","26 mm","1.5","1/100","125","Program AE","Multi-segment","Auto","Off, Did not fire","2025:05:29 12:31:11","35 deg 41' 58.15"" N","139 deg 46' 14.27"" E","3024","4032","https://res.cloudinary.com/do9hrcwn1/image/upload/c_limit,f_auto,q_auto,w_1200/v1/sammapix/portfolio/japan/13-chiyoda-japan-retro-video-game-store-nintendo-famicom"
"japan-2025","japan-2025","jap-14","Chiyoda, Japan","2025-05-29","Man playing arcade fighting game in a brightly lit Japanese arcade in Chiyoda, Japan, with multiple vintage machines glowing neon.","Chiyoda · neon arcade dreams flicker","A man concentrates intently, playing a classic fighting game at a vibrant Japanese arcade in Chiyoda. Bright neon graphics illuminate his face, reflecting off the joystick controls. Multiple retro arcade cabinets line the space, their colorful screens casting an immersive, nostalgic glow. The atmosphere buzzes with digital energy, a timeless scene of urban leisure and gaming culture.","Apple","iPhone 13 Pro","iPhone 13 Pro back dual camera 9mm f/2.8","9.0 mm","77 mm","2.8","1/25","400","Program AE","Multi-segment","Auto","Off, Did not fire","2025:05:29 12:33:37","35 deg 41' 58.22"" N","139 deg 46' 13.44"" E","3024","4032","https://res.cloudinary.com/do9hrcwn1/image/upload/c_limit,f_auto,q_auto,w_1200/v1/sammapix/portfolio/japan/14-chiyoda-japan-retro-arcade-gaming-man-playing-neon"
"japan-2025","japan-2025","jap-15","Akihabara, Chiyoda, Japan","2025-05-29","Crowded Akihabara street in Tokyo, Japan, showcasing vibrant Japanese signage, intricate utility cables overhead, and diverse pedestrians.","Akihabara · electric current of Tokyo life","A vibrant Akihabara street pulses with life under an overcast Tokyo sky. Crowds of pedestrians move through a canyon of buildings adorned with colorful, intricate Japanese signage. Overhead, a mesmerizing web of utility cables crisscrosses, typical of this urban landscape. The air hums with unseen energy, reflecting Akihabara's dynamic fusion of tech culture and daily commerce.","Apple","iPhone 13 Pro","iPhone 13 Pro back dual camera 9mm f/2.8","9.0 mm","77 mm","2.8","1/160","25","Program AE","Multi-segment","Auto","Off, Did not fire","2025:05:29 12:38:23","35 deg 41' 58.03"" N","139 deg 46' 13.94"" E","3024","4032","https://res.cloudinary.com/do9hrcwn1/image/upload/c_limit,f_auto,q_auto,w_1200/v1/sammapix/portfolio/japan/15-akihabara-street-tokyo-japan-crowd-urban-cables"
"japan-2025","japan-2025","jap-16","Yanaka Ginza Shopping Street, Taito, Japan","2025-05-29","Yanaka Ginza shopping street in Taito, Tokyo, Japan, bustling with people, traditional shops, intricate overhead power lines, cloudy day.","Yanaka · Tokyo's timeless shopping street","A vibrant scene unfolds on Yanaka Ginza shopping street in Taito, Tokyo. Pedestrians stroll along the distinctive orange-colored path, surrounded by charming traditional shopfronts. Intricate overhead power lines crisscross the sky, adding an urban texture. Japanese lanterns and banners adorn the street, leading the eye up a gentle slope to distant steps. The diffused light of an overcast day highlights the street's bustling, authentic atmosphere.","Apple","iPhone 13 Pro","iPhone 13 Pro back dual camera 9mm f/2.8","9.0 mm","77 mm","2.8","1/320","32","Program AE","Multi-segment","Auto","Off, Did not fire","2025:05:29 14:21:13","35 deg 43' 39.59"" N","139 deg 45' 56.41"" E","3024","4032","https://res.cloudinary.com/do9hrcwn1/image/upload/c_limit,f_auto,q_auto,w_1200/v1/sammapix/portfolio/japan/16-yanaka-ginza-shopping-street-tokyo-japan-streetscape"
"japan-2025","japan-2025","jap-17","Arakawa, Japan","2025-05-29","Elderly Japanese security guard in blue uniform, crane helmet, reflective vest, holding baton, on a street in Arakawa, Japan","Arakawa · urban duty, steadfast gaze","An elderly Japanese security guard stands with quiet dignity on a bustling street in Arakawa. He wears a pristine blue uniform, a reflective vest, and a distinctive light blue hard hat adorned with a white crane emblem, a symbol of longevity. His focused gaze, framed by eyeglasses, conveys dedication. Soft, diffused daylight illuminates the scene, highlighting the textures of his uniform and the red traffic baton. A faint street scene unfolds behind him, capturing a moment of steadfast urban presence.","Apple","iPhone 13 Pro","iPhone 13 Pro back dual camera 9mm f/2.8","9.0 mm","77 mm","2.8","1/120","40","Program AE","Multi-segment","Auto","Off, Did not fire","2025:05:29 14:28:22","35 deg 43' 39.50"" N","139 deg 46' 0.26"" E","2479","3305","https://res.cloudinary.com/do9hrcwn1/image/upload/c_limit,f_auto,q_auto,w_1200/v1/sammapix/portfolio/japan/17-japanese-security-guard-arakawa-street-portrait-japan"
"japan-2025","japan-2025","jap-18","Grand Scape, Toshima, Japan","2025-05-29","Bustling street scene in Toshima, Japan. Grand Scape building, colorful Japanese and Korean signs, pedestrians crossing.","Toshima · vibrant urban symphony","A vibrant street scene unfolds in Toshima, Japan, showcasing a dynamic urban landscape. Towering buildings, including the prominent Grand Scape, display an array of colorful Japanese and Korean signage, some illuminated. Pedestrians navigate busy crosswalks, their movement reflecting the city's energetic pulse. Overcast light softens the atmosphere, highlighting the intricate architecture and diverse businesses, from restaurants to quirky animal cafes.","Apple","iPhone 13 Pro","iPhone 13 Pro back triple camera 5.7mm f/1.5","5.7 mm","26 mm","1.5","1/700","50","Program AE","Multi-segment","Auto","Off, Did not fire","2025:05:29 15:57:21","35 deg 43' 47.86"" N","139 deg 42' 57.83"" E","3024","4032","https://res.cloudinary.com/do9hrcwn1/image/upload/c_limit,f_auto,q_auto,w_1200/v1/sammapix/portfolio/japan/18-toshima-japan-grand-scape-street-scene-urban-signage"
"japan-2025","japan-2025","jap-19","Chiyoda, Japan","2025-05-29","Vintage video game store in Chiyoda, Japan. Displays retro consoles, Famicom/Super Famicom cartridges, accessories, and a pixel art game.","Chiyoda · retro gaming treasures abound","A vibrant retro video game store in Chiyoda, Japan, overflows with nostalgic treasures. Packed shelves display plastic-wrapped Famicom and Super Famicom cartridges, alongside vintage consoles and accessories. A classic pixel art game glows on a monitor, its vibrant scene illuminating the organized chaos. The atmosphere captures Tokyo's deep love for gaming history, offering a glimpse into a cherished past.","Apple","iPhone 13 Pro","iPhone 13 Pro back dual camera 9mm f/2.8","9.0 mm","77 mm","2.8","1/35","125","Program AE","Multi-segment","Auto","Off, Did not fire","2025:05:29 16:52:31","35 deg 41' 55.14"" N","139 deg 46' 15.37"" E","3024","4032","https://res.cloudinary.com/do9hrcwn1/image/upload/c_limit,f_auto,q_auto,w_1200/v1/sammapix/portfolio/japan/19-chiyoda-japan-retro-video-game-store-famicom-consoles"
"japan-2025","japan-2025","jap-20","Bunkyō, Japan","2025-05-29","Vibrant green NTT public telephone booth enclosed in glass and white frame, showing Japanese text, coin slots, and receiver in Bunkyō, Japan.","Bunkyō · Tokyo's enduring green connection","A striking lime green NTT public telephone booth stands encased in its modern glass and white frame. Fluorescent light spills from a blurred shop interior, creating subtle reflections on the glass. Detailed Japanese signage, coin slots for 10 and 100 yen, and a 'PULL' label are clearly visible. The classic telephone, a nostalgic piece of urban infrastructure, offers a vibrant pop of color against a muted, tiled wall, highlighting Japan's unique blend of tradition and modernity.","Apple","iPhone 13 Pro","iPhone 13 Pro back dual camera 9mm f/2.8","9.0 mm","77 mm","2.8","1/50","160","Program AE","Multi-segment","Auto","Off, Did not fire","2025:05:29 18:18:16","35 deg 43' 32.33"" N","139 deg 45' 51.25"" E","3024","4032","https://res.cloudinary.com/do9hrcwn1/image/upload/c_limit,f_auto,q_auto,w_1200/v1/sammapix/portfolio/japan/20-bunkyo-japan-ntt-green-public-telephone-booth-urban"
"japan-2025","japan-2025","jap-21","Shibuya, Tokyo, Japan","2025-05-30","Close-up of numerous wooden Japanese ema votive tablets hanging at a shrine in Shibuya, Tokyo, on a soft, rainy day.","Shibuya · Sacred wood, whispered prayers","Rows of wooden ema votive tablets hang meticulously, each inscribed with heartfelt wishes, creating a captivating display of Japanese tradition. The foreground highlights intricate details of the small wooden plaques, their strings forming delicate lines. Soft, diffused light illuminates a traditional shrine building and blurred figures in the background, providing context. Wet stone steps glisten, suggesting recent rain, adding a serene, reflective atmosphere to this sacred space in Shibuya.","Apple","iPhone 13 Pro","iPhone 13 Pro back dual camera 9mm f/2.8","9.0 mm","77 mm","2.8","1/120","160","Program AE","Multi-segment","Auto","Off, Did not fire","2025:05:30 09:22:44","35 deg 40' 32.69"" N","139 deg 41' 58.84"" E","3024","4032","https://res.cloudinary.com/do9hrcwn1/image/upload/c_limit,f_auto,q_auto,w_1200/v1/sammapix/portfolio/japan/21-japanese-ema-votive-tablets-shibuya-tokyo-japan-rainy"
"japan-2025","japan-2025","jap-22","Meiji Jingu Shrine, Shibuya, Japan","2025-05-30","Rain falls on Meiji Jingu Shrine in Shibuya, Japan, showcasing its dark wooden architecture, layered eaves, and Imperial chrysanthemum emblem.","Meiji Jingu · tranquil rain on sacred wood","Rain softly falls on the grand wooden architecture of Meiji Jingu Shrine in Shibuya, Japan. Dark timbers, intricate layered eaves, and traditional joinery are visibly wet, creating a reflective sheen on the tiled roofs and paved ground. A golden chrysanthemum emblem, the Imperial Seal, subtly adorns an upper lantern. The overcast sky contributes to a serene, contemplative atmosphere, highlighting the shrine's ancient beauty amidst the gentle downpour, an iconic Tokyo landmark.","Apple","iPhone 13 Pro","iPhone 13 Pro back dual camera 9mm f/2.8","9.0 mm","77 mm","2.8","1/120","160","Program AE","Multi-segment","Auto","Off, Did not fire","2025:05:30 09:26:27","35 deg 40' 31.78"" N","139 deg 41' 57.24"" E","3024","4032","https://res.cloudinary.com/do9hrcwn1/image/upload/c_limit,f_auto,q_auto,w_1200/v1/sammapix/portfolio/japan/22-meiji-jingu-shrine-shibuya-japan-rainy-architecture"
"japan-2025","japan-2025","jap-23","Meiji Jingu Shrine, Shibuya, Japan","2025-05-30","Meiji Jingu Shrine, Shibuya, Japan: Wall of traditional Japanese sake barrels, vibrant calligraphy, intricate designs, straw rope textures.","Meiji Jingu · traditions stacked high","A magnificent wall of traditional sake barrels stands tall at Meiji Jingu Shrine in Shibuya, Japan. Each kazaridaru, or decorative sake barrel, features unique, vibrant calligraphy and intricate illustrations. Straw ropes bind the barrels, emphasizing traditional craftsmanship. The soft light highlights diverse patterns, from majestic cranes and powerful kanji to delicate floral motifs. This display represents offerings to the gods, embodying rich cultural heritage and a deep spiritual connection.","Apple","iPhone 13 Pro","iPhone 13 Pro back dual camera 9mm f/2.8","9.0 mm","77 mm","2.8","1/120","100","Program AE","Multi-segment","Auto","Off, Did not fire","2025:05:30 09:35:57","35 deg 40' 24.82"" N","139 deg 42' 7.13"" E","3024","4032","https://res.cloudinary.com/do9hrcwn1/image/upload/c_limit,f_auto,q_auto,w_1200/v1/sammapix/portfolio/japan/23-meiji-jingu-shrine-sake-barrels-shibuya-japan-traditional"
"japan-2025","japan-2025","jap-24","Shibuya, Japan","2025-05-30","Colorful manga anime mural ceiling in Shibuya, Japan, with K-pop posters, urban art, and reflective walls.","Shibuya · vibrant anime dreams overhead","A vibrant, eclectic ceiling mural bursts with colorful anime and manga characters in Shibuya, Japan. Artificial lights illuminate the playful artwork, casting a warm glow on the urban environment below. Modern K-pop posters featuring young artists adorn a textured wall, reflecting the area's contemporary pop culture. The scene captures the lively, dynamic spirit of this iconic district, blending Japanese artistic heritage with global trends.","Apple","iPhone 13 Pro","iPhone 13 Pro back dual camera 9mm f/2.8","9.0 mm","77 mm","2.8","1/35","400","Program AE","Multi-segment","Auto","Off, Did not fire","2025:05:30 14:12:58","35 deg 39' 41.58"" N","139 deg 41' 52.68"" E","3024","4032","https://res.cloudinary.com/do9hrcwn1/image/upload/c_limit,f_auto,q_auto,w_1200/v1/sammapix/portfolio/japan/24-shibuya-japan-anime-manga-ceiling-mural-urban-art"
"japan-2025","japan-2025","jap-25","Dogenzaka, Shibuya, Japan","2025-05-30","Shibuya street scene, Tokyo, Japan. Pedestrians await at Dogenzaka intersection. Red traffic light, vibrant neon signs, city trees.","Shibuya · urban pulse, neon dreams","This vibrant street scene captures the dynamic energy of Shibuya, Tokyo. Pedestrians pause at a busy Dogenzaka crosswalk, waiting for the red traffic light to change. Towering buildings display a collage of colorful neon signs and Japanese advertisements. Green trees punctuate the urban concrete, providing a touch of nature. Cars navigate the intersection, adding to the bustling city rhythm.","Apple","iPhone 13 Pro","iPhone 13 Pro back dual camera 9mm f/2.8","9.0 mm","77 mm","2.8","1/120","64","Program AE","Multi-segment","Auto","Off, Did not fire","2025:05:30 14:59:23","35 deg 39' 34.56"" N","139 deg 41' 56.58"" E","3024","4032","https://res.cloudinary.com/do9hrcwn1/image/upload/c_limit,f_auto,q_auto,w_1200/v1/sammapix/portfolio/japan/25-shibuya-tokyo-japan-dogenzaka-street-intersection"
"japan-2025","japan-2025","jap-26","Nerima, Japan","2025-05-30","Urban street scene in Nerima, Tokyo, Japan with dense power lines, a train crossing sign, pedestrians, shops, and a Mizuho bank sign.","Nerima, Tokyo · everyday urban currents","An overcast sky casts a warm, muted glow over a bustling street scene in Nerima, Tokyo. Dense overhead power lines crisscross, forming an intricate urban web. Pedestrians navigate the sidewalks, passing traditional Japanese shops and neon signs. A train crossing warning sign adds a distinctive local detail, capturing the authentic rhythm of daily life in this vibrant Japanese city, an honest portrait of its unique atmosphere.","Apple","iPhone 13 Pro","iPhone 13 Pro back dual camera 9mm f/2.8","9.0 mm","77 mm","2.8","1/100","250","Program AE","Multi-segment","Auto","Off, Did not fire","2025:05:30 17:57:18","35 deg 44' 13.50"" N","139 deg 40' 25.23"" E","3024","4032","https://res.cloudinary.com/do9hrcwn1/image/upload/c_limit,f_auto,q_auto,w_1200/v1/sammapix/portfolio/japan/26-nerima-tokyo-japan-urban-street-power-lines-city-life"
"japan-2025","japan-2025","jap-27","Ekoda Ginza, Tokyo, Japan","2025-05-30","Ekoda Ginza shopping street in Nerima, Tokyo, Japan at dusk. Urban scene with neon signs, lanterns, complex power lines, pedestrians.","Ekoda Ginza · Tokyo's electric glow","Dusk settles over Ekoda Ginza in Nerima, Tokyo, illuminating a vibrant street scene. Warm light from traditional street lanterns and glowing neon signs bathes pedestrians and shops. Intricate overhead power lines crisscross the sky, a signature element of Tokyo's urban landscape. People walk and cycle along the marked lanes, enjoying the lively atmosphere. The unique banners featuring local faces add cultural charm.","Apple","iPhone 13 Pro","iPhone 13 Pro back dual camera 9mm f/2.8","9.0 mm","77 mm","2.8","1/35","200","Program AE","Multi-segment","Auto","Off, Did not fire","2025:05:30 18:05:48","35 deg 44' 13.13"" N","139 deg 40' 18.97"" E","3024","4032","https://res.cloudinary.com/do9hrcwn1/image/upload/c_limit,f_auto,q_auto,w_1200/v1/sammapix/portfolio/japan/27-ekoda-ginza-street-nerima-tokyo-japan-night-lights"
"japan-2025","japan-2025","jap-28","Mount Takao, Hachioji, Japan","2025-05-31","Rainy Japanese street near Mount Takao, Hachioji. Traditional shops, wet pavement reflecting light, people with umbrellas, misty green mountain background.","Mount Takao · tranquil rain, green mist falls","A quiet, rainy streetscape unfolds near Mount Takao, Hachioji, Japan. Traditional Japanese buildings with elegant tiled roofs line the wet pavement. Reflective surfaces mirror the overcast sky and lush green trees of the mountain beyond. Pedestrians walk beneath umbrellas, adding a sense of peaceful movement. Ornate street lamps and vertical Japanese signs contribute to the authentic cultural atmosphere, all bathed in soft, diffused light.","Apple","iPhone 13 Pro","iPhone 13 Pro back dual camera 9mm f/2.8","9.0 mm","77 mm","2.8","1/120","50","Program AE","Multi-segment","Auto","Off, Did not fire","2025:05:31 12:41:06","35 deg 37' 51.60"" N","139 deg 16' 9.65"" E","3024","4032","https://res.cloudinary.com/do9hrcwn1/image/upload/c_limit,f_auto,q_auto,w_1200/v1/sammapix/portfolio/japan/28-mount-takao-hachioji-japan-rainy-street-traditional"
"japan-2025","japan-2025","jap-29","Hachioji, Japan","2025-05-31","Hachioji, Japan: Artisan making fresh rice crackers inside a traditional Japanese storefront, viewed through a gridded window.","Hachioji · quiet craft behind patterned glass","A quiet artisan meticulously prepares fresh rice crackers inside a traditional Hachioji, Japan shop. Warm interior lights illuminate the focused work, seen through a gridded window. Rain streaks subtly mark the glass, adding to the atmospheric glimpse of local Japanese craft. Textured walls and classic tiling frame this intimate scene, capturing a timeless dedication to culinary artistry.","Apple","iPhone 13 Pro","iPhone 13 Pro back dual camera 9mm f/2.8","9.0 mm","77 mm","2.8","1/120","100","Program AE","Multi-segment","Auto","Off, Did not fire","2025:05:31 12:47:27","35 deg 37' 52.11"" N","139 deg 16' 6.47"" E","3024","4032","https://res.cloudinary.com/do9hrcwn1/image/upload/c_limit,f_auto,q_auto,w_1200/v1/sammapix/portfolio/japan/29-hachioji-japan-artisan-rice-cracker-shop-window-view"
"japan-2025","japan-2025","jap-30","Hachioji Station, Hachioji, Japan","2025-05-31","Keio Line train at Hachioji Station platform 2, Japan. Urban transit scene with overhead wires and cloudy sky.","Hachioji · urban transit awaits","A sleek Keio Line train rests at a Hachioji, Japan station platform under an overcast sky. The meticulously clean platform features yellow tactile paving. Overhead lines crisscross above, indicating a bustling urban transit hub. A solitary figure waits further down the platform, adding a contemplative element to this everyday scene. The subtle, diffused light captures the quiet anticipation of urban life and efficient Japanese infrastructure.","Apple","iPhone 13 Pro","iPhone 13 Pro back dual camera 9mm f/2.8","9.0 mm","77 mm","2.8","1/120","40","Program AE","Multi-segment","Auto","Off, Did not fire","2025:05:31 13:08:08","35 deg 38' 40.11"" N","139 deg 20' 12.78"" E","3024","4032","https://res.cloudinary.com/do9hrcwn1/image/upload/c_limit,f_auto,q_auto,w_1200/v1/sammapix/portfolio/japan/30-hachioji-train-station-keio-line-platform-japan-urban"
"japan-2025","japan-2025","jap-31","Yokohama Chinatown, Yokohama, Japan","2025-05-31","Bustling Yokohama Chinatown street with vibrant red and white restaurant signs, menu displays, and people walking on a wet street.","Yokohama Chinatown · vibrant street's culinary pulse","A vibrant street scene in Yokohama Chinatown, Japan, captures dynamic urban energy. The narrow, wet street reflects diffused light under an overcast sky. Scores of colorful vertical restaurant signs, adorned with Japanese and Chinese characters, line both sides, showcasing delectable dishes. Pedestrians move through the bustling alley, immersed in the rich cultural atmosphere. Vivid reds and yellows of the signs beautifully contrast the muted street tones.","Apple","iPhone 13 Pro","iPhone 13 Pro back dual camera 9mm f/2.8","9.0 mm","77 mm","2.8","1/120","40","Program AE","Multi-segment","Auto","Off, Did not fire","2025:05:31 14:52:40","35 deg 26' 35.57"" N","139 deg 38' 44.16"" E","3024","4032","https://res.cloudinary.com/do9hrcwn1/image/upload/c_limit,f_auto,q_auto,w_1200/v1/sammapix/portfolio/japan/31-yokohama-chinatown-bustling-street-food-japan-signs"
"japan-2025","japan-2025","jap-32","Yokohama Chinatown, Yokohama, Japan","2025-05-31","Bustling Yokohama Chinatown street in Japan with vibrant red lanterns, crowded shops, and people walking on wet pavement under an overcast sky.","Yokohama · Lanterns glow, a vibrant street pulses","A vibrant street scene unfolds in Yokohama Chinatown, Japan. Rows of radiant red lanterns illuminate the bustling alleyway, creating a warm, festive glow. Intricate overhead wires crisscross against an overcast sky, adding urban texture. People navigate the damp, reflective pavement, moving past storefronts adorned with colorful signs and tempting food displays. The lively atmosphere captures the essence of this iconic cultural district.","Apple","iPhone 13 Pro","iPhone 13 Pro back dual camera 9mm f/2.8","9.0 mm","77 mm","2.8","1/100","40","Program AE","Multi-segment","Auto","Off, Did not fire","2025:05:31 14:56:01","35 deg 26' 36.41"" N","139 deg 38' 45.97"" E","3024","4032","https://res.cloudinary.com/do9hrcwn1/image/upload/c_limit,f_auto,q_auto,w_1200/v1/sammapix/portfolio/japan/32-yokohama-chinatown-street-lanterns-japan-rain"
"japan-2025","japan-2025","jap-33","Yokohama Chinatown, Yokohama, Japan","2025-05-31","Bustling street scene in Yokohama Chinatown, Japan, filled with red lanterns, vibrant shop signs, and pedestrians under an overcast sky.","Yokohama Chinatown · Crimson lanterns, lively urban pulse","Red lanterns strung overhead illuminate a lively street in Yokohama Chinatown, Japan. Pedestrians navigate the narrow, bustling lane beneath an overcast sky. Vibrant shop signs, adorned with Chinese characters, line both sides of the street, hinting at diverse culinary delights and cultural treasures. Overhead, a tangle of wires adds to the authentic urban landscape, reflecting the district's energetic spirit and rich heritage.","Apple","iPhone 13 Pro","iPhone 13 Pro back dual camera 9mm f/2.8","9.0 mm","77 mm","2.8","1/100","50","Program AE","Multi-segment","Auto","Off, Did not fire","2025:05:31 15:08:54","35 deg 26' 32.47"" N","139 deg 38' 47.01"" E","3024","4032","https://res.cloudinary.com/do9hrcwn1/image/upload/c_limit,f_auto,q_auto,w_1200/v1/sammapix/portfolio/japan/33-yokohama-chinatown-street-red-lanterns-japan-urban"
"japan-2025","japan-2025","jap-34","Kabukicho, Shinjuku, Japan","2025-05-31","Vibrant night street view in Kabukicho, Shinjuku, Japan. Neon signs, large billboards, people walking below.","Kabukicho · Electric dreams in neon light","The heart of Kabukicho, Shinjuku, pulses with vibrant energy at night. Multicolored neon signs illuminate towering buildings, displaying Japanese advertisements and commercial offerings. A large billboard featuring a woman with a red star design captures attention amidst the visual symphony. Pedestrians navigate the lively street below, bathed in the glow of countless lights, experiencing Tokyo's dynamic urban landscape. The air hums with nocturnal excitement.","Apple","iPhone 13 Pro","iPhone 13 Pro back dual camera 9mm f/2.8","9.0 mm","77 mm","2.8","1/100","200","Program AE","Multi-segment","Auto","Off, Did not fire","2025:05:31 20:19:18","35 deg 41' 40.65"" N","139 deg 42' 9.49"" E","3024","4032","https://res.cloudinary.com/do9hrcwn1/image/upload/c_limit,f_auto,q_auto,w_1200/v1/sammapix/portfolio/japan/34-kabukicho-shinjuku-tokyo-night-street-neon-signs-japan"
"japan-2025","japan-2025","jap-35","Shinjuku, Tokyo, Japan","2025-05-31","Busy night street in Shinjuku, Tokyo, Japan with bright Japanese neon signs, anime ads, Kizuna Sushi, and pedestrians.","Shinjuku · Tokyo's electric night pulse","Shinjuku's bustling night comes alive with a cascade of luminous neon signs and vibrant Japanese script. Pedestrians navigate the energetic street, their faces illuminated by the diverse glow of advertisements for sushi, drinks, and entertainment. The atmosphere is electric, a symphony of light and urban movement capturing the essence of Tokyo's dynamic nightlife, always open and inviting exploration.","Apple","iPhone 13 Pro","iPhone 13 Pro back dual camera 9mm f/2.8","9.0 mm","77 mm","2.8","1/100","160","Program AE","Multi-segment","Auto","Off, Did not fire","2025:05:31 20:59:55","35 deg 41' 41.45"" N","139 deg 42' 7.02"" E","3024","4032","https://res.cloudinary.com/do9hrcwn1/image/upload/c_limit,f_auto,q_auto,w_1200/v1/sammapix/portfolio/japan/35-shinjuku-tokyo-japan-night-neon-street-illuminated-signs"
"japan-2025","japan-2025","jap-36","Manekineko Karaoke, Shinjuku, Japan","2025-05-31","Manekineko Karaoke building signs, red Japanese script, glowing lemon sour ad, vibrant Shinjuku, Tokyo night.","Shinjuku · electric urban symphony","An angular building corner radiates with brilliant light against the deep Shinjuku night. Numerous illuminated signs, emblazoned with bold red Japanese script on white and yellow backgrounds, create a dazzling display. Advertising all-you-can-drink lemon sours, yakiniku, and karaoke, they capture the essence of Tokyo's lively entertainment districts. Stylized lucky cat characters add a distinct cultural touch, emphasizing the bustling, energetic atmosphere of this urban landscape.","Apple","iPhone 13 Pro","iPhone 13 Pro back dual camera 9mm f/2.8","9.0 mm","77 mm","2.8","1/100","200","Program AE","Multi-segment","Auto","Off, Did not fire","2025:05:31 21:06:11","35 deg 41' 36.64"" N","139 deg 42' 8.39"" E","3024","4032","https://res.cloudinary.com/do9hrcwn1/image/upload/c_limit,f_auto,q_auto,w_1200/v1/sammapix/portfolio/japan/36-shinjuku-manekineko-karaoke-night-signs-japan"
"japan-2025","japan-2025","jap-37","Hotel Gracery Shinjuku, Tokyo, Japan","2025-05-31","Vibrant night street scene in Shinjuku Kabukicho, Tokyo, Japan. Neon signs illuminate a Godzilla head, people, and a blurred taxi.","Kabukicho · Tokyo's vibrant electric pulse","Shinjuku's Kabukicho district explodes with vibrant energy after dark. Towering neon signs, a dizzying array of Japanese characters, cast electric glows onto the bustling street below. The iconic Godzilla head looms majestically over Hotel Gracery, observing pedestrians awaiting a crossing. A blurred taxi streaks past, symbolizing the city's ceaseless motion. This quintessential Tokyo nightscape captures urban dynamism and luminous spectacle.","Apple","iPhone 13 Pro","iPhone 13 Pro back dual camera 9mm f/2.8","9.0 mm","77 mm","2.8","1/25","320","Program AE","Multi-segment","Auto","Off, Did not fire","2025:05:31 21:08:57","35 deg 41' 36.38"" N","139 deg 42' 4.93"" E","3024","4032","https://res.cloudinary.com/do9hrcwn1/image/upload/c_limit,f_auto,q_auto,w_1200/v1/sammapix/portfolio/japan/37-shinjuku-kabukicho-tokyo-night-neon-godzilla-head-japan"
"japan-2025","japan-2025","jap-38","Shinjuku, Tokyo, Japan","2025-05-31","Black Japanese taxi at night in Shinjuku, Tokyo, reflecting vibrant neon signs from surrounding buildings, urban street scene.","Shinjuku · Tokyo's vibrant neon pulse","A sleek black Japanese taxi waits on a vibrant Shinjuku street at night, its dark surface mirroring the dazzling, blurred neon glow of surrounding multi-story buildings. Bright red and green signs, including 'POKER' and 'BEAUTY,' create an electric urban tapestry. Yellow taxi lights and Japanese signage add authentic metropolitan detail, capturing Tokyo's dynamic energy.","Apple","iPhone 13 Pro","iPhone 13 Pro back dual camera 9mm f/2.8","9.0 mm","77 mm","2.8","1/35","320","Program AE","Multi-segment","Auto","Off, Did not fire","2025:05:31 21:13:39","35 deg 41' 36.38"" N","139 deg 42' 4.33"" E","3024","4032","https://res.cloudinary.com/do9hrcwn1/image/upload/c_limit,f_auto,q_auto,w_1200/v1/sammapix/portfolio/japan/38-shinjuku-tokyo-japan-night-taxi-neon-city-lights"
"japan-2025","japan-2025","jap-39","Shinjuku, Tokyo, Japan","2025-05-31","Shinjuku, Tokyo street at night, illuminated by bright Japanese neon signs, bustling with people, ramen restaurants, vibrant urban scene.","Shinjuku · bustling Tokyo's luminous night","A vibrant night scene unfolds on a bustling Shinjuku street in Tokyo, Japan. Bright, colorful neon signs with intricate Japanese characters illuminate the pathway, casting a warm glow on pedestrians. People stroll past lively ramen shops and izakayas, their reflections dancing on the wet pavement. The energetic atmosphere captures the essence of Tokyo's dynamic urban landscape, with various food establishments inviting passersby.","Apple","iPhone 13 Pro","iPhone 13 Pro back triple camera 9mm f/2.8","9.0 mm","77 mm","2.8","1/100","320","Program AE","Multi-segment","Auto","Off, Did not fire","2025:05:31 21:26:02","35 deg 41' 34.14"" N","139 deg 42' 6.91"" E","3024","4032","https://res.cloudinary.com/do9hrcwn1/image/upload/c_limit,f_auto,q_auto,w_1200/v1/sammapix/portfolio/japan/39-shinjuku-tokyo-night-street-neon-japan-urban-scene"
"japan-2025","japan-2025","jap-40","Shinjuku, Tokyo, Japan","2025-05-31","Vibrant night street in Shinjuku, Tokyo, Japan. Neon signs glow above a busy road with traffic, yellow taxis, and pedestrians crossing.","Shinjuku · Tokyo's electric night pulse","A dynamic night scene unfolds on a busy street in Shinjuku, Tokyo. Buildings are adorned with vibrant blue, red, and yellow neon signs displaying Japanese characters, creating an electric atmosphere. Headlights and taillights of cars, including iconic yellow taxis, streak along the pavement. Pedestrians navigate crosswalks, adding to the urban pulse. Streetlights cast warm glows, illuminating the bustling sidewalks under the dark sky.","Apple","iPhone 13 Pro","iPhone 13 Pro back dual camera 9mm f/2.8","9.0 mm","77 mm","2.8","1/35","250","Program AE","Multi-segment","Auto","Off, Did not fire","2025:05:31 21:42:25","35 deg 42' 5.08"" N","139 deg 42' 0.76"" E","3024","4032","https://res.cloudinary.com/do9hrcwn1/image/upload/c_limit,f_auto,q_auto,w_1200/v1/sammapix/portfolio/japan/40-shinjuku-tokyo-japan-night-street-city-neon-lights-traffic"
"japan-2025","japan-2025","jap-41","Tokyo, Japan","2025-06-01","Suginami, Japan street scene with dense overhead utility wires, colorful festival banners, pedestrians, shops, and lanterns.","Suginami · urban tangle, vibrant banners","A busy Suginami street in Japan buzzes with daily life under a soft, cloudy sky. Intricate webs of overhead electrical wires crisscross between utility poles and traditional lanterns, creating a unique urban canopy. Colorful festival banners featuring cheerful cartoon characters adorn the thoroughfare, adding cultural vibrancy. Pedestrians stroll along the bustling avenue, passing storefronts and experiencing the lively atmosphere of this authentic Japanese neighborhood.","Apple","iPhone 13 Pro","iPhone 13 Pro back dual camera 9mm f/2.8","9.0 mm","77 mm","2.8","1/120","20","Program AE","Multi-segment","Auto","Off, Did not fire","2025:06:01 15:06:37","35 deg 42' 27.78"" N","139 deg 38' 58.60"" E","3024","4032","https://res.cloudinary.com/do9hrcwn1/image/upload/c_limit,f_auto,q_auto,w_1200/v1/sammapix/portfolio/japan/41-suginami-tokyo-japan-street-overhead-wires-banners"
"japan-2025","japan-2025","jap-42","Mandarake Nakano Broadway, Nakano, Japan","2025-06-01","Mandarake collectible shop in Nakano, Japan, featuring display cases with anime figures, manga, and vintage toys. Red torii entrance.","Nakano · pop culture wonderland awaits","A vibrant Mandarake store in Nakano, Japan showcases a treasure trove of anime figures, vintage toys, and manga. Bright vertical LED lights illuminate glass display cases, reflecting on the polished tiled floor. A distinctive red torii-style entrance, adorned with Japanese text, invites visitors into this pop culture haven. The atmosphere is nostalgic, beckoning collectors and fans.","Apple","iPhone 13 Pro","iPhone 13 Pro back dual camera 9mm f/2.8","9.0 mm","77 mm","2.8","1/50","160","Program AE","Multi-segment","Auto","Off, Did not fire","2025:06:01 17:06:42","35 deg 42' 31.12"" N","139 deg 39' 55.84"" E","3024","4032","https://res.cloudinary.com/do9hrcwn1/image/upload/c_limit,f_auto,q_auto,w_1200/v1/sammapix/portfolio/japan/42-mandarake-anime-manga-shop-collectibles-nakano-japan"
"japan-2025","japan-2025","jap-43","Nakano Broadway, Nakano, Japan","2025-06-01","Nakano, Japan: Vintage Japanese advertising posters behind a clear collectible toy display, framed by blurred red architectural pillars.","Nakano · urban glow, nostalgic dreams","A vibrant interior scene unfolds in Nakano, Japan. Red architectural elements frame the view, leading to a brightly lit, reflective floor. Vintage Japanese advertisements and colorful posters adorn a dark wall, featuring classic brands like Del Monte. A prominent clear display case showcases various collectibles or toys. Figures interact within the space, one person observing, another bending down. The scene captures a blend of retro nostalgia and modern urban energy.","Apple","iPhone 13 Pro","iPhone 13 Pro back dual camera 9mm f/2.8","9.0 mm","77 mm","2.8","1/100","160","Program AE","Multi-segment","Auto","Off, Did not fire","2025:06:01 17:07:11","35 deg 42' 30.90"" N","139 deg 39' 56.01"" E","3024","4032","https://res.cloudinary.com/do9hrcwn1/image/upload/c_limit,f_auto,q_auto,w_1200/v1/sammapix/portfolio/japan/43-nakano-japan-vintage-posters-collectibles-interior-scene"
"japan-2025","japan-2025","jap-44","Nerima, Japan","2025-06-02","Vibrant night reflections in a Tokyo window, showing blue neon ""MINT"" sign, Japanese kanji, tangled power lines, Nerima, Japan.","Nerima · layers of urban light","Urban nightscape in Nerima, Japan, unfolds through intricate window reflections. Bright blue neon signs, featuring the word 'MINT' in glowing aqua, overlap with stark white and red Japanese kanji. Tangled power lines crisscross the frame, adding depth to the complex interplay of light and shadow. A lone figure, partially visible, contemplates the vibrant street scene. The warm glow of interior lights mixes with exterior city illumination, creating a dynamic visual tapestry.","Apple","iPhone 13 Pro","iPhone 13 Pro back dual camera 9mm f/2.8","9.0 mm","77 mm","2.8","1/35","160","Program AE","Multi-segment","Auto","Off, Did not fire","2025:06:02 19:29:29","35 deg 44' 13.87"" N","139 deg 40' 21.28"" E","3024","4032","https://res.cloudinary.com/do9hrcwn1/image/upload/c_limit,f_auto,q_auto,w_1200/v1/sammapix/portfolio/japan/44-nerima-japan-urban-night-reflections-neon-lights"
"japan-2025","japan-2025","jap-45","Nerima, Japan","2025-06-03","Overhead view of Nerima, Japan street scene: pedestrian crossing, construction, multi-level parking, wet asphalt, power lines.","Nerima · Urban life unfolding under rain","An elevated perspective captures a bustling Nerima street in Japan on a rainy day. Pedestrians with umbrellas cross the wet asphalt, marked with bold white stripes and blue arrows. Below, a construction site buzzes with activity, flanked by dense power lines overhead. Multi-story buildings line the street, featuring a clever multi-level parking structure. The muted, diffused light enhances the vibrant greens of roadside foliage and the red of a parked sports car, showcasing dynamic urban life.","Apple","iPhone 13 Pro","iPhone 13 Pro back dual wide camera 5.7mm f/1.5","5.7 mm","26 mm","1.5","1/140","32","Program AE","Multi-segment","Auto","Off, Did not fire","2025:06:03 15:53:27","35 deg 44' 13.35"" N","139 deg 40' 12.38"" E","2621","3495","https://res.cloudinary.com/do9hrcwn1/image/upload/c_limit,f_auto,q_auto,w_1200/v1/sammapix/portfolio/japan/45-nerima-japan-street-construction-rainy-urban-view"
"japan-2025","japan-2025","jap-46","Kamakura, Japan","2025-06-04","Kamakura, Japan, tranquil pond covered in vibrant green lotus leaves, lush trees, modern building with glass, cloudy sky.","Kamakura · verdant lotus reflections","A tranquil Japanese garden pond in Kamakura is blanketed by countless vibrant green lotus leaves. Lush forested hills rise in the background, framing the scene. A modern building with expansive glass windows, nestled among the trees, overlooks the calm waters. The overcast sky casts a soft, diffused light, enhancing the verdant hues of the foliage. Droplets glisten on the broad leaves, adding a delicate detail to this serene natural landscape.","Apple","iPhone 13 Pro","iPhone 13 Pro back triple camera 5.7mm f/1.5","5.7 mm","26 mm","1.5","1/1800","50","Program AE","Multi-segment","Auto","Off, Did not fire","2025:06:04 11:12:01","35 deg 19' 26.53"" N","139 deg 33' 18.08"" E","3024","4032","https://res.cloudinary.com/do9hrcwn1/image/upload/c_limit,f_auto,q_auto,w_1200/v1/sammapix/portfolio/japan/46-kamakura-japan-lotus-pond-green-leaves-garden-serene"
"japan-2025","japan-2025","jap-47","Tsurugaoka Hachimangu Shrine, Kamakura, Japan","2025-06-04","View up grand stone steps to Tsurugaoka Hachimangu Shrine in Kamakura, Japan, bustling with visitors under a cloudy sky.","Kamakura · Grand steps to sacred serenity","Visitors ascend and descend the imposing stone staircase leading to Tsurugaoka Hachimangu Shrine in Kamakura, Japan. The vibrant red traditional gate, adorned with gold accents, stands majestically under a patterned sky of white clouds. Lush green foliage frames the scene, providing a sense of natural tranquility amidst the lively crowd. Sunlight softly illuminates the architectural details and the varied textures of the ancient stone steps, inviting exploration into Japan's rich cultural heritage.","Apple","iPhone 13 Pro","iPhone 13 Pro back triple camera 5.7mm f/1.5","5.7 mm","26 mm","1.5","1/3000","50","Program AE","Multi-segment","Auto","Off, Did not fire","2025:06:04 11:18:04","35 deg 19' 32.25"" N","139 deg 33' 21.87"" E","2819","3759","https://res.cloudinary.com/do9hrcwn1/image/upload/c_limit,f_auto,q_auto,w_1200/v1/sammapix/portfolio/japan/47-tsurugaoka-hachimangu-shrine-steps-kamakura-japan"
"japan-2025","japan-2025","jap-48","Tsurugaoka Hachimangū, Kamakura, Japan","2025-06-04","Tsurugaoka Hachimangū Shrine in Kamakura, Japan. Tourists ascend and descend grand stone stairs to the vibrant red main hall under a cloudy sky.","Kamakura · ascent to sacred red","The Tsurugaoka Hachimangū Shrine in Kamakura, Japan, welcomes visitors. A wide, grand stone staircase leads to the main hall, painted a striking red with intricate golden details. People ascend and descend the steps, some wearing masks, enjoying the vibrant atmosphere. Lush green foliage frames the ancient architecture, creating a beautiful contrast under a soft, cloudy sky.","Apple","iPhone 13 Pro","iPhone 13 Pro back dual camera 9mm f/2.8","9.0 mm","77 mm","2.8","1/220","25","Program AE","Multi-segment","Auto","Off, Did not fire","2025:06:04 11:18:16","35 deg 19' 32.27"" N","139 deg 33' 21.93"" E","3024","4032","https://res.cloudinary.com/do9hrcwn1/image/upload/c_limit,f_auto,q_auto,w_1200/v1/sammapix/portfolio/japan/48-tsurugaoka-hachimangu-shrine-kamakura-japan-stairs"
"japan-2025","japan-2025","jap-49","Dankazura, Kamakura, Japan","2025-06-04","Pedestrian walkway lined with dense green trees and traditional stone lanterns in Kamakura, Japan, with people walking under dappled sunlight.","Kamakura · verdant canopy, tranquil stroll","Sunlight filters through a dense canopy of lush green trees, creating intricate patterns of dappled light on a tranquil pedestrian walkway in Kamakura, Japan. Traditional stone lanterns line the path, nestled amongst verdant shrubs and bamboo accents. People stroll leisurely, enjoying the shaded, serene atmosphere. This iconic Japanese scene captures the peaceful blend of nature and urban life, inviting exploration and reflection.","Apple","iPhone 13 Pro","iPhone 13 Pro back dual camera 9mm f/2.8","9.0 mm","77 mm","2.8","1/120","25","Program AE","Multi-segment","Auto","Off, Did not fire","2025:06:04 11:35:48","35 deg 19' 21.65"" N","139 deg 33' 15.67"" E","3024","4032","https://res.cloudinary.com/do9hrcwn1/image/upload/c_limit,f_auto,q_auto,w_1200/v1/sammapix/portfolio/japan/49-kamakura-dankazura-tree-tunnel-pedestrian-walkway-japan"
"japan-2025","japan-2025","jap-50","Kamakura, Japan","2025-06-04","Kamakura, Japan street scene: Surfer in wetsuit with red board & yellow bicycle crosses street near vending machines, pedestrians.","Kamakura · Coastal rhythms, street life","A candid street scene unfolds in Kamakura, Japan, revealing the city's unique rhythms. A surfer, wetsuit-clad, pushes a yellow bicycle with a vibrant red surfboard across a pedestrian crossing. Soft, diffused light highlights weathered corrugated metal buildings and colorful vending machines. An elderly man in an apron stands on the sidewalk, observing the daily urban flow. This snapshot captures the blend of surf culture and everyday Japanese life.","Apple","iPhone 13 Pro","iPhone 13 Pro back dual camera 9mm f/2.8","9.0 mm","77 mm","2.8","1/350","32","Program AE","Multi-segment","Auto","Off, Did not fire","2025:06:04 11:55:03","35 deg 18' 50.30"" N","139 deg 32' 37.54"" E","3024","4032","https://res.cloudinary.com/do9hrcwn1/image/upload/c_limit,f_auto,q_auto,w_1200/v1/sammapix/portfolio/japan/50-kamakura-japan-street-surfer-bicycle-red-surfboard-urban"
"japan-2025","japan-2025","jap-51","Kamakura, Japan","2025-06-04","Older Japanese man on teal scooter pauses on a Kamakura street, beside a cafe sign and giant ice cream cone.","Kamakura · thoughtful pause on scooter","An older Japanese man in Kamakura pauses on his teal scooter, wearing a white helmet and blue jacket. He thoughtfully rests his hand on his chin, observing the street. Behind him, a quaint cafe features a brick facade, Japanese signage, and a playful giant ice cream cone. The soft, even light illuminates this authentic urban moment, reflecting daily life in Japan.","Apple","iPhone 13 Pro","iPhone 13 Pro back dual camera 9mm f/2.8","9.0 mm","77 mm","2.8","1/270","25","Program AE","Multi-segment","Auto","Off, Did not fire","2025:06:04 12:04:59","35 deg 18' 46.37"" N","139 deg 32' 7.83"" E","2569","3426","https://res.cloudinary.com/do9hrcwn1/image/upload/c_limit,f_auto,q_auto,w_1200/v1/sammapix/portfolio/japan/51-kamakura-japan-man-scooter-street-cafe-daily-life"
"japan-2025","japan-2025","jap-52","Hasedera Temple, Kamakura, Japan","2025-06-04","Hasedera Temple, Kamakura, Japan. Hundreds of moss-covered stone Jizo statues beside a tranquil stream, lush green garden.","Kamakura · stone Jizo, mossy tranquility","Hundreds of stone Jizo statues stand solemnly, cloaked in vibrant green moss, in a tranquil Kamakura temple garden. A gentle stream flows beside them, its water glinting softly. Lush foliage and towering trees create a serene backdrop, fostering a sense of peace and ancient spirituality. Soft, diffused light illuminates the intricate details, emphasizing the profound stillness of this sacred space.","Apple","iPhone 13 Pro","iPhone 13 Pro back dual wide camera 5.7mm f/1.5","5.7 mm","26 mm","1.5","1/180","50","Program AE","Multi-segment","Auto","Off, Did not fire","2025:06:04 12:20:06","35 deg 18' 46.28"" N","139 deg 32' 0.14"" E","3024","4032","https://res.cloudinary.com/do9hrcwn1/image/upload/c_limit,f_auto,q_auto,w_1200/v1/sammapix/portfolio/japan/52-hasedera-temple-jizo-statues-moss-garden-kamakura-japan"
"japan-2025","japan-2025","jap-53","Kamakura, Japan","2025-06-04","Ancient stone monk statue sits on mossy rocks beside a tranquil pond in a lush Kamakura temple garden, Japan. Japanese sign.","Kamakura · mossy guardian, tranquil pond","A weathered stone statue of a seated monk rests on vibrant moss-covered rocks, overlooking a dark, reflective pond. Lush green foliage frames the tranquil scene, creating a sense of ancient peace. A wooden sign with Japanese characters, including a Manji symbol, stands subtly in the verdant background. Soft, diffused light highlights the textures of stone and plant life, evoking deep serenity in this Japanese garden.","Apple","iPhone 13 Pro","iPhone 13 Pro back dual camera 9mm f/2.8","9.0 mm","77 mm","2.8","1/80","250","Program AE","Multi-segment","Auto","Off, Did not fire","2025:06:04 12:20:30","35 deg 18' 45.92"" N","139 deg 32' 0.25"" E","3024","4032","https://res.cloudinary.com/do9hrcwn1/image/upload/c_limit,f_auto,q_auto,w_1200/v1/sammapix/portfolio/japan/53-kamakura-japan-stone-monk-statue-mossy-garden-pond"
"japan-2025","japan-2025","jap-54","Kamakura, Japan","2025-06-04","Multi-armed, multi-headed Kannon bodhisattva statue in meditation, holding implements, intricate carvings, Kamakura, Japan.","Kamakura · golden divinity, serene contemplation","A magnificent multi-armed Kannon bodhisattva statue radiates golden light, captured in Kamakura, Japan. The deity sits in serene meditation, adorned with a multi-faced crown and holding intricate implements. Exquisite details in the robes and halo emphasize its divine presence. Soft, ambient light illuminates the metallic texture, evoking a profound sense of peace and ancient spirituality in this sacred space.","Apple","iPhone 13 Pro","iPhone 13 Pro back dual camera 9mm f/2.8","9.0 mm","77 mm","2.8","1/80","250","Program AE","Multi-segment","Auto","Off, Did not fire","2025:06:04 12:29:31","35 deg 18' 42.68"" N","139 deg 31' 57.88"" E","3024","4032","https://res.cloudinary.com/do9hrcwn1/image/upload/c_limit,f_auto,q_auto,w_1200/v1/sammapix/portfolio/japan/54-kamakura-japan-multi-armed-kannon-bodhisattva-statue"
"japan-2025","japan-2025","jap-55","Kamakura, Japan","2025-06-04","Panoramic view of Kamakura city, Sagami Bay, and beach from a lush green hillside with visitors admiring flowers, Japan","Kamakura · coastal views, verdant hills","A sweeping panoramic vista reveals Kamakura's vibrant coastal landscape. Lush green trees frame a bustling city, its buildings cascading down towards the sandy beach of Sagami Bay. The calm turquoise sea stretches under a softly clouded sky, meeting distant hills. Visitors stroll through a verdant garden in the foreground, enjoying the serene atmosphere and diverse flora. This elevated perspective captures the harmonious blend of urban life and natural beauty in Japan's historic city.","Apple","iPhone 13 Pro","iPhone 13 Pro back triple camera 5.7mm f/1.5","5.7 mm","26 mm","1.5","1/5600","50","Program AE","Multi-segment","Auto","Off, Did not fire","2025:06:04 12:31:38","35 deg 18' 42.21"" N","139 deg 31' 57.33"" E","3024","4032","https://res.cloudinary.com/do9hrcwn1/image/upload/c_limit,f_auto,q_auto,w_1200/v1/sammapix/portfolio/japan/55-kamakura-coastal-view-sagami-bay-japan-green-hills"
"japan-2025","japan-2025","jap-56","Great Buddha of Kamakura, Kamakura, Japan","2025-06-04","Kamakura Daibutsu, Japan: immense bronze Buddha statue, lush green forest, blue sky, visitors admiring ancient landmark.","Kamakura · serene giant, ancient gaze","The majestic Great Buddha of Kamakura, Japan, a towering bronze statue, sits serenely beneath a vibrant blue sky with scattered clouds. Lush green trees frame this ancient monument, which rests against a verdant hillside. A lively crowd of visitors gathers around its base, admiring the cultural landmark and experiencing its profound presence, a symbol of peace and history.","Apple","iPhone 13 Pro","iPhone 13 Pro back dual camera 9mm f/2.8","9.0 mm","77 mm","2.8","1/240","25","Program AE","Multi-segment","Auto","Off, Did not fire","2025:06:04 13:55:02","35 deg 18' 58.57"" N","139 deg 32' 7.88"" E","3024","4032","https://res.cloudinary.com/do9hrcwn1/image/upload/c_limit,f_auto,q_auto,w_1200/v1/sammapix/portfolio/japan/56-kamakura-daibutsu-japan-great-buddha-bronze-statue"
"japan-2025","japan-2025","jap-57","Great Buddha of Kamakura, Kamakura, Japan","2025-06-04","Colossal bronze Great Buddha of Kamakura (Daibutsu) under a cloudy sky, partially obscured by a stone column. Japan landmark.","Kamakura · timeless bronze serenity","A colossal outdoor bronze Buddha statue, the Daibutsu, showcases a serene expression and weathered green patina. Coiled hair and draped robes are visible under a partly cloudy sky, with hints of blue. Lush, verdant hills rise majestically behind the ancient figure. A blurred stone column frames the left foreground. Visitors gather reverently at the statue's base in Kamakura, Japan.","Apple","iPhone 13 Pro","iPhone 13 Pro back dual camera 9mm f/2.8","9.0 mm","77 mm","2.8","1/250","32","Program AE","Multi-segment","Auto","Off, Did not fire","2025:06:04 14:00:32","35 deg 18' 59.67"" N","139 deg 32' 7.94"" E","3024","4032","https://res.cloudinary.com/do9hrcwn1/image/upload/c_limit,f_auto,q_auto,w_1200/v1/sammapix/portfolio/japan/57-kamakura-great-buddha-daibutsu-bronze-statue-japan"
"japan-2025","japan-2025","jap-58","Enoshima Shrine, Fujisawa, Japan","2025-06-04","Enoshima Shrine path, Fujisawa, Japan: busy street, traditional buildings, weathered green torii gate, distant temple, crowd.","Enoshima · vibrant pilgrimage path under blue sky","A bustling street scene unfolds in Fujisawa, Japan, beneath a bright, cloudy sky. Crowds of people navigate a vibrant path, flanked by traditional Japanese wooden buildings featuring intricate tiled roofs. A prominent, weathered green torii gate marks an entrance, leading upwards towards a verdant, tree-covered hillside. A traditional temple structure emerges from the dense foliage in the distance, inviting exploration and embodying tranquil, historical beauty amidst the lively thoroughfare.","Apple","iPhone 13 Pro","iPhone 13 Pro back dual camera 9mm f/2.8","9.0 mm","77 mm","2.8","1/250","32","Program AE","Spot","Auto","Off, Did not fire","2025:06:04 15:04:07","35 deg 18' 8.69"" N","139 deg 28' 52.54"" E","3024","4032","https://res.cloudinary.com/do9hrcwn1/image/upload/c_limit,f_auto,q_auto,w_1200/v1/sammapix/portfolio/japan/58-enoshima-shrine-fujisawa-japan-street-crowd-torii"
"japan-2025","japan-2025","jap-59","Mount Fuji, Fujisawa, Japan","2025-06-04","Snow-capped Mount Fuji looms over a dense, dark green forest and distant hazy mountains under a cloudy sky, Fujisawa, Japan.","Mount Fuji · serene peak through clouds","Japan's iconic snow-capped Mount Fuji rises majestically in the distance, partially veiled by atmospheric haze and layered clouds. A vast expanse of dense, dark green forest covers undulating hills in the foreground. The sky above features soft, streaky clouds, hinting at clear blue patches. This tranquil Fujisawa landscape captures a timeless natural beauty, bathed in diffused, gentle light, evoking a profound sense of peaceful grandeur.","Apple","iPhone 13 Pro","iPhone 13 Pro back triple camera 9mm f/2.8","9.0 mm","77 mm","2.8","1/2700","32","Program AE","Multi-segment","Auto","Off, Did not fire","2025:06:04 15:19:50","35 deg 17' 55.14"" N","139 deg 28' 47.00"" E","2473","3297","https://res.cloudinary.com/do9hrcwn1/image/upload/c_limit,f_auto,q_auto,w_1200/v1/sammapix/portfolio/japan/59-mount-fuji-fujisawa-japan-forest-landscape-cloudy-sky"
"japan-2025","japan-2025","jap-60","Fujisawa, Japan","2025-06-04","Close-up of weathered green bronze dragon statue with horns, scales, and fierce expression against a cloudy blue sky in Fujisawa, Japan.","Fujisawa · Mythic guardian beneath cloudy skies","A weathered bronze dragon statue stands majestically in Fujisawa, Japan, its green patina glistening under a dynamic, cloudy sky. Intricate scales and fierce, detailed facial features convey ancient power and mysticism. The low angle accentuates its imposing form, framed by soft natural light illuminating its textured surface. Lush green foliage subtly hints at a surrounding garden or temple ground, immersing viewers in Japan's rich cultural heritage and captivating artistry.","Apple","iPhone 13 Pro","iPhone 13 Pro back dual camera 9mm f/2.8","9.0 mm","77 mm","2.8","1/1400","32","Program AE","Multi-segment","Auto","Off, Did not fire","2025:06:04 15:33:46","35 deg 17' 56.98"" N","139 deg 28' 32.27"" E","3024","4032","https://res.cloudinary.com/do9hrcwn1/image/upload/c_limit,f_auto,q_auto,w_1200/v1/sammapix/portfolio/japan/60-fujisawa-japan-weathered-bronze-dragon-statue-sky"
"japan-2025","japan-2025","jap-61","Enoshima Island, Fujisawa, Japan","2025-06-04","Enoshima Island red pedestrian bridge over rocky coast, Fujisawa, Japan. People enjoy ocean views under blue sky.","Enoshima · vibrant red path, tranquil ocean views","A striking red pedestrian bridge curves gracefully over the rocky shoreline near Fujisawa, Japan. Sunlight illuminates the vibrant railing and concrete structure against the calm, blue Pacific Ocean. People stroll and pause, enjoying the serene coastal views. The sky overhead is a clear expanse of blue with soft, wispy clouds. Below, the low tide reveals a textured, wet rockscape, inviting exploration.","Apple","iPhone 13 Pro","iPhone 13 Pro back dual camera 9mm f/2.8","9.0 mm","77 mm","2.8","1/750","32","Program AE","Multi-segment","Auto","Off, Did not fire","2025:06:04 15:40:18","35 deg 17' 55.45"" N","139 deg 28' 30.24"" E","3024","4032","https://res.cloudinary.com/do9hrcwn1/image/upload/c_limit,f_auto,q_auto,w_1200/v1/sammapix/portfolio/japan/61-enoshima-island-red-bridge-coastal-fujisawa-japan"
"japan-2025","japan-2025","jap-62","Fushimi Inari Taisha, Kyoto, Japan","2025-06-05","Young boy touches vibrant orange torii gate post at Fushimi Inari Taisha, Kyoto. Japanese script visible on traditional path.","Kyoto · vibrant torii path discovery","A young boy extends a curious hand to an iconic orange torii gate post at Fushimi Inari Taisha, Kyoto. Sunlight filters through the dense tunnel of thousands of gates, casting warm, dappled light on the stone pathway. Black Japanese characters adorn the vibrant pillars, signifying offerings. Visitors stroll along, immersed in the spiritual atmosphere of this revered Shinto shrine, a truly unique Japanese experience.","Apple","iPhone 13 Pro","iPhone 13 Pro back dual camera 9mm f/2.8","9.0 mm","77 mm","2.8","1/40","400","Program AE","Multi-segment","Auto","Off, Did not fire","2025:06:05 10:08:07","34 deg 58' 0.50"" N","135 deg 46' 29.87"" E","2678","3570","https://res.cloudinary.com/do9hrcwn1/image/upload/c_limit,f_auto,q_auto,w_1200/v1/sammapix/portfolio/japan/62-fushimi-inari-taisha-kyoto-japan-boy-torii-gates"
"japan-2025","japan-2025","jap-63","Fushimi Inari-taisha, Kyoto, Japan","2025-06-05","Family with young children walks through vibrant orange Fushimi Inari-taisha torii gates, Kyoto, Japan. Striped shadows on path.","Fushimi Inari · vibrant path of a thousand gates","Sunlight streams through the iconic orange torii gates of Fushimi Inari-taisha, casting dramatic striped shadows across the pathway. Visitors, including families with young children, wander through the vivid corridors, experiencing the spiritual ambiance. Japanese characters adorn the wooden pillars, adding cultural authenticity to the scene. The bright, warm atmosphere invites exploration and reflection amidst Kyoto's sacred beauty.","Apple","iPhone 13 Pro","iPhone 13 Pro back dual camera 9mm f/2.8","9.0 mm","77 mm","2.8","1/120","200","Program AE","Multi-segment","Auto","Off, Did not fire","2025:06:05 10:32:07","34 deg 58' 3.81"" N","135 deg 46' 32.07"" E","3024","4032","https://res.cloudinary.com/do9hrcwn1/image/upload/c_limit,f_auto,q_auto,w_1200/v1/sammapix/portfolio/japan/63-fushimi-inari-taisha-torii-gates-kyoto-japan-family"
"japan-2025","japan-2025","jap-64","Fushimi Inari-taisha, Kyoto, Japan","2025-06-05","Vermilion torii gates tunnel at Fushimi Inari-taisha, Kyoto, Japan. Sunlight stripes path, showing Japanese kanji.","Fushimi Inari · vermilion tunnel of light","A captivating view through a seemingly endless corridor of vibrant vermilion torii gates, characteristic of Fushimi Inari-taisha. Bright sunlight filters through the gaps, casting distinct, rhythmic horizontal shadows across the textured path. Each traditional wooden pillar displays intricate Japanese calligraphy, dedicated by patrons. The striking orange hues, contrasted with dark bases and hints of green foliage, create an immersive, spiritual atmosphere, inviting viewers deeper into the sacred space.","Apple","iPhone 13 Pro","iPhone 13 Pro back triple camera 5.7mm f/1.5","5.7 mm","26 mm","1.5","1/550","50","Program AE","Multi-segment","Auto","Off, Did not fire","2025:06:05 10:34:08","34 deg 58' 4.70"" N","135 deg 46' 33.49"" E","2995","3993","https://res.cloudinary.com/do9hrcwn1/image/upload/c_limit,f_auto,q_auto,w_1200/v1/sammapix/portfolio/japan/64-fushimi-inari-taisha-torii-gates-kyoto-japan-sunlight"
"japan-2025","japan-2025","jap-65","Fushimi Inari-taisha, Kyoto, Japan","2025-06-05","Fushimi Inari-taisha torii gates in Kyoto, Japan. Tourists walk a sunlit path lined with vibrant vermilion shrines and lush greenery.","Fushimi Inari-taisha · endless crimson pathways beckon","Sunlight streams through a radiant tunnel of vermilion torii gates at Fushimi Inari-taisha. Visitors stroll the winding path, immersed in dappled light and deep shadows. Japanese kanji inscriptions grace the iconic shrine structures, towering amidst vibrant green foliage. This scene captures a spiritual journey through the cultural heart of Kyoto, Japan.","Apple","iPhone 13 Pro","iPhone 13 Pro back dual camera 9mm f/2.8","9.0 mm","77 mm","2.8","1/400","32","Program AE","Multi-segment","Auto","Off, Did not fire","2025:06:05 10:37:09","34 deg 58' 4.74"" N","135 deg 46' 35.20"" E","2875","3833","https://res.cloudinary.com/do9hrcwn1/image/upload/c_limit,f_auto,q_auto,w_1200/v1/sammapix/portfolio/japan/65-fushimi-inari-taisha-kyoto-vermilion-torii-gates-japan"
"japan-2025","japan-2025","jap-66","Fushimi Inari-taisha, Kyoto, Japan","2025-06-05","Man, child hold hands on sun-dappled path through vibrant orange Fushimi Inari-taisha torii gates, Kyoto, Japan.","Fushimi Inari · vermilion gates, dappled light","Sunlight streams dramatically through the thousands of vermilion torii gates at Fushimi Inari-taisha, creating a captivating play of light and shadow on the pathway. A man and child hold hands, strolling beneath the vibrant archways adorned with black calligraphy. The path, lined by dark gate bases and hints of green foliage, invites quiet contemplation on this iconic pilgrimage route in Kyoto, Japan.","Apple","iPhone 13 Pro","iPhone 13 Pro back dual camera 9mm f/2.8","9.0 mm","77 mm","2.8","1/120","40","Program AE","Multi-segment","Auto","Off, Did not fire","2025:06:05 10:41:32","34 deg 58' 5.01"" N","135 deg 46' 40.36"" E","3024","4032","https://res.cloudinary.com/do9hrcwn1/image/upload/c_limit,f_auto,q_auto,w_1200/v1/sammapix/portfolio/japan/66-fushimi-inari-taisha-kyoto-torii-gates-dappled-light"
"japan-2025","japan-2025","jap-67","Fushimi Inari Shrine, Kyoto, Japan","2025-06-05","Japanese woman in floral yukata with purple obi walks down steps at Fushimi Inari Shrine, Kyoto, under dappled light.","Fushimi Inari · steps through sacred light","A Japanese woman, elegantly dressed in a white yukata with subtle floral patterns and a vibrant purple obi, descends ancient stone steps. Dappled sunlight filters through the lush forest canopy, illuminating her path and the surrounding dried leaves. In the soft-focus background, vibrant red torii gates and traditional stone lanterns hint at a sacred journey, a pilgrimage through Kyoto's iconic Fushimi Inari Shrine. This image beautifully captures tranquil beauty and timeless tradition.","Apple","iPhone 13 Pro","iPhone 13 Pro back dual camera 9mm f/2.8","9.0 mm","77 mm","2.8","1/90","250","Program AE","Multi-segment","Auto","Off, Did not fire","2025:06:05 10:47:57","34 deg 58' 4.59"" N","135 deg 46' 41.95"" E","3024","4032","https://res.cloudinary.com/do9hrcwn1/image/upload/c_limit,f_auto,q_auto,w_1200/v1/sammapix/portfolio/japan/67-kyoto-fushimi-inari-shrine-woman-yukata-torii-steps-japan"
"japan-2025","japan-2025","jap-68","Byodo-in Temple, Uji, Japan","2025-06-05","Byodo-in Temple Phoenix Hall, Uji, Japan. Ornate traditional Japanese Buddhist temple architecture, red facade, tiled roof, sunlit.","Byodo-in · ancient beauty, timeless serenity","Byodo-in Temple in Uji, Japan, stands majestically under a clear blue sky. Its iconic red wooden architecture, crowned with a graceful tiled roof and intricate golden accents, commands attention. Lush green leaves softly frame the historic Phoenix Hall. A serene gravel courtyard and manicured bushes complete this picturesque scene, embodying timeless Japanese elegance, as bright sunlight casts crisp shadows, highlighting the temple's beauty.","Apple","iPhone 13 Pro","iPhone 13 Pro back dual camera 9mm f/2.8","9.0 mm","77 mm","2.8","1/500","32","Program AE","Multi-segment","Auto","Off, Did not fire","2025:06:05 12:06:40","34 deg 53' 20.84"" N","135 deg 48' 30.17"" E","3024","4032","https://res.cloudinary.com/do9hrcwn1/image/upload/c_limit,f_auto,q_auto,w_1200/v1/sammapix/portfolio/japan/68-byodo-in-temple-phoenix-hall-uji-japan-architecture"
"japan-2025","japan-2025","jap-69","Byodo-in Temple, Uji, Japan","2025-06-05","Byodo-in Temple Phoenix Hall, Uji, Japan. Red traditional Buddhist architecture, tiled roofs, golden phoenixes, tranquil pond, spring foliage.","Uji · ancient phoenixes dream on tranquil water","Sunlight illuminates Byodo-in Temple's vibrant red architecture, its intricate tiled roofs adorned with golden phoenixes. A tranquil pond reflects the majestic structure, surrounded by a meticulously arranged gravel path. Fresh spring foliage frames the scene, adding natural beauty. The clear blue sky overhead emphasizes the serene, historic atmosphere of this iconic Japanese Buddhist landmark in Uji.","Apple","iPhone 13 Pro","iPhone 13 Pro back triple camera 9mm f/2.8","9.0 mm","77 mm","2.8","1/440","32","Program AE","Multi-segment","Auto","Off, Did not fire","2025:06:05 12:08:25","34 deg 53' 19.96"" N","135 deg 48' 28.91"" E","3024","4032","https://res.cloudinary.com/do9hrcwn1/image/upload/c_limit,f_auto,q_auto,w_1200/v1/sammapix/portfolio/japan/69-byodo-in-temple-phoenix-hall-uji-japan-spring-pond"
"japan-2025","japan-2025","jap-70","Uji, Japan","2025-06-05","Uji, Japan traditional tea ceremony setup with cast iron kettle, bamboo whisk, matcha bowls on rustic wooden surface.","Uji · timeless tea tradition","A traditional Japanese tea ceremony setup in Uji, Japan, fills the frame. A dark, textured cast iron kettle rests atop a rustic wooden hearth. Beside it, a delicate bamboo matcha whisk and a silver tea strainer await use. Below, multiple ceramic tea bowls, cups, and small dishes, some holding green tea leaves, are arranged on dark lacquered trays. Soft, diffused light highlights the earthy tones and intricate details, evoking a serene, authentic atmosphere of Japanese tea culture.","Apple","iPhone 13 Pro","iPhone 13 Pro back dual camera 9mm f/2.8","9.0 mm","77 mm","2.8","1/60","250","Program AE","Multi-segment","Auto","Off, Did not fire","2025:06:05 12:35:18","34 deg 53' 18.49"" N","135 deg 48' 19.84"" E","3024","4032","https://res.cloudinary.com/do9hrcwn1/image/upload/c_limit,f_auto,q_auto,w_1200/v1/sammapix/portfolio/japan/70-uji-japan-traditional-tea-ceremony-matcha-setup"
"japan-2025","japan-2025","jap-71","Kinkaku-ji, Kyoto, Japan","2025-06-05","Kinkaku-ji Golden Pavilion reflecting in Kyōko-chi pond, Kyoto, Japan. Lush Japanese garden, traditional temple architecture, phoenix statue.","Kinkaku-ji · golden glow, tranquil waters","The iconic Kinkaku-ji, the Golden Pavilion, stands resplendent, its gold leaf shimmering under a bright, clear sky. It reflects perfectly in the serene Kyōko-chi pond, creating a symmetrical masterpiece. Lush, sculpted Japanese pine trees adorn the water's edge, complementing the traditional architecture. A vibrant green forest provides a majestic backdrop, embodying ancient Kyoto's timeless beauty and spiritual calm.","Apple","iPhone 13 Pro","iPhone 13 Pro back triple camera 9mm f/2.8","9.0 mm","77 mm","2.8","1/390","32","Program AE","Multi-segment","Auto","Off, Did not fire","2025:06:05 14:23:46","35 deg 2' 20.02"" N","135 deg 43' 43.04"" E","3024","4032","https://res.cloudinary.com/do9hrcwn1/image/upload/c_limit,f_auto,q_auto,w_1200/v1/sammapix/portfolio/japan/71-kinkaku-ji-golden-pavilion-kyoto-japan-reflection"
"japan-2025","japan-2025","jap-72","Kinkaku-ji, Kyoto, Japan","2025-06-05","Kinkaku-ji, Kyoto's Golden Pavilion, reflects perfectly in Kyōkochi Pond, surrounded by lush green foliage in Japan.","Kinkaku-ji · Golden glow, mirrored serenity","The magnificent Kinkaku-ji, Kyoto's Golden Pavilion, shimmers brilliantly under a clear sky. Its golden facade, topped with a striking phoenix ornament, reflects perfectly in the serene Kyōkochi pond. Lush green trees and distant mountains provide a verdant backdrop, enhancing the temple's iconic Japanese architecture. The tranquil atmosphere invites contemplation, capturing a timeless scene of cultural heritage and natural beauty.","Apple","iPhone 13 Pro","iPhone 13 Pro back triple camera 9mm f/2.8","9.0 mm","77 mm","2.8","1/640","32","Program AE","Multi-segment","Auto","Off, Did not fire","2025:06:05 14:27:17","35 deg 2' 20.42"" N","135 deg 43' 44.08"" E","3024","4032","https://res.cloudinary.com/do9hrcwn1/image/upload/c_limit,f_auto,q_auto,w_1200/v1/sammapix/portfolio/japan/72-kinkakuji-golden-pavilion-kyoto-japan-reflection-temple"
"japan-2025","japan-2025","jap-73","Kinkaku-ji, Kyoto, Japan","2025-06-05","Kinkaku-ji Golden Pavilion reflecting in Kyōkochi Pond, lush Japanese garden, Kyoto, traditional temple architecture","Kinkaku-ji · golden splendor by the pond","The magnificent Kinkaku-ji, or Golden Pavilion, stands resplendent on the edge of Kyōkochi Pond in Kyoto. Its multi-tiered golden facade, a beacon of traditional Japanese architecture, shimmers in the bright daylight, casting a luminous reflection upon the tranquil waters. Surrounding the iconic structure, meticulously manicured evergreen trees and vibrant green bushes add to the serene, contemplative atmosphere of the Japanese garden. A clear blue sky completes this picturesque cultural landscape.","Apple","iPhone 13 Pro","iPhone 13 Pro back triple camera 5.7mm f/1.5","5.7 mm","26 mm","1.5","1/2300","50","Program AE","Multi-segment","Auto","Off, Did not fire","2025:06:05 14:32:33","35 deg 2' 22.78"" N","135 deg 43' 42.00"" E","3024","4032","https://res.cloudinary.com/do9hrcwn1/image/upload/c_limit,f_auto,q_auto,w_1200/v1/sammapix/portfolio/japan/73-kinkakuji-golden-pavilion-kyoto-japan-pond-garden-temple"
"japan-2025","japan-2025","jap-74","Sagano Bamboo Forest, Kyoto, Japan","2025-06-05","Towering Sagano Bamboo Forest in Arashiyama, Kyoto, Japan. Sunlight filters through dense green leaves, illuminating stalks.","Kyoto · Verdant bamboo stalks reach for sky","Towering bamboo stalks create an immersive, emerald green pathway within a renowned Kyoto forest. Sunlight brilliantly pierces the dense canopy, casting long, ethereal shadows across the graceful culms. The vibrant foliage forms a natural ceiling, revealing glimpses of a clear blue sky above. This serene environment evokes a profound sense of tranquility and ancient beauty, characteristic of Japan's natural wonders, inviting quiet contemplation.","Apple","iPhone 13 Pro","iPhone 13 Pro back triple camera 5.7mm f/1.5","5.7 mm","26 mm","1.5","1/120","80","Program AE","Multi-segment","Auto","Off, Did not fire","2025:06:05 15:36:34","35 deg 0' 59.77"" N","135 deg 40' 14.14"" E","3024","4032","https://res.cloudinary.com/do9hrcwn1/image/upload/c_limit,f_auto,q_auto,w_1200/v1/sammapix/portfolio/japan/74-sagano-bamboo-forest-kyoto-japan-towering-green-path"
"japan-2025","japan-2025","jap-75","Arashiyama Bamboo Grove, Kyoto, Japan","2025-06-05","Tourists walk along a winding path through the towering green bamboo stalks of Arashiyama Bamboo Grove, Kyoto, Japan, with sunlight filtering through.","Arashiyama · emerald path, sun-dappled journey","Visitors traverse a gently winding path through the iconic Arashiyama Bamboo Grove in Kyoto, Japan. Towering bamboo stalks create an ethereal canopy, filtering sunlight into soft, dappled patterns on the ground. A sense of serene natural beauty pervades, despite the bustling crowd of people exploring this renowned Japanese landmark. Dry grasses line the path, adding textural contrast to the vibrant green. The air feels calm, cool, and inviting.","Apple","iPhone 13 Pro","iPhone 13 Pro back triple camera 9mm f/2.8","9.0 mm","77 mm","2.8","1/60","320","Program AE","Multi-segment","Auto","Off, Did not fire","2025:06:05 15:41:01","35 deg 1' 1.98"" N","135 deg 40' 19.46"" E","3024","4032","https://res.cloudinary.com/do9hrcwn1/image/upload/c_limit,f_auto,q_auto,w_1200/v1/sammapix/portfolio/japan/75-arashiyama-bamboo-grove-path-kyoto-japan-tourists"
"japan-2025","japan-2025","jap-76","Kyoto, Japan","2025-06-05","Young Japanese rickshaw puller in tabi shoes pulls two female tourists in a traditional jinrikisha through Kyoto street.","Kyoto · timeless traditional ride","A vibrant Kyoto street scene unfolds as a dedicated rickshaw puller, clad in traditional tabi shoes and straw hat, diligently guides his jinrikisha. Two female tourists enjoy the ride, basking in the warm sunlight. Detailed shadows stretch across the asphalt, adding depth and dynamism to this cultural immersion experience in Japan's historic city.","Apple","iPhone 13 Pro","iPhone 13 Pro back dual camera 9mm f/2.8","9.0 mm","77 mm","2.8","1/190","25","Program AE","Multi-segment","Auto","Off, Did not fire","2025:06:05 15:54:44","35 deg 1' 3.65"" N","135 deg 40' 35.61"" E","3024","4032","https://res.cloudinary.com/do9hrcwn1/image/upload/c_limit,f_auto,q_auto,w_1200/v1/sammapix/portfolio/japan/76-kyoto-japan-rickshaw-jinrikisha-puller-street-tourism"
"japan-2025","japan-2025","jap-77","Heian Shrine, Kyoto, Japan","2025-06-05","Heian Shrine Ōtenmon gate in Kyoto, Japan, with tourists gathered. Vermillion architecture, green roofs, warm afternoon light.","Heian Shrine · vibrant gate under golden light","The magnificent Heian Shrine Ōtenmon gate stands bathed in warm, golden afternoon light in Kyoto. Its vibrant vermillion, white, and dark tiled roofs, adorned with intricate gold details, create a striking focal point. Tourists gather before the grand steps, some observing, some waiting. Lush green foliage frames the traditional Japanese architecture, highlighting the serene cultural ambiance.","Apple","iPhone 13 Pro","iPhone 13 Pro back triple camera 9mm f/2.8","9.0 mm","77 mm","2.8","1/400","32","Program AE","Multi-segment","Auto","Off, Did not fire","2025:06:05 17:36:18","35 deg 0' 13.20"" N","135 deg 46' 37.23"" E","3024","4032","https://res.cloudinary.com/do9hrcwn1/image/upload/c_limit,f_auto,q_auto,w_1200/v1/sammapix/portfolio/japan/77-heian-shrine-otenmon-gate-kyoto-japan-afternoon-light"
"japan-2025","japan-2025","jap-78","Kyoto, Japan","2025-06-05","Rows of white Japanese paper lanterns with black kanji and red crests hanging in Kyoto, Japan, traditional temple or market entrance.","Kyoto · ancient light, enduring spirit","Rows of traditional Japanese paper lanterns elegantly adorn a structure in Kyoto, Japan. Each white lantern features intricate black kanji calligraphy and vibrant red symbols, reflecting centuries of cultural heritage. Soft, warm sunlight grazes their surfaces, emphasizing the delicate pleats and intricate details. The orderly arrangement creates a sense of calm and reverence, inviting contemplation of the city's rich history.","Apple","iPhone 13 Pro","iPhone 13 Pro back triple camera 9mm f/2.8","9.0 mm","77 mm","2.8","1/280","32","Program AE","Multi-segment","Auto","Off, Did not fire","2025:06:05 17:39:48","35 deg 0' 11.93"" N","135 deg 46' 42.17"" E","3024","4032","https://res.cloudinary.com/do9hrcwn1/image/upload/c_limit,f_auto,q_auto,w_1200/v1/sammapix/portfolio/japan/78-kyoto-japan-traditional-japanese-paper-lanterns"
"japan-2025","japan-2025","jap-79","Kyoto, Japan","2025-06-05","Traditional Japanese tiled roofs, wooden buildings, ancient stone pillar with script, narrow street, Kyoto, Japan, warm light.","Kyoto · historic rooftops, ancient whispers","Golden hour light bathes stacked traditional wooden buildings and grey-tiled roofs in Kyoto. A weathered stone pillar, adorned with elegant Japanese script, stands prominently in the foreground. People meander along the narrow, historic street, surrounded by vibrant green foliage. The scene evokes a timeless sense of Japanese heritage, revealing serene urban beauty and cultural depth.","Apple","iPhone 13 Pro","iPhone 13 Pro back triple camera 9mm f/2.8","9.0 mm","77 mm","2.8","1/270","40","Program AE","Multi-segment","Auto","Off, Did not fire","2025:06:05 18:09:41","34 deg 59' 49.03"" N","135 deg 46' 51.84"" E","3024","4032","https://res.cloudinary.com/do9hrcwn1/image/upload/c_limit,f_auto,q_auto,w_1200/v1/sammapix/portfolio/japan/79-kyoto-japan-traditional-street-architecture-stone-pillar"
"japan-2025","japan-2025","jap-80","Kiyomizu-dera Temple, Kyoto, Japan","2025-06-05","Vibrant orange-red Kiyomizu-dera Temple pagoda, Kyoto, Japan, bathed in golden light against lush hillside","Kiyomizu-dera · ancient temple, golden light","Golden light bathes Kiyomizu-dera Temple, a magnificent three-storied pagoda in Kyoto, Japan. Its vibrant orange and red timbers glow against a clear, pale blue sky and a verdant hillside. Intricate traditional architecture, with a multi-tiered roof and decorative finial, creates a timeless scene. Stone lanterns and manicured garden elements ascend towards the sacred structure, evoking a peaceful, spiritual ambiance amidst the lush forest.","Apple","iPhone 13 Pro","iPhone 13 Pro back triple camera 9mm f/2.8","9.0 mm","77 mm","2.8","1/320","32","Program AE","Multi-segment","Auto","Off, Did not fire","2025:06:05 18:17:46","34 deg 59' 43.61"" N","135 deg 46' 58.54"" E","2937","3916","https://res.cloudinary.com/do9hrcwn1/image/upload/c_limit,f_auto,q_auto,w_1200/v1/sammapix/portfolio/japan/80-kiyomizu-dera-pagoda-golden-hour-kyoto-japan"
"japan-2025","japan-2025","jap-81","Yasaka Pagoda, Kyoto, Japan","2025-06-05","Yasaka Pagoda, Kyoto, Japan, towering over a historic Sannenzaka street filled with tourists and traditional wooden buildings.","Kyoto · ancient pagoda watches over lively streets","A majestic five-story pagoda, Yasaka Pagoda, anchors a charming, narrow cobblestone street in Kyoto, Japan. Warm, soft light illuminates traditional wooden machiya houses with intricate tiled roofs. Pedestrians stroll along the bustling historic lane, ascending towards the iconic temple structure. Japanese lanterns and signs adorn the storefronts, creating an authentic, immersive atmosphere of timeless beauty.","Apple","iPhone 13 Pro","iPhone 13 Pro back triple camera 9mm f/2.8","9.0 mm","77 mm","2.8","1/100","32","Program AE","Multi-segment","Auto","Off, Did not fire","2025:06:05 18:39:51","34 deg 59' 55.25"" N","135 deg 46' 38.71"" E","3024","4032","https://res.cloudinary.com/do9hrcwn1/image/upload/c_limit,f_auto,q_auto,w_1200/v1/sammapix/portfolio/japan/81-kyoto-japan-yasaka-pagoda-historic-street-traditional"
"japan-2025","japan-2025","jap-82","Osaka, Japan","2025-06-05","Black Toyota Crown taxi in Osaka, Japan at night, red taillights, illuminated Japanese buildings, street scene.","Osaka · city lights, waiting taxi","A classic black Toyota Crown taxi waits patiently on an illuminated Osaka street at night. Its vibrant red taillights glow, contrasting with the soft, warm light from traditional Japanese buildings in the background. Japanese characters adorn the vertical signs, hinting at bustling nightlife and dining. Blurred figures of people gather, suggesting evening activity. The scene captures the calm energy of urban Japan, under a clear, dark sky.","Apple","iPhone 13 Pro","iPhone 13 Pro back triple camera 9mm f/2.8","9.0 mm","77 mm","2.8","1/30","800","Program AE","Multi-segment","Auto","Off, Did not fire","2025:06:05 20:43:15","34 deg 41' 54.64"" N","135 deg 31' 58.43"" E","3024","4032","https://res.cloudinary.com/do9hrcwn1/image/upload/c_limit,f_auto,q_auto,w_1200/v1/sammapix/portfolio/japan/82-osaka-japan-toyota-crown-taxi-night-street-lights"
"japan-2025","japan-2025","jap-83","Osaka, Japan","2025-06-05","Vibrant Osaka alleyway at night, illuminated by a myriad of colorful neon Japanese signs, with pedestrians and parked bicycles.","Osaka · Alleyway's neon symphony at night","A bustling Osaka alleyway pulses with nocturnal energy, bathed in the electric glow of countless neon signs. Japanese characters illuminate diverse storefronts, from ramen shops to izakayas. Pedestrians stroll along the atmospheric street, their figures silhouetted against the vibrant commercial facades. Parked bicycles add to the authentic urban scene, all beneath the imposing structure of an overpass.","Apple","iPhone 13 Pro","iPhone 13 Pro back triple camera 9mm f/2.8","9.0 mm","77 mm","2.8","1/60","640","Program AE","Multi-segment","Auto","Off, Did not fire","2025:06:05 21:13:39","34 deg 41' 53.14"" N","135 deg 31' 59.92"" E","3024","4032","https://res.cloudinary.com/do9hrcwn1/image/upload/c_limit,f_auto,q_auto,w_1200/v1/sammapix/portfolio/japan/83-osaka-japan-night-alley-neon-signs-urban-street"
"japan-2025","japan-2025","jap-84","Nara Park, Nara, Japan","2025-06-06","Elderly man gently interacting with wild Sika deer in Nara Park, Japan. Sunlit green field, clear blue sky.","Nara · friendly deer encounter","A serene moment unfolds in Nara, Japan, as an elderly man gently interacts with a cluster of wild Sika deer. Bright sunlight bathes the vibrant green grass, casting subtle shadows, highlighting the deer's spotted coats. Several deer, some with developing antlers, gather closely, displaying their famously friendly nature. Majestic trees line the distant horizon under a brilliant blue sky, showcasing the park's tranquil beauty.","Apple","iPhone 13 Pro","iPhone 13 Pro back dual camera 9mm f/2.8","9.0 mm","77 mm","2.8","1/500","32","Program AE","Multi-segment","Auto","Off, Did not fire","2025:06:06 08:33:47","34 deg 40' 53.41"" N","135 deg 50' 25.20"" E","3024","4032","https://res.cloudinary.com/do9hrcwn1/image/upload/c_limit,f_auto,q_auto,w_1200/v1/sammapix/portfolio/japan/84-nara-japan-sika-deer-man-interaction-park"
"japan-2025","japan-2025","jap-85","Nara Park, Nara, Japan","2025-06-06","Man gently pets wild Sika deer in sunlit Nara Park, Japan, blue sky, grassy field, smiling, casual clothes.","Nara · a gentle deer encounter","A heartwarming scene unfolds in Nara, Japan, where a smiling man gently interacts with a wild Sika deer. Sunlight illuminates the grassy park, highlighting the deer's spotted coat and the serene blue sky with soft clouds. Other deer graze nearby, adding to the tranquil atmosphere. This moment captures the unique, trusting bond between visitors and the famed deer of Nara.","Apple","iPhone 13 Pro","iPhone 13 Pro back dual camera 9mm f/2.8","9.0 mm","77 mm","2.8","1/730","32","Program AE","Multi-segment","Auto","Off, Did not fire","2025:06:06 08:34:56","34 deg 40' 53.40"" N","135 deg 50' 25.03"" E","3024","4032","https://res.cloudinary.com/do9hrcwn1/image/upload/c_limit,f_auto,q_auto,w_1200/v1/sammapix/portfolio/japan/85-nara-park-man-sika-deer-interaction-japan-sunny"
"japan-2025","japan-2025","jap-86","Nara Park, Nara, Japan","2025-06-06","Woman standing with two dappled sika deer in Nara Park, Japan, on a sunny day. Bright green grass and lush trees under blue sky.","Nara · where ancient spirits roam free","Sunlight bathes Nara Park, Japan, illuminating vibrant green grass and a serene blue sky. Two dappled sika deer, revered messengers, gently approach a visitor, their coats gleaming in the bright day. Lush trees frame this tranquil scene, a timeless moment of harmony between nature and human, capturing the unique spirit of Nara’s sacred landscape.","Apple","iPhone 13 Pro","iPhone 13 Pro back dual camera 9mm f/2.8","9.0 mm","77 mm","2.8","1/500","32","Program AE","Multi-segment","Auto","Off, Did not fire","2025:06:06 08:53:18","34 deg 40' 53.67"" N","135 deg 50' 29.97"" E","3024","4032","https://res.cloudinary.com/do9hrcwn1/image/upload/c_limit,f_auto,q_auto,w_1200/v1/sammapix/portfolio/japan/86-nara-park-sika-deer-woman-interaction-japan-sunny-day"
"japan-2025","japan-2025","jap-87","Nara Park, Nara, Japan","2025-06-06","Sika deer standing under a wooden shrine structure in Nara Park, Japan, with other deer resting in dappled light.","Nara · a sacred deer's gentle gaze","A curious sika deer stands alert under a weathered wooden shrine structure in Nara, Japan. Dappled sunlight filters through the overhead canopy, illuminating its spotted coat and delicate antlers. In the soft light, other deer rest peacefully in the grassy background, blending into the serene park landscape. A traditional wooden sign, adorned with Japanese calligraphy, adds a cultural layer to this tranquil wildlife scene, embodying the sacred connection between nature and heritage in Nara.","Apple","iPhone 13 Pro","iPhone 13 Pro back triple camera 9mm f/2.8","9.0 mm","77 mm","2.8","1/100","80","Program AE","Multi-segment","Auto","Off, Did not fire","2025:06:06 09:06:22","34 deg 40' 55.52"" N","135 deg 50' 23.55"" E","3024","4032","https://res.cloudinary.com/do9hrcwn1/image/upload/c_limit,f_auto,q_auto,w_1200/v1/sammapix/portfolio/japan/87-nara-park-sika-deer-portrait-japan-wildlife"
"japan-2025","japan-2025","jap-88","Nandaimon Gate, Todai-ji Temple, Nara, Japan","2025-06-06","Sika deer with bowing man at Todai-ji Temple's Nandaimon Gate, Nara, Japan. Tourists, grand wooden architecture, clear sky.","Nara · ancient gate, sacred deer, quiet reverence","A serene moment unfolds at Nara, Japan, where a Sika deer calmly approaches a bowing man. The majestic Nandaimon Gate of Todai-ji Temple rises behind them, its intricate wooden architecture bathed in warm daylight. Tourists observe the unique cultural interaction, as wild deer freely roam these sacred grounds, creating a tranquil, unforgettable scene.","Apple","iPhone 13 Pro","iPhone 13 Pro back triple camera 5.7mm f/1.5","5.7 mm","26 mm","1.5","1/1600","50","Program AE","Multi-segment","Auto","Off, Did not fire","2025:06:06 09:28:59","34 deg 41' 7.16"" N","135 deg 50' 23.55"" E","2964","3952","https://res.cloudinary.com/do9hrcwn1/image/upload/c_limit,f_auto,q_auto,w_1200/v1/sammapix/portfolio/japan/88-nara-japan-todaiji-nandaimon-gate-sika-deer-bowing"
"japan-2025","japan-2025","jap-89","Todai-ji Temple, Nara, Japan","2025-06-06","Nara Park, Japan: Todai-ji Temple visible in distance, majestic tiered roof. Wild Sika deer graze on sunlit green grass. People stroll on a wide path.","Nara · ancient temple, sacred deer","Sunlight bathes Nara Park, Japan, illuminating the majestic Todai-ji Temple in the distance. Its grand tiered roof emerges through lush green trees. Wild Sika deer graze peacefully on the expansive lawns, coexisting with visitors strolling along the wide, sun-drenched paths. The air is clear, inviting exploration of this serene cultural landscape, blending nature and ancient heritage.","Apple","iPhone 13 Pro","iPhone 13 Pro back triple camera 9mm f/2.8","9.0 mm","77 mm","2.8","1/950","32","Program AE","Multi-segment","Auto","Off, Did not fire","2025:06:06 09:37:05","34 deg 41' 16.15"" N","135 deg 50' 20.30"" E","3024","4032","https://res.cloudinary.com/do9hrcwn1/image/upload/c_limit,f_auto,q_auto,w_1200/v1/sammapix/portfolio/japan/89-nara-japan-todai-ji-temple-park-sika-deer-sunny-day"
"japan-2025","japan-2025","jap-90","Todai-ji Temple, Nara, Japan","2025-06-06","Todai-ji Temple, Nara, Japan, showing tiered roof, intricate wooden eaves, green lawn, under a clear blue sky.","Nara · Ancient grandeur under sunlit eaves","A majestic traditional Japanese temple dominates the scene, its grand tiered roof and intricate wooden eaves showcasing ancient craftsmanship. Sunlight bathes the structure, highlighting the detailed carvings and the gentle curve of the dark tiles. A vibrant green lawn extends in the foreground, leading towards a smaller, elegant pavilion. The clear blue sky provides a serene backdrop for this iconic architectural marvel in Nara.","Apple","iPhone 13 Pro","iPhone 13 Pro back triple camera 9mm f/2.8","9.0 mm","77 mm","2.8","1/440","32","Program AE","Multi-segment","Auto","Off, Did not fire","2025:06:06 09:44:12","34 deg 41' 16.61"" N","135 deg 50' 25.47"" E","3024","4032","https://res.cloudinary.com/do9hrcwn1/image/upload/c_limit,f_auto,q_auto,w_1200/v1/sammapix/portfolio/japan/90-todai-ji-temple-nara-japan-traditional-architecture"
"japan-2025","japan-2025","jap-91","Tōdai-ji Temple, Nara, Japan","2025-06-06","Great Buddha statue, Daibutsuden, Todai-ji Temple, Nara, Japan. Intricate golden mandorla, ancient wooden architecture, serene.","Nara · colossal reverence, golden splendor","The colossal Great Buddha statue at Tōdai-ji Temple dominates the vast Daibutsuden hall. Its dark bronze form, with a raised hand, commands attention amidst a radiant golden mandorla featuring smaller Buddhas. Ancient reddish-brown wooden beams and pillars frame the sacred space, illuminated by soft, ambient light. Offerings rest respectfully at its base, reflecting centuries of devotion and craftsmanship in this iconic Japanese temple.","Apple","iPhone 13 Pro","iPhone 13 Pro back triple camera 5.7mm f/1.5","5.7 mm","26 mm","1.5","1/90","125","Program AE","Spot","Auto","Off, Did not fire","2025:06:06 09:58:56","34 deg 41' 19.51"" N","135 deg 50' 23.33"" E","3024","4032","https://res.cloudinary.com/do9hrcwn1/image/upload/c_limit,f_auto,q_auto,w_1200/v1/sammapix/portfolio/japan/91-todai-ji-great-buddha-statue-nara-japan-temple"
"japan-2025","japan-2025","jap-92","Nara Park, Nara, Japan","2025-06-06","Young child squatting, intently watching a calm Sika deer resting on a stone path in Nara Park, Japan. Bright daylight.","Nara · quiet deer park encounter","A tranquil scene unfolds in Nara, Japan, where a child respectfully observes a serene Sika deer resting on ancient paved ground. The soft, dappled sunlight filters through lush green foliage, casting gentle shadows across the pathway. This intimate moment captures the unique harmony between people and wild deer, characteristic of Nara Park, inviting viewers into a peaceful, cultural experience.","Apple","iPhone 13 Pro","iPhone 13 Pro back dual camera 9mm f/2.8","9.0 mm","77 mm","2.8","1/500","32","Program AE","Multi-segment","Auto","Off, Did not fire","2025:06:06 10:03:05","34 deg 41' 16.03"" N","135 deg 50' 24.98"" E","3024","4032","https://res.cloudinary.com/do9hrcwn1/image/upload/c_limit,f_auto,q_auto,w_1200/v1/sammapix/portfolio/japan/92-nara-japan-child-sika-deer-park-path-observation"
"japan-2025","japan-2025","jap-93","Kushikatsu Daruma, Osaka, Japan","2025-06-06","Kushikatsu Daruma giant chef head sign in Osaka, Japan. Stern face, mustache, bold Japanese kanji, vibrant street food icon.","Osaka · stern guardian of delicious deep-fried skewers","A colossal, cartoonish chef's head, the renowned Kushikatsu Daruma mascot, presides over this Osaka street. Its stern expression, wide eyes, and prominent mustache command attention. Bold Japanese script on his hat and surrounding signage proudly announces the restaurant, a cultural staple for deep-fried skewers. Bright daylight casts crisp shadows, highlighting the figure's textures and adjacent modern building facades. This vibrant, eye-catching landmark embodies Osaka's dynamic street food atmosphere.","Apple","iPhone 13 Pro","iPhone 13 Pro back dual camera 9mm f/2.8","9.0 mm","77 mm","2.8","1/420","32","Program AE","Multi-segment","Auto","Off, Did not fire","2025:06:06 11:32:08","34 deg 40' 7.53"" N","135 deg 30' 9.34"" E","3024","4032","https://res.cloudinary.com/do9hrcwn1/image/upload/c_limit,f_auto,q_auto,w_1200/v1/sammapix/portfolio/japan/93-kushikatsu-daruma-mascot-sign-osaka-japan"
"japan-2025","japan-2025","jap-94","Kobe, Japan","2025-06-06","Close-up of raw, marbled Kobe Wagyu beef on a wooden board at a teppanyaki counter in Kobe, Japan, with a chef preparing.","Kobe · Wagyu, culinary art unfolds","A chef prepares exquisite raw, marbled Kobe Wagyu beef on a wooden serving board. The prime cut, glistening with delicate fat, awaits its transformation on the dark, reflective teppanyaki grill. Subdued lighting highlights the intricate marbling, a signature of premium Japanese steak. Culinary anticipation fills the air in this refined Kobe restaurant, showcasing the artistry of a master chef's hands, poised to begin the precise cooking process, an authentic Japanese dining experience.","Apple","iPhone 13 Pro","iPhone 13 Pro back triple camera 5.7mm f/1.5","5.7 mm","26 mm","1.5","1/120","100","Program AE","Multi-segment","Auto","Off, Did not fire","2025:06:06 13:13:39","34 deg 41' 33.51"" N","135 deg 11' 29.12"" E","3024","4032","https://res.cloudinary.com/do9hrcwn1/image/upload/c_limit,f_auto,q_auto,w_1200/v1/sammapix/portfolio/japan/94-kobe-wagyu-beef-teppanyaki-chef-japan-culinary-experience"
"japan-2025","japan-2025","jap-95","Daiyagawa River, Nikkō, Japan","2025-06-07","Daiyagawa River rapids in Nikkō, Japan, flanked by lush green forests under a bright sky. Serene natural landscape.","Nikkō · emerald river, verdant shores","The Daiyagawa River carves a vibrant path through Nikkō, Japan. Rushing currents create white foam, navigating scattered rocks along its course. Lush, emerald-green foliage blankets the steep banks, thriving under the soft, clear daylight. A subtle, rustic structure peeks through the dense canopy in the distance, hinting at human presence amidst the serene natural grandeur. This tranquil scene captures the untouched beauty of Japan's forested landscapes.","Apple","iPhone 13 Pro","iPhone 13 Pro back triple camera 5.7mm f/1.5","5.7 mm","26 mm","1.5","1/2500","50","Program AE","Multi-segment","Auto","Off, Did not fire","2025:06:07 10:49:10","36 deg 45' 13.46"" N","139 deg 36' 16.34"" E","3024","4032","https://res.cloudinary.com/do9hrcwn1/image/upload/c_limit,f_auto,q_auto,w_1200/v1/sammapix/portfolio/japan/95-daiyagawa-river-rapids-nikko-japan-lush-forest"
"japan-2025","japan-2025","jap-96","Shinkyō Bridge, Nikkō, Japan","2025-06-07","Vibrant red Shinkyō bridge over Daiya River, Nikkō, Japan. Lush green forest, stone wall. Sacred UNESCO World Heritage site.","Nikkō · vermilion arch over clear waters","A striking vermilion Shinkyō bridge arches gracefully over the clear, shallow Daiya River in Nikkō, Japan. Lush green foliage blankets the surrounding hills, creating a vibrant, verdant setting. The tranquil river, with its visible rocky bed, flows gently beneath the iconic sacred structure. A bright, overcast sky illuminates the serene landscape, highlighting the rich cultural heritage nestled within this natural Japanese wonderland.","Apple","iPhone 13 Pro","iPhone 13 Pro back triple camera 5.7mm f/1.5","5.7 mm","26 mm","1.5","1/1250","50","Program AE","Multi-segment","Auto","Off, Did not fire","2025:06:07 10:53:56","36 deg 45' 12.51"" N","139 deg 36' 16.67"" E","3024","4032","https://res.cloudinary.com/do9hrcwn1/image/upload/c_limit,f_auto,q_auto,w_1200/v1/sammapix/portfolio/japan/96-nikko-shinkyo-bridge-daiya-river-japan-green-forest"
"japan-2025","japan-2025","jap-97","Nikko, Japan","2025-06-07","Nikko, Japan: Moss-covered stone steps ascend to a small, traditional red wooden shrine under vibrant green maple leaves.","Nikko · ancient steps, verdant calm","Ancient stone steps, enveloped by lush moss, ascend towards a small, traditional red shrine in Nikkō, Japan. Sunlight filters through vibrant green maple leaves, casting soft, dappled light on the sacred pathway. The air feels tranquil, surrounded by the deep greens of the forest and the aged stone. This serene scene captures the spiritual essence of Japan's historical sites, inviting contemplation.","Apple","iPhone 13 Pro","iPhone 13 Pro back dual wide camera 5.7mm f/1.5","5.7 mm","26 mm","1.5","1/1100","50","Program AE","Multi-segment","Auto","Off, Did not fire","2025:06:07 11:16:05","36 deg 45' 19.62"" N","139 deg 35' 59.42"" E","3024","4032","https://res.cloudinary.com/do9hrcwn1/image/upload/c_limit,f_auto,q_auto,w_1200/v1/sammapix/portfolio/japan/97-nikko-japan-shrine-stone-steps-moss-green-leaves"
"japan-2025","japan-2025","jap-98","Nikkō, Japan","2025-06-07","Tourists ascend mossy stone steps through a grand torii gate at a lush forested shrine entrance, Nikkō, Japan.","Nikkō · sacred steps, forest sanctuary","Visitors climb ancient, moss-kissed stone steps, moving towards a majestic grey stone torii gate. Sunlight filters through a dense, verdant forest, illuminating the pathway to a sacred site. A traditional Japanese building roof emerges beyond the gate, hinting at the spiritual journey ahead. The atmosphere is peaceful, yet vibrant with the presence of many people exploring Japan's rich cultural heritage in Nikkō.","Apple","iPhone 13 Pro","iPhone 13 Pro back triple camera 9mm f/2.8","9.0 mm","77 mm","2.8","1/120","32","Program AE","Multi-segment","Auto","Off, Did not fire","2025:06:07 11:18:13","36 deg 45' 22.06"" N","139 deg 35' 58.43"" E","3024","4032","https://res.cloudinary.com/do9hrcwn1/image/upload/c_limit,f_auto,q_auto,w_1200/v1/sammapix/portfolio/japan/98-nikko-japan-torii-gate-shrine-steps-forest-pilgrimage"
"japan-2025","japan-2025","jap-99","Five-Story Pagoda, Nikko, Japan","2025-06-07","Five-story pagoda at Toshogu Shrine, Nikko, Japan, vibrant red with intricate carvings, surrounded by lush green forest under clear sky.","Nikko · sacred spire among ancient trees","A magnificent five-story pagoda stands tall, its vibrant red tiers adorned with intricate, colorful carvings. Lush green cedar trees envelop the structure, creating a serene, timeless atmosphere. Sunlight filters through the dense canopy, highlighting delicate architectural details and painted eaves. This historic pagoda, a beacon of traditional Japanese design, invites quiet contemplation amidst Nikko's sacred, verdant landscapes.","Apple","iPhone 13 Pro","iPhone 13 Pro back triple camera 9mm f/2.8","9.0 mm","77 mm","2.8","1/370","32","Program AE","Multi-segment","Auto","Off, Did not fire","2025:06:07 11:22:49","36 deg 45' 24.79"" N","139 deg 35' 59.14"" E","3024","4032","https://res.cloudinary.com/do9hrcwn1/image/upload/c_limit,f_auto,q_auto,w_1200/v1/sammapix/portfolio/japan/99-nikko-toshogu-shrine-five-story-pagoda-japan"
"japan-2025","japan-2025","jap-100","Tōshō-gū Shrine, Nikkō, Japan","2025-06-07","Massive stone torii gate at Nikkō Tōshō-gū shrine, Japan. Visitors on a paved path, surrounded by ancient cedar forest.","Nikkō · stone gateway, sacred forest path","A grand stone torii gate stands tall, marking the entrance to a sacred precinct in Nikkō, Japan. Sunlight filters through the canopy of towering ancient cedars, illuminating a wide, paved stone path. Visitors walk towards the revered shrines, embarking on a spiritual journey. The air feels tranquil, steeped in history and natural beauty.","Apple","iPhone 13 Pro","iPhone 13 Pro back triple camera 5.7mm f/1.5","5.7 mm","26 mm","1.5","1/1900","50","Program AE","Multi-segment","Auto","Off, Did not fire","2025:06:07 11:23:59","36 deg 45' 23.91"" N","139 deg 35' 58.15"" E","3024","4032","https://res.cloudinary.com/do9hrcwn1/image/upload/c_limit,f_auto,q_auto,w_1200/v1/sammapix/portfolio/japan/100-nikko-toshogu-shrine-stone-torii-gate-japan-forest-path"
"japan-2025","japan-2025","jap-101","Narabi Jizo, Nikkō, Japan","2025-06-07","Row of moss-covered Jizo statues in Nikkō, Japan, wearing vibrant red knitted hats and bibs, nestled in a lush green forest.","Nikkō · silent mossy guardians","A serene line of moss-covered Jizo statues stands solemnly in Nikkō, Japan. Each ancient stone figure wears a vibrant red knitted hat and a matching bib, creating striking splashes of color against the deep green forest. Soft light illuminates the intricate textures of the moss, highlighting their quiet vigil. These traditional Buddhist guardians convey a sense of peace and enduring spirituality along a tranquil pathway.","Apple","iPhone 13 Pro","iPhone 13 Pro back dual camera 9mm f/2.8","9.0 mm","77 mm","2.8","1/120","200","Program AE","Multi-segment","Auto","Off, Did not fire","2025:06:07 13:09:15","36 deg 44' 55.66"" N","139 deg 35' 17.29"" E","3024","4032","https://res.cloudinary.com/do9hrcwn1/image/upload/c_limit,f_auto,q_auto,w_1200/v1/sammapix/portfolio/japan/101-nikko-jizo-statues-moss-red-hats-japan-spiritual"
"japan-2025","japan-2025","jap-102","Kegon Falls, Nikkō, Japan","2025-06-07","Majestic Kegon Falls in Nikkō, Japan, cascading over rocky cliffs, surrounded by vibrant green foliage under a cloudy sky.","Kegon Falls · plunging mist, ancient green","Kegon Falls majestically plummets from volcanic cliffs in Nikkō, Japan. Lush green deciduous trees and mossy rock faces frame the powerful cascade, emphasizing its scale. A soft, overcast sky diffuses light, highlighting the vibrant foliage and the ethereal mist rising from the falls' base. Water tumbles over dark, craggy boulders, continuing downstream.","Apple","iPhone 13 Pro","iPhone 13 Pro back triple camera 5.7mm f/1.5","5.7 mm","26 mm","1.5","1/640","50","Program AE","Multi-segment","Auto","Off, Did not fire","2025:06:07 16:11:32","36 deg 44' 16.08"" N","139 deg 30' 14.50"" E","3024","4032","https://res.cloudinary.com/do9hrcwn1/image/upload/c_limit,f_auto,q_auto,w_1200/v1/sammapix/portfolio/japan/102-kegon-falls-nikko-japan-majestic-waterfall-landscape"
"japan-2025","japan-2025","jap-103","Mount Fuji, Fujikawaguchiko, Japan","2025-06-08","Mount Fuji, partly cloud-covered, glimpsed above a street in Fujikawaguchiko, Japan. Power lines, Japanese buildings, pedestrians.","Fuji · peak veiled, urban wires","Mount Fuji majestically emerges from low clouds, its snowy peak partially obscured, creating a mystical backdrop. Dense power lines crisscross the frame, framing traditional and modern Japanese architecture. Two pedestrians walk along the street, their figures small against the urban tapestry. An overcast sky provides soft, diffused light, highlighting the subdued tones of Fujikawaguchiko's charming streetscape, a quintessentially Japanese blend of iconic nature and daily life.","Apple","iPhone 13 Pro","iPhone 13 Pro back triple camera 9mm f/2.8","9.0 mm","77 mm","2.8","1/1400","32","Program AE","Multi-segment","Auto","Off, Did not fire","2025:06:08 13:51:22","35 deg 30' 0.80"" N","138 deg 46' 7.24"" E","3024","4032","https://res.cloudinary.com/do9hrcwn1/image/upload/c_limit,f_auto,q_auto,w_1200/v1/sammapix/portfolio/japan/103-mount-fuji-fujikawaguchiko-japan-street-urban-clouds"
"japan-2025","japan-2025","jap-104","Fujikawaguchiko, Japan","2025-06-08","Hands holding chopsticks at a Japanese restaurant in Fujikawaguchiko, grilling meat on a personal charcoal hibachi, traditional meal.","Fujikawaguchiko · grilling a Japanese culinary moment","An intimate dining scene unfolds in a Japanese restaurant in Fujikawaguchiko. Hands expertly wield chopsticks, tending to sizzling meat on a personal hibachi grill, steam gently rising. Traditional ceramic bowls hold rice and sides. Soft light illuminates the warm wooden counter and intricate patterned wall paneling, reflecting quiet moments. This captures a serene, authentic culinary experience.","Apple","iPhone 13 Pro","iPhone 13 Pro back dual camera 9mm f/2.8","9.0 mm","77 mm","2.8","1/120","125","Program AE","Multi-segment","Auto","Off, Did not fire","2025:06:08 14:15:22","35 deg 30' 3.21"" N","138 deg 46' 6.63"" E","3024","4032","https://res.cloudinary.com/do9hrcwn1/image/upload/c_limit,f_auto,q_auto,w_1200/v1/sammapix/portfolio/japan/104-fujikawaguchiko-japanese-restaurant-yakiniku-chopsticks-meal"
"japan-2025","japan-2025","jap-105","Nakano, Tokyo, Japan","2025-06-09","Elderly Japanese man smoking, feeding fish in a tranquil Nakano park pond. Another man sits nearby on rocks, green foliage.","Nakano · quiet moments by the pond","A serene park scene unfolds in Nakano, Japan. An elderly man, with white hair and glasses, gently feeds the creatures in a calm pond, a cigarette held delicately. Soft light illuminates the lush green foliage and textured rocks lining the water's edge. Reflections shimmer on the surface, capturing the tranquil surroundings. Another figure observes nearby, immersed in the peaceful atmosphere. This moment highlights daily life, a quiet escape within the bustling city.","Apple","iPhone 13 Pro","iPhone 13 Pro back dual camera 9mm f/2.8","9.0 mm","77 mm","2.8","1/120","40","Program AE","Multi-segment","Auto","Off, Did not fire","2025:06:09 09:47:15","35 deg 42' 55.20"" N","139 deg 40' 1.12"" E","3024","4032","https://res.cloudinary.com/do9hrcwn1/image/upload/c_limit,f_auto,q_auto,w_1200/v1/sammapix/portfolio/japan/105-nakano-park-pond-elderly-man-feeding-fish-japan"
"japan-2025","japan-2025","jap-106","Yokohama, Japan","2025-06-09","Cluttered traditional Japanese tattoo studio interior in Yokohama, Japan, featuring irezumi flash art, paintings, and vintage photography.","Yokohama · Irezumi dreams, studio's soul","This immersive image captures a richly cluttered traditional Japanese tattoo studio in Yokohama. Walls overflow with irezumi flash art, intricate dragon and tiger paintings, and vintage photographs of tattooed figures. Shelves are stacked with books and supplies, an olive-green jacket hangs, and a paper bag with ""BRING"" sits on the floor. The warm, diffused lighting highlights the deep cultural heritage of Japanese tattooing, revealing a space brimming with artistic inspiration and history.","Apple","iPhone 13 Pro","iPhone 13 Pro back dual wide camera 5.7mm f/1.5","5.7 mm","26 mm","1.5","1/50","160","Program AE","Multi-segment","Auto","Off, Did not fire","2025:06:09 15:52:44","35 deg 27' 32.81"" N","139 deg 37' 8.69"" E","3024","4032","https://res.cloudinary.com/do9hrcwn1/image/upload/c_limit,f_auto,q_auto,w_1200/v1/sammapix/portfolio/japan/106-yokohama-japan-traditional-irezumi-tattoo-studio-art"
"shenzhen","shenzhen","chi-01","Longgang District, Shenzhen, China","2025-05-14","Longgang District, Shenzhen, China: bustling night street with neon signs, pedestrians, and parked scooters under vibrant city lights.","Longgang · electric urban night pulse","A vibrant urban street scene unfolds under the cover of night. Bright, glowing neon signs in Chinese characters illuminate multi-story buildings, painting the facades with red, orange, and yellow hues. Pedestrians mill about, some blurred with movement, adding to the bustling energy. Numerous parked motorbikes and scooters line the thoroughfare, reflecting the city's dynamic pace. The air hums with the electric pulse of city life, a captivating blend of commerce and culture.","Apple","iPhone 13 Pro","iPhone 13 Pro back dual camera 9mm f/2.8","9.0 mm","77 mm","2.8","1/25","320","Program AE","Multi-segment","Auto","Off, Did not fire","2025:05:14 21:34:00","22 deg 36' 10.74"" N","114 deg 6' 41.58"" E","3024","4032","https://res.cloudinary.com/do9hrcwn1/image/upload/c_limit,f_auto,q_auto,w_1200/v1/sammapix/portfolio/china/01-shenzhen-longgang-district-night-street-neon-lights-china"
"shenzhen","shenzhen","chi-02","Longgang District, Shenzhen, China","2025-05-15","Longgang District, China night street scene with blurred traffic, bright neon signs, and bustling pedestrians under streetlights.","Longgang · electric pulse of a vibrant city night","The Longgang District, China street buzzes with nocturnal energy. Vibrant neon signs illuminate busy storefronts, casting a colorful glow across the wet pavement. Blurred streaks of car lights capture the constant flow of urban traffic, while pedestrians move through the lively scene. This dynamic snapshot reveals the pulsing rhythm of a modern Chinese city at night, full of activity and electric atmosphere.","Apple","iPhone 13 Pro","iPhone 13 Pro back dual camera 9mm f/2.8","9.0 mm","77 mm","2.8","1/35","320","Program AE","Multi-segment","Auto","Off, Did not fire","2025:05:15 20:44:30","22 deg 36' 10.64"" N","114 deg 6' 42.76"" E","3024","4032","https://res.cloudinary.com/do9hrcwn1/image/upload/c_limit,f_auto,q_auto,w_1200/v1/sammapix/portfolio/china/02-longgang-shenzhen-china-night-street-traffic-urban-glow"
"shenzhen","shenzhen","chi-03","Longgang District, Shenzhen, China","2025-05-15","Night street scene in Longgang District, China, with a person on a crosswalk approaching a brightly lit YOUQI convenience store, neon signs, vendor cart.","Longgang · urban night's vibrant glow","A person walks on a crosswalk towards a brightly lit convenience store in Longgang District, China, at night. Neon signs, featuring red, yellow, and green, illuminate the bustling storefront. Stacks of bottled water and various products fill the shelves. A street vendor cart with golden fried snacks adds to the vibrant urban scene, showcasing daily life under the artificial glow.","Apple","iPhone 13 Pro","iPhone 13 Pro back dual camera 9mm f/2.8","9.0 mm","77 mm","2.8","1/35","200","Program AE","Multi-segment","Auto","Off, Did not fire","2025:05:15 21:36:01","22 deg 36' 7.73"" N","114 deg 6' 38.67"" E","3024","4032","https://res.cloudinary.com/do9hrcwn1/image/upload/c_limit,f_auto,q_auto,w_1200/v1/sammapix/portfolio/china/03-longgang-china-night-street-convenience-store-pedestrian"
"shenzhen","shenzhen","chi-04","Shenzhen, China","2025-05-15","Bustling Chinese night market street in Longgang District, China, with vibrant neon signs, food stalls, people, and scooters.","Longgang · vivid urban night pulse","A vibrant night scene unfolds on a bustling street in Longgang District, China. Colorful neon signs, displaying Chinese characters, illuminate the urban landscape, creating a dynamic glow. Pedestrians and scooter riders navigate the busy thoroughfare, while food stall banners showcase delicious local offerings. The atmosphere pulses with evening energy, capturing a lively snapshot of daily life amidst the dazzling lights and movement.","Apple","iPhone 13 Pro","iPhone 13 Pro back dual camera 9mm f/2.8","9.0 mm","77 mm","2.8","1/35","160","Program AE","Multi-segment","Auto","Off, Did not fire","2025:05:15 22:01:42","22 deg 36' 11.23"" N","114 deg 6' 38.36"" E","2462","3282","https://res.cloudinary.com/do9hrcwn1/image/upload/c_limit,f_auto,q_auto,w_1200/v1/sammapix/portfolio/china/04-china-longgang-night-market-street-food-neon-lights"
"shenzhen","shenzhen","chi-05","Shenzhen, China","2025-05-19","Shenzhen cafe interior, vintage decor, red booth, round wooden table, white geometric wall pattern, Chinese prosperity sign, warm lighting, China","Shenzhen · urban ambition, classic charm","The inviting interior of a Shenzhen cafe glows with warm, ambient light, highlighting a vintage aesthetic. A vibrant red leatherette booth seating surrounds a round wooden table, inviting patrons. Above, a decorative white geometric wall panel adds textural depth, contrasting with the dark green lower wall and creamy upper section. A framed sign features bold Chinese characters and English text, ""EVERY DAY TO EARN A LOT MONEY,"" reflecting local aspirations and adding a cultural touch to this charming, retro-inspired space in China.","Apple","iPhone 13 Pro","iPhone 13 Pro back dual camera 9mm f/2.8","9.0 mm","77 mm","2.8","1/120","200","Program AE","Multi-segment","Auto","Off, Did not fire","2025:05:19 12:45:33","22 deg 32' 48.21"" N","113 deg 54' 59.63"" E","3024","4032","https://res.cloudinary.com/do9hrcwn1/image/upload/c_limit,f_auto,q_auto,w_1200/v1/sammapix/portfolio/china/05-shenzhen-cafe-interior-vintage-decor-chinese-sign-booth"
"shenzhen","shenzhen","chi-06","Shenzhen, China","2025-05-19","Bustling Shenzhen pedestrian street with diverse architecture, vibrant crowds, shops, and a bright blue sky. Chinese flag visible.","Shenzhen · urban pulse, vibrant strolls","A vibrant pedestrian street bustles with daily life in Shenzhen, China. Sunlight illuminates the varied architecture, from textured brick walls adorned with creeping vines to sleek modern facades. Shoppers and strollers fill the cobblestone pathway, some seeking shade under colorful umbrellas. Overhead, a clear blue sky with fluffy clouds offers a glimpse of the city's dynamic energy. Chinese signage adds authentic cultural context to this lively urban scene.","Apple","iPhone 13 Pro","iPhone 13 Pro back dual camera 9mm f/2.8","9.0 mm","77 mm","2.8","1/190","25","Program AE","Multi-segment","Auto","Off, Did not fire","2025:05:19 12:54:52","22 deg 32' 47.66"" N","113 deg 55' 2.46"" E","3024","4032","https://res.cloudinary.com/do9hrcwn1/image/upload/c_limit,f_auto,q_auto,w_1200/v1/sammapix/portfolio/china/06-shenzhen-pedestrian-street-china-urban-stroll"
"shenzhen","shenzhen","chi-07","Bao'an District, Shenzhen, China","2025-05-19","Bao'an, China · Modern spiral bookstore interior with illuminated bookshelves, glowing red neon accents, full of books.","Bao'an · Illuminated spiral of literary dreams","An mesmerizing, worm's-eye view captures a vibrant modern bookstore interior in Bao'an, China. A dramatic spiral of white bookshelves, packed with countless volumes, descends into the frame. Striking red neon lights accentuate the circular architecture, creating a warm, futuristic glow. Reflections shimmer on the dark, polished floor, amplifying the sense of depth. This unique design transforms a library into an immersive, captivating journey through knowledge.","Apple","iPhone 13 Pro","iPhone 13 Pro back dual camera 9mm f/2.8","9.0 mm","77 mm","2.8","1/50","160","Program AE","Multi-segment","Auto","Off, Did not fire","2025:05:19 13:38:12","22 deg 32' 46.48"" N","113 deg 52' 58.45"" E","3024","4032","https://res.cloudinary.com/do9hrcwn1/image/upload/c_limit,f_auto,q_auto,w_1200/v1/sammapix/portfolio/china/07-baoan-china-spiral-bookstore-interior-neon-bookshelves"
"shenzhen","shenzhen","chi-08","Shenzhen, China","2025-05-19","Modern architecture, Nanshan District, Shenzhen, China. Giant grey inflatable elephant sculpture on commercial building with wood slats, glass facades, urban plaza.","Nanshan District · urban elephant dream","A striking modern building in Nanshan District, Shenzhen, China, features an enormous inflatable grey elephant sculpture perched whimsically on its rooftop. The structure below boasts a warm, slatted wooden facade contrasting with sleek glass panels. Pedestrians stroll across the expansive, light-toned urban plaza, surrounded by towering contemporary skyscrapers. Diffused daylight illuminates the scene, highlighting the blend of innovative architecture and playful artistry in this bustling commercial hub.","Apple","iPhone 13 Pro","iPhone 13 Pro back dual wide camera 5.7mm f/1.5","5.7 mm","26 mm","1.5","1/230","40","Program AE","Multi-segment","Auto","Off, Did not fire","2025:05:19 15:18:12","22 deg 32' 43.44"" N","113 deg 57' 8.86"" E","3024","4032","https://res.cloudinary.com/do9hrcwn1/image/upload/c_limit,f_auto,q_auto,w_1200/v1/sammapix/portfolio/china/08-nanshan-district-shenzhen-elephant-urban-architecture"
"shenzhen","shenzhen","chi-09","Shenzhen, China","2025-05-19","Giant human-like sculpture with textured white skin in Nanshan District, Shenzhen. Modern indoor art installation with visitors.","Nanshan District · a gentle giant's serene repose","A colossal human-like sculpture dominates this vibrant indoor space in Nanshan District, Shenzhen. Its textured white form, partially covered, reveals lifelike skin tones on the face and hands, suggesting introspection. Soft ambient light bathes the figure, creating a serene, contemplative atmosphere. Below, visitors gather, gazing up at the impressive modern art installation, adding a sense of scale and wonder to the urban landscape.","Apple","iPhone 13 Pro","iPhone 13 Pro back dual camera 9mm f/2.8","9.0 mm","77 mm","2.8","1/120","200","Program AE","Multi-segment","Auto","Off, Did not fire","2025:05:19 15:22:35","22 deg 32' 42.58"" N","113 deg 57' 9.44"" E","3024","4032","https://res.cloudinary.com/do9hrcwn1/image/upload/c_limit,f_auto,q_auto,w_1200/v1/sammapix/portfolio/china/09-giant-human-sculpture-nanshan-shenzhen-china-art"
"shenzhen","shenzhen","chi-10","Shenzhen, China","2025-05-19","Hyperrealistic robot head sculpture with closed eyes, dark braided hair, mounted on a metallic stand in a Shenzhen, China exhibition.","Nanshan District · a serene futuristic gaze","A hyperrealistic humanoid robot head rests serenely, eyes closed, displaying intricate detail, from individual eyelashes to subtle skin texture and freckles. Dark, braided hair frames the synthetic face, mounted on a complex metallic stand with visible wires. The innovative sculpture stands on a white base, atop a textured blue floor, evoking a futuristic gallery space in Shenzhen, China. Soft, ambient lighting accentuates its lifelike quality, inviting contemplation on humanity and technology.","Apple","iPhone 13 Pro","iPhone 13 Pro back dual camera 9mm f/2.8","9.0 mm","77 mm","2.8","1/120","250","Program AE","Multi-segment","Auto","Off, Did not fire","2025:05:19 15:30:06","22 deg 32' 42.60"" N","113 deg 57' 8.34"" E","3024","4032","https://res.cloudinary.com/do9hrcwn1/image/upload/c_limit,f_auto,q_auto,w_1200/v1/sammapix/portfolio/china/10-hyperrealistic-robot-head-sculpture-shenzhen-china"
"shenzhen","shenzhen","chi-11","Shenzhen, China","2025-05-20","Longgang District street, Shenzhen, China, featuring old brick storefronts with awnings, potted plants, parked scooters, and residential buildings.","Shenzhen · brick textures, quiet street life unfolds","A charming urban street scene unfolds in Longgang District, China. Historic red brick buildings line the narrow path, their textured facades featuring decorative awnings and large glass storefronts. Vibrant potted plants adorn the entrances, adding bursts of green and color. Parked scooters hint at daily life, while subtle signs bear Chinese characters. The soft daylight illuminates rough stone steps and concrete pavement, revealing a quiet, lived-in atmosphere.","Apple","iPhone 13 Pro","iPhone 13 Pro back dual camera 9mm f/2.8","9.0 mm","77 mm","2.8","1/120","64","Program AE","Multi-segment","Auto","Off, Did not fire","2025:05:20 15:10:57","22 deg 36' 41.99"" N","114 deg 7' 54.39"" E","3024","4032","https://res.cloudinary.com/do9hrcwn1/image/upload/c_limit,f_auto,q_auto,w_1200/v1/sammapix/portfolio/china/11-longgang-shenzhen-china-urban-brick-street-shops-plants"
"shenzhen","shenzhen","chi-12","Longgang District, China","2025-05-20","Chinese woman in light blue Hanfu holding a paper umbrella, serene garden pond, wooden walkway, Longgang District, China.","Longgang District · whispers of ancient elegance","A young woman in elegant light blue Hanfu stands on a wooden walkway, holding a delicate paper umbrella. Lush green foliage surrounds a tranquil pond adorned with lily pads, hinting at a serene garden in Longgang District, China. Soft, diffused light illuminates her traditional hair ornaments and embroidered gown, evoking a sense of timeless beauty and cultural grace.","Apple","iPhone 13 Pro","iPhone 13 Pro back dual camera 9mm f/2.8","9.0 mm","77 mm","2.8","1/120","100","Program AE","Multi-segment","Auto","Off, Did not fire","2025:05:20 17:10:00","22 deg 39' 36.56"" N","114 deg 5' 55.27"" E","2164","2885","https://res.cloudinary.com/do9hrcwn1/image/upload/c_limit,f_auto,q_auto,w_1200/v1/sammapix/portfolio/china/12-longgang-china-hanfu-woman-traditional-garden-umbrella"
"shenzhen","shenzhen","chi-13","Shenzhen, China","2025-05-20","Two women in ornate traditional Chinese costumes, blue and purple, walk on a cobblestone street in Longgang District, China. Elaborate headpieces, ancient buildings, red lanterns, lush plants frame the scene.","Longgang · ancient echoes, vibrant steps","Two women in exquisite traditional Chinese attire gracefully stroll a vibrant cobblestone street. Elaborate headpieces, sparkling jewels, and flowing fabrics capture attention. Ancient architecture with dark tiled roofs, intricate wooden details, and glowing red lanterns line the path. Lush green plants spill from balconies and planters, adding natural beauty. The soft, diffused light of an overcast sky blends with the warm glow from illuminated shop signs, creating a rich, cultural ambiance in this bustling Longgang District scene.","Apple","iPhone 13 Pro","iPhone 13 Pro back dual camera 9mm f/2.8","9.0 mm","77 mm","2.8","1/120","100","Program AE","Multi-segment","Auto","Off, Did not fire","2025:05:20 17:12:19","22 deg 39' 36.07"" N","114 deg 5' 54.53"" E","3024","4032","https://res.cloudinary.com/do9hrcwn1/image/upload/c_limit,f_auto,q_auto,w_1200/v1/sammapix/portfolio/china/13-chinese-traditional-costumes-longgang-street-shenzhen"
"shenzhen","shenzhen","chi-14","Longgang District, China","2025-05-21","Woman in yellow floral dress walks a lively Longgang District street in China, past neon storefronts and blurred figures at dusk.","Longgang · urban evening glow","A woman in a vibrant yellow floral dress strolls a bustling Longgang District street, China. Colorful neon signs illuminate numerous storefronts, casting a dynamic urban glow as evening settles. Blurred figures move through the scene, an electric scooter waits, red plastic stools hint at outdoor dining. The tiled pavement reflects soft light, creating an evocative sense of city life and movement.","Apple","iPhone 13 Pro","iPhone 13 Pro back dual camera 9mm f/2.8","9.0 mm","77 mm","2.8","1/35","160","Program AE","Multi-segment","Auto","Off, Did not fire","2025:05:21 17:35:15","22 deg 36' 34.79"" N","114 deg 6' 44.71"" E","3024","4032","https://res.cloudinary.com/do9hrcwn1/image/upload/c_limit,f_auto,q_auto,w_1200/v1/sammapix/portfolio/china/14-longgang-district-china-street-evening-neon-woman-urban"
"thailand","thailand","tha-01","Wat Benchamabophit, Bangkok, Thailand","2025-04-08","Wat Benchamabophit, Bangkok, Thailand. Marble temple facade, golden gables, guardian lions, intricate Thai architecture under blue sky.","Wat Benchamabophit · marble temple's golden embrace","The iconic Wat Benchamabophit, the Marble Temple, stands majestically in Bangkok. Its gleaming white Carrara marble facade contrasts beautifully with ornate golden gables and traditional multi-tiered roofs. Guardian lion statues stand sentinel at the entrance. Soft daylight illuminates intricate carvings and shimmering gold details under a serene blue sky, creating a powerful sense of cultural heritage and tranquil beauty.","Apple","iPhone 13 Pro","iPhone 13 Pro back triple camera 5.7mm f/1.5","5.7 mm","26 mm","1.5","1/5000","50","Program AE","Multi-segment","Auto","Off, Did not fire","2025:04:08 10:49:14","13 deg 45' 59.18"" N","100 deg 30' 51.80"" E","2922","3896","https://res.cloudinary.com/do9hrcwn1/image/upload/c_limit,f_auto,q_auto,w_1200/v1/sammapix/portfolio/thailand/01-wat-benchamabophit-marble-temple-bangkok-thailand"
"thailand","thailand","tha-02","Bangkok, Thailand","2025-04-08","Intricately carved white marble Singha guardian statue at a temple in Bangkok, Thailand, with gilded Buddhist architecture.","Bangkok · ancient guardian watches","A majestic white stone Singha statue stands sentinel, its intricate carvings revealing masterful craftsmanship. The mythical lion-like guardian, with its fierce yet noble expression, features elaborate patterns on its mane and body. Gilded Thai temple architecture, rich with traditional motifs, softly blurs in the background. Subtle light enhances the statue's texture, evoking a sense of enduring cultural heritage in Bangkok, Thailand.","Apple","iPhone 13 Pro","iPhone 13 Pro back dual camera 9mm f/2.8","9.0 mm","77 mm","2.8","1/580","32","Program AE","Multi-segment","Auto","Off, Did not fire","2025:04:08 10:49:39","13 deg 45' 59.06"" N","100 deg 30' 51.66"" E","2897","3863","https://res.cloudinary.com/do9hrcwn1/image/upload/c_limit,f_auto,q_auto,w_1200/v1/sammapix/portfolio/thailand/02-bangkok-white-marble-singha-guardian-thai-temple-statue"
"thailand","thailand","tha-03","Wat Benchamabophit Dusitwanaram, Bangkok, Thailand","2025-04-08","Wat Benchamabophit, Bangkok. Golden gabled Buddhist temple, white marble, orange roofs, courtyard with tourists, framed by ornate arch, Thailand.","Bangkok · golden gables, marble whispers","Golden gables gleam under an overcast Bangkok sky, adorning the elegant Wat Benchamabophit, known as the Marble Temple. Its pristine white marble walls and terracotta roofs create a striking contrast. Visitors wander the geometrically patterned courtyard, admiring the intricate Buddhist architecture. The scene captures the temple's serene majesty, framed by ornate golden archways, a timeless spiritual landmark in Thailand's vibrant capital.","Apple","iPhone 13 Pro","iPhone 13 Pro back triple camera 1.57mm f/1.8","1.6 mm","13 mm","1.8","1/1000","32","Program AE","Multi-segment","Auto","Off, Did not fire","2025:04:08 10:51:49","13 deg 45' 59.65"" N","100 deg 30' 50.59"" E","3024","4032","https://res.cloudinary.com/do9hrcwn1/image/upload/c_limit,f_auto,q_auto,w_1200/v1/sammapix/portfolio/thailand/03-wat-benchamabophit-marble-temple-bangkok-thailand"
"thailand","thailand","tha-04","Wat Benchamabophit, Bangkok, Thailand","2025-04-08","Bronze Buddha statues in marble temple gallery, ornate golden ceiling, Wat Benchamabophit, Bangkok, Thailand","Wat Benchamabophit · sacred gold and stone","A tranquil corridor within Wat Benchamabophit, Bangkok, reveals a majestic procession of dark bronze Buddha statues. Ornate golden leaf patterns adorn the high ceiling and pedestals, contrasting beautifully with the polished marble columns and checkered floor. Soft, ambient light bathes the sacred space, highlighting intricate details and fostering a profound sense of serenity and timeless devotion.","Apple","iPhone 13 Pro","iPhone 13 Pro back triple camera 5.7mm f/1.5","5.7 mm","26 mm","1.5","1/120","64","Program AE","Multi-segment","Auto","Off, Did not fire","2025:04:08 10:52:24","13 deg 45' 59.64"" N","100 deg 30' 50.95"" E","2722","3630","https://res.cloudinary.com/do9hrcwn1/image/upload/c_limit,f_auto,q_auto,w_1200/v1/sammapix/portfolio/thailand/04-wat-benchamabophit-buddha-statues-corridor-bangkok-thailand"
"thailand","thailand","tha-05","Wat Saket (The Golden Mount), Bangkok, Thailand","2025-04-08","Golden Buddha statue, steps, and waterfall at Wat Saket (Golden Mount), Bangkok. Lush tropical temple gardens under blue sky.","Golden Mount · steps to sacred serenity","A radiant golden Buddha statue stands amidst lush tropical foliage, flanked by a misty rock waterfall feature. Vibrant red steps lead upwards, inviting visitors to ascend. The iconic golden stupa of Wat Saket, the Golden Mount, rises majestically in the background under a clear blue sky. A stone elephant statue and intricate details enhance this serene, spiritual scene, embodying Bangkok's rich cultural heritage and tranquil beauty.","Apple","iPhone 13 Pro","iPhone 13 Pro back triple camera 5.7mm f/1.5","5.7 mm","26 mm","1.5","1/1400","50","Program AE","Multi-segment","Auto","Off, Did not fire","2025:04:08 11:18:15","13 deg 45' 12.26"" N","100 deg 30' 24.77"" E","2835","3780","https://res.cloudinary.com/do9hrcwn1/image/upload/c_limit,f_auto,q_auto,w_1200/v1/sammapix/portfolio/thailand/05-wat-saket-golden-mount-buddha-statue-bangkok-thailand"
"thailand","thailand","tha-06","Wat Saket, Bangkok, Thailand","2025-04-08","Golden Mount (Wat Saket) steps sign '344 Steps' with golden monk statue, misty foliage, and blur of golden pagoda in Bangkok, Thailand.","Wat Saket · misty golden ascent","The image captures a spiritual ascent at Bangkok's Golden Mount. Golden ""344 STEPS"" signage marks the path on a textured rock, with red stairs visible to the left. A serene golden monk statue stands amidst lush tropical foliage, bathed in soft light. Wisps of mist rise around the path and statue, creating a mystical, ethereal ambiance. In the hazy background, the iconic golden pagoda of Wat Saket gleams under a bright sky, inviting pilgrims upwards.","Apple","iPhone 13 Pro","iPhone 13 Pro back dual wide camera 5.7mm f/1.5","5.7 mm","26 mm","1.5","1/1250","50","Program AE","Multi-segment","Auto","Off, Did not fire","2025:04:08 11:18:36","13 deg 45' 12.23"" N","100 deg 30' 24.66"" E","3024","4032","https://res.cloudinary.com/do9hrcwn1/image/upload/c_limit,f_auto,q_auto,w_1200/v1/sammapix/portfolio/thailand/06-wat-saket-golden-mount-bangkok-344-steps-mist-thailand"
"thailand","thailand","tha-07","Wat Saket Ratcha Wora Maha Wihan, Bangkok, Thailand","2025-04-08","Emerald guardian statue at Wat Saket, Golden Mount, Bangkok. Gold crown, red sash, brass merit bells, golden chedi blur.","Wat Saket · emerald guardian, golden prayers","A vibrant teal-bodied guardian statue stands prominently, adorned with intricate gold regalia and a rich red patterned sash. Its serene expression overlooks a collection of brass merit bells, some etched with ""The Golden Mount,"" suspended on a black metal frame. Delicate flower garlands adorn the bells, adding an offering touch. A magnificent golden stupa, softly blurred, provides a radiant backdrop, immersing the scene in the spiritual heritage of Bangkok, Thailand.","Apple","iPhone 13 Pro","iPhone 13 Pro back dual camera 9mm f/2.8","9.0 mm","77 mm","2.8","1/500","32","Program AE","Multi-segment","Auto","Off, Did not fire","2025:04:08 11:41:20","13 deg 45' 14.35"" N","100 deg 30' 24.22"" E","2927","3903","https://res.cloudinary.com/do9hrcwn1/image/upload/c_limit,f_auto,q_auto,w_1200/v1/sammapix/portfolio/thailand/07-wat-saket-golden-mount-emerald-statue-bells-bangkok"
"thailand","thailand","tha-08","Bangkok, Thailand","2025-04-08","Colorful Lanna-style paper lanterns, red, yellow, blue, purple, strung across a narrow Bangkok street, lined with white buildings.","Bangkok · vibrant lanterns adorn a charming street","A vibrant alleyway in Bangkok comes alive under a cloudy sky, festooned with hundreds of colorful Lanna-style paper lanterns. Suspended on bamboo poles, these intricate red, yellow, blue, purple, pink, white, and green decorations create an overhead canopy. White, colonial-style buildings line the narrow, curving street, adorned with potted green plants and floral arrangements. A single white line marks the asphalt road, inviting exploration of this charming, culturally rich urban scene.","Apple","iPhone 13 Pro","iPhone 13 Pro back triple camera 5.7mm f/1.5","5.7 mm","26 mm","1.5","1/1500","50","Program AE","Multi-segment","Auto","Off, Did not fire","2025:04:08 11:47:29","13 deg 45' 15.84"" N","100 deg 30' 23.29"" E","3024","4032","https://res.cloudinary.com/do9hrcwn1/image/upload/c_limit,f_auto,q_auto,w_1200/v1/sammapix/portfolio/thailand/08-bangkok-street-lanna-lanterns-thailand-colorful"
"thailand","thailand","tha-09","Bangkok, Thailand","2025-04-08","Detailed weathered stone guardian lion statue at a Buddhist temple in Bangkok, Thailand, showcasing traditional Asian art.","Bangkok · Guardian's timeless, weathered gaze","A weathered stone guardian lion stands vigil, its intricate carvings revealing centuries of history. Soft, ambient light highlights the porous texture and subtle details of the temple sculpture. Lush green foliage subtly frames the background, hinting at the tranquil, spiritual atmosphere of a sacred site in bustling Bangkok, Thailand. This ancient sentinel embodies cultural heritage and enduring strength.","Apple","iPhone 13 Pro","iPhone 13 Pro back dual camera 9mm f/2.8","9.0 mm","77 mm","2.8","1/180","25","Program AE","Multi-segment","Auto","Off, Did not fire","2025:04:08 12:34:20","13 deg 45' 11.94"" N","100 deg 30' 14.89"" E","2793","3724","https://res.cloudinary.com/do9hrcwn1/image/upload/c_limit,f_auto,q_auto,w_1200/v1/sammapix/portfolio/thailand/09-bangkok-thailand-stone-guardian-lion-temple-statue"
"thailand","thailand","tha-10","Grand Palace (Wat Phra Kaeo), Bangkok, Thailand","2025-04-08","Close-up of a vibrant red Yaksa guardian statue at Wat Phra Kaeo, Grand Palace, Bangkok, Thailand against blue sky.","Grand Palace · ancient guardian's colorful gaze","A magnificent, vividly colored Yaksa guardian statue stands sentinel at the Grand Palace, Bangkok. Its fierce red face, adorned with intricate green, gold, and white details, dominates the frame. Traditional Thai patterns embellish its armor, showcasing exquisite craftsmanship. A clear blue sky provides a serene backdrop, highlighting the statue's grandeur and the rich cultural heritage of Thailand. The ancient details gleam under the bright light, inviting contemplation of history.","Apple","iPhone 13 Pro","iPhone 13 Pro back dual camera 9mm f/2.8","9.0 mm","77 mm","2.8","1/290","25","Program AE","Spot","Auto","Off, Did not fire","2025:04:08 14:48:44","13 deg 45' 5.57"" N","100 deg 29' 34.84"" E","2920","3893","https://res.cloudinary.com/do9hrcwn1/image/upload/c_limit,f_auto,q_auto,w_1200/v1/sammapix/portfolio/thailand/10-grand-palace-yaksa-guardian-statue-bangkok-thailand"
"thailand","thailand","tha-11","Grand Palace, Bangkok, Thailand","2025-04-08","Intricate stone guardian statue, bearded, ornate golden temple columns, Grand Palace, Bangkok, Thailand.","Grand Palace · Stone guardian watches over golden splendor","An imposing stone guardian figure, intricately carved, stands sentinel in the foreground. Its weathered texture contrasts sharply with the shimmering, blurred golden facade of a grand temple building behind it. Delicate patterns adorn the ancient structure, reflecting a rich cultural heritage. Soft light illuminates the scene, capturing the serene yet powerful presence of Bangkok's historic architecture, a timeless blend of artistry and spirituality.","Apple","iPhone 13 Pro","iPhone 13 Pro back dual camera 9mm f/2.8","9.0 mm","77 mm","2.8","1/310","25","Program AE","Multi-segment","Auto","Off, Did not fire","2025:04:08 14:52:36","13 deg 45' 6.92"" N","100 deg 29' 32.31"" E","3024","4032","https://res.cloudinary.com/do9hrcwn1/image/upload/c_limit,f_auto,q_auto,w_1200/v1/sammapix/portfolio/thailand/11-grand-palace-stone-guardian-temple-bangkok-thailand"
"thailand","thailand","tha-12","Grand Palace, Bangkok, Thailand","2025-04-08","Golden Garuda statues adorned with mirrored mosaics and jewels at Grand Palace, Bangkok. Intricate Thai temple architecture.","Grand Palace · golden guardians, jeweled splendor","Ornate golden statues, likely mythical Garuda figures, stand guard with striking detail. Each is richly adorned with intricate mirrored mosaics and colorful jewels, reflecting warm light. The craftsmanship showcases traditional Thai temple artistry, creating a sense of sacred grandeur. A shallow depth of field emphasizes the leading figure, revealing its serene yet powerful presence against a blurred, patterned background.","Apple","iPhone 13 Pro","iPhone 13 Pro back dual camera 9mm f/2.8","9.0 mm","77 mm","2.8","1/120","32","Program AE","Multi-segment","Auto","Off, Did not fire","2025:04:08 15:01:58","13 deg 45' 4.38"" N","100 deg 29' 34.26"" E","3024","4032","https://res.cloudinary.com/do9hrcwn1/image/upload/c_limit,f_auto,q_auto,w_1200/v1/sammapix/portfolio/thailand/12-grand-palace-golden-garuda-statues-bangkok-thailand"
"thailand","thailand","tha-13","The Grand Palace, Bangkok, Thailand","2025-04-08","Gilded spires, multi-tiered roofs, and intricate gold ornamentation of a traditional Thai temple or palace in Bangkok, Thailand.","Bangkok · golden spires, timeless grandeur","Gleaming golden spires and ornate, multi-tiered roofs dominate this striking architectural detail in Bangkok, Thailand. Soft, diffused light accentuates the intricate patterns and gilded embellishments, revealing exquisite craftsmanship. The warm gold contrasts beautifully with the muted blue sky and darker roof tiles. This majestic structure, steeped in Thai tradition, evokes a sense of sacred grandeur, showcasing the rich cultural heritage of the region.","Apple","iPhone 13 Pro","iPhone 13 Pro back triple camera 9mm f/2.8","9.0 mm","77 mm","2.8","1/800","32","Program AE","Multi-segment","Auto","Off, Did not fire","2025:04:08 15:10:25","13 deg 45' 1.81"" N","100 deg 29' 26.16"" E","3024","4032","https://res.cloudinary.com/do9hrcwn1/image/upload/c_limit,f_auto,q_auto,w_1200/v1/sammapix/portfolio/thailand/13-bangkok-grand-palace-golden-spires-thai-architecture"
"thailand","thailand","tha-14","Bangkok, Thailand","2025-04-08","Two women holding hands walk through a bustling Bangkok street market filled with food stalls and Thai script signage.","Bangkok · market whispers, a gentle connection","A bustling street market in Bangkok unfolds with vibrant energy. Two women, one elderly, walk hand in hand along a wet cobblestone path, navigating the lively scene. Overhead, colorful awnings and tangled wires create a dynamic ceiling. Stalls brim with local produce and packaged goods, illuminated by artificial light. Thai script signs add authentic cultural context, capturing the everyday rhythms and intimate connections of city life.","Apple","iPhone 13 Pro","iPhone 13 Pro back dual camera 9mm f/2.8","9.0 mm","77 mm","2.8","1/50","160","Program AE","Multi-segment","Auto","Off, Did not fire","2025:04:08 16:07:12","13 deg 44' 28.41"" N","100 deg 30' 31.15"" E","3024","4032","https://res.cloudinary.com/do9hrcwn1/image/upload/c_limit,f_auto,q_auto,w_1200/v1/sammapix/portfolio/thailand/14-bangkok-street-market-women-holding-hands-thailand-life"
"thailand","thailand","tha-15","Bangkok, Thailand","2025-04-08","Bangkok street food vendor preparing stir-fry for a customer under warm market lights, surrounded by delicious Thai dishes.","Bangkok · Culinary tales, a warm welcome","A dedicated street food vendor in Bangkok prepares a delicious dish, stirring ingredients in a hot pan under the warm glow of market lights. Her striped shirt and apron reflect the authentic, bustling atmosphere of a Thai night market. Rows of tempting fried snacks line the counter, inviting passersby to savor the vibrant culinary scene and local flavors.","Apple","iPhone 13 Pro","iPhone 13 Pro back dual camera 9mm f/2.8","9.0 mm","77 mm","2.8","1/100","160","Program AE","Multi-segment","Auto","Off, Did not fire","2025:04:08 16:13:01","13 deg 44' 36.55"" N","100 deg 30' 35.76"" E","2289","3052","https://res.cloudinary.com/do9hrcwn1/image/upload/c_limit,f_auto,q_auto,w_1200/v1/sammapix/portfolio/thailand/15-bangkok-street-food-vendor-cooking-market-thailand"
"thailand","thailand","tha-16","Yaowarat, Bangkok, Thailand","2025-04-08","Bangkok Chinatown street food vendor prepares grilled squid skewers on ice, surrounded by red lanterns.","Yaowarat · squid skewers, market's vibrant pulse","A vibrant street food stall comes alive in Bangkok's Chinatown, Yaowarat. Vendors, dressed in red shirts and caps, meticulously arrange fresh squid and small octopuses onto bamboo skewers. The seafood, glistening on a bed of ice, awaits grilling. Bright red Chinese lanterns adorn the background, casting a festive glow. The air buzzes with activity, reflecting the dynamic street culture of this iconic culinary hub. Colorful boxes add a lively touch.","Apple","iPhone 13 Pro","iPhone 13 Pro back dual camera 9mm f/2.8","9.0 mm","77 mm","2.8","1/120","40","Program AE","Multi-segment","Auto","Off, Did not fire","2025:04:08 16:32:34","13 deg 44' 26.99"" N","100 deg 30' 32.90"" E","3024","4032","https://res.cloudinary.com/do9hrcwn1/image/upload/c_limit,f_auto,q_auto,w_1200/v1/sammapix/portfolio/thailand/16-bangkok-yaowarat-street-food-squid-skewers-market"
"thailand","thailand","tha-17","Luang Por Phuttha Rueang Ma, Sam Phran District, Thailand","2025-04-09","Giant golden Buddha statue, Luang Por Phuttha Rueang Ma, Sam Phran District, Thailand, serene, against clear blue sky, birds.","Sam Phran · golden Buddha's serene gaze","A colossal golden Buddha statue, Luang Por Phuttha Rueang Ma, shines brightly under a clear blue sky in Sam Phran District, Thailand. Its majestic form, rendered in shimmering gold, radiates a sense of profound serenity. Tiny birds perch gently on its shoulders and lap, highlighting the immense scale of this spiritual icon. The low-angle perspective emphasizes its grandeur and timeless presence, a beacon of peace in the Thai landscape.","Apple","iPhone 13 Pro","iPhone 13 Pro back triple camera 9mm f/2.8","9.0 mm","77 mm","2.8","1/2300","32","Program AE","Multi-segment","Auto","Off, Did not fire","2025:04:09 15:59:34","13 deg 44' 7.51"" N","100 deg 12' 53.05"" E","2859","3812","https://res.cloudinary.com/do9hrcwn1/image/upload/c_limit,f_auto,q_auto,w_1200/v1/sammapix/portfolio/thailand/17-luang-por-phuttha-rueang-ma-buddha-sam-phran-thailand"
"thailand","thailand","tha-18","Sam Phran District, Thailand","2025-04-09","Golden Buddha statue in Abhaya Mudra on ornate lotus base, Sam Phran District, Thailand, under clear blue sky.","Sam Phran · Golden serenity under a radiant sky","A colossal golden Buddha statue dominates the scene, seated serenely on an intricately designed lotus pedestal. Bright morning sunlight illuminates its gleaming surface, casting sharp shadows across the paved temple grounds. The air feels calm and spiritual, infused with Thai Buddhist tradition. Vibrant green foliage frames the background under a clear, expansive sky, evoking a sense of peaceful reverence in Sam Phran District, Thailand.","Apple","iPhone 13 Pro","iPhone 13 Pro back triple camera 5.7mm f/1.5","5.7 mm","26 mm","1.5","1/16000","40","Program AE","Multi-segment","Auto","Off, Did not fire","2025:04:09 15:59:48","13 deg 44' 7.81"" N","100 deg 12' 53.25"" E","2263","3018","https://res.cloudinary.com/do9hrcwn1/image/upload/c_limit,f_auto,q_auto,w_1200/v1/sammapix/portfolio/thailand/18-golden-buddha-statue-sam-phran-thailand-temple-scene"
"thailand","thailand","tha-19","Sam Phran, Thailand","2025-04-09","Golden seated Buddha statue, Abhaya Mudra, Sam Phran District, Thailand. Serene temple architecture, bright sky, spiritual.","Sam Phran · golden light serenity","A majestic golden seated Buddha statue commands attention under a clear, pale blue sky in Sam Phran District, Thailand. Its tranquil expression and the graceful Abhaya Mudra, a gesture of fearlessness, convey profound serenity. Gleaming in the bright daylight, the statue's intricate details and rich gold tones are framed by weathered temple architecture, enhancing its sacred presence. This powerful symbol of Buddhist faith offers a timeless vision of peace.","Apple","iPhone 13 Pro","iPhone 13 Pro back dual camera 9mm f/2.8","9.0 mm","77 mm","2.8","1/580","32","Program AE","Multi-segment","Auto","Off, Did not fire","2025:04:09 16:02:24","13 deg 44' 8.10"" N","100 deg 12' 52.75"" E","3024","4032","https://res.cloudinary.com/do9hrcwn1/image/upload/c_limit,f_auto,q_auto,w_1200/v1/sammapix/portfolio/thailand/19-golden-buddha-statue-sam-phran-thailand-temple-peace"
"thailand","thailand","tha-20","Wat Samphran, Sam Phran District, Thailand","2025-04-09","Wat Samphran Dragon Temple, Sam Phran, Thailand. Iconic pink tower with green dragon sculpture coiling upwards under blue sky.","Wat Samphran · Dragon embracing the sky","The iconic Wat Samphran, or Dragon Temple, rises majestically in Sam Phran, Thailand. Its weathered pink cylindrical tower is dramatically embraced by a colossal green dragon sculpture, scales glistening. The mythical beast coils upwards, culminating in a fierce head atop the structure. Numerous arched windows punctuate the tower's surface. Bright daylight illuminates this unique architectural marvel against a pristine blue sky, showcasing Thai artistry.","Apple","iPhone 13 Pro","iPhone 13 Pro back triple camera 5.7mm f/1.5","5.7 mm","43 mm","1.5","1/3800","50","Program AE","Multi-segment","Auto","Off, Did not fire","2025:04:09 16:03:25","13 deg 44' 8.12"" N","100 deg 12' 52.61"" E","2951","3935","https://res.cloudinary.com/do9hrcwn1/image/upload/c_limit,f_auto,q_auto,w_1200/v1/sammapix/portfolio/thailand/20-wat-samphran-dragon-temple-pink-tower-thailand"
"thailand","thailand","tha-21","Bang Pakong District, Thailand","2025-04-11","Ornate Thai temple gable, Bang Pakong, Thailand. Gilded gold leaf reliefs, red eaves, blue mosaic, mythical figures, warrior on horse.","Bang Pakong · Gilded mythological narratives","This vibrant photo captures the ornate gable of a traditional Thai temple in Bang Pakong District. Gilded gold leaf reliefs depict mythical figures, including a warrior astride a majestic white horse and serene celestial beings. Rich red eaves frame intricate patterns set against a striking blue mosaic background. Every detail, from the delicate patterns to the dramatic scenes, showcases exquisite Thai craftsmanship, bathed in soft, diffused light.","Apple","iPhone 13 Pro","iPhone 13 Pro back dual camera 9mm f/2.8","9.0 mm","77 mm","2.8","1/450","32","Program AE","Multi-segment","Auto","Off, Did not fire","2025:04:11 14:33:52","13 deg 28' 18.03"" N","100 deg 52' 18.90"" E","3024","4032","https://res.cloudinary.com/do9hrcwn1/image/upload/c_limit,f_auto,q_auto,w_1200/v1/sammapix/portfolio/thailand/21-thai-temple-gable-gold-reliefs-bang-pakong-thailand"
"thailand","thailand","tha-22","Wat Hong Thong, Bang Pakong District, Thailand","2025-04-11","Aerial view of Wat Hong Thong temple, a golden pagoda and red-roofed hall connected by glass walkways over murky water in Bang Pakong, Thailand.","Wat Hong Thong, Bang Pakong · spiritual haven on water","Wat Hong Thong rises majestically above the murky waters of Bang Pakong, Thailand. A vibrant golden pagoda gleams under the soft light, complementing the intricate red-tiled roof of the main temple hall. Modern glass walkways extend gracefully, inviting visitors to experience this unique spiritual sanctuary. The blend of traditional Thai architecture and contemporary design creates an ethereal, tranquil atmosphere, an architectural marvel at sea.","Apple","iPhone 13 Pro","iPhone 13 Pro back triple camera 5.7mm f/1.5","5.7 mm","26 mm","1.5","1/4000","50","Program AE","Multi-segment","Auto","Off, Did not fire","2025:04:11 14:38:03","13 deg 28' 19.56"" N","100 deg 52' 17.59"" E","2337","3116","https://res.cloudinary.com/do9hrcwn1/image/upload/c_limit,f_auto,q_auto,w_1200/v1/sammapix/portfolio/thailand/22-wat-hong-thong-temple-bang-pakong-thailand-aerial-view"
"thailand","thailand","tha-23","Wat Hong Thong, Bang Pakong, Thailand","2025-04-11","Towering Luang Pu Toh monk statue at Wat Hong Thong, Bang Pakong, Thailand, under a clear sky, vibrant temple roofs.","Wat Hong Thong · towering spiritual guardian","A colossal statue of Luang Pu Toh stands prominently against a bright, clear sky, its golden robes radiating warmth. Intricate, colorful temple roofs with traditional Thai finials gleam behind, showcasing rich Buddhist artistry. The scene captures the serene, vibrant atmosphere of Wat Hong Thong in Bang Pakong, Thailand, reflecting deep cultural devotion under the midday sun.","Apple","iPhone 13 Pro","iPhone 13 Pro back dual camera 9mm f/2.8","9.0 mm","77 mm","2.8","1/950","32","Program AE","Multi-segment","Auto","Off, Did not fire","2025:04:11 15:05:55","13 deg 29' 8.47"" N","100 deg 52' 57.99"" E","3024","4032","https://res.cloudinary.com/do9hrcwn1/image/upload/c_limit,f_auto,q_auto,w_1200/v1/sammapix/portfolio/thailand/23-wat-hong-thong-luang-pu-toh-monk-statue-bang-pakong-thailand"
"thailand","thailand","tha-24","The Ancient City, Samut Prakan, Thailand","2025-04-11","Intricately carved grey stone guardian lion (foo dog) statue foreground, blurred traditional pavilion over pond with fountain, Bang Pu, Thailand.","Ancient City · stone guardian, tranquil reflections","An intricately carved grey stone guardian lion stands vigilant, its detailed features and stylized mane captivating. Beyond, a serene traditional Thai pavilion with an ornate green and gold tiled roof shimmers in soft light across a reflective pond. A subtle fountain adds a gentle spray to the tranquil scene. This timeless cultural landscape in Bang Pu, Thailand, exudes peaceful majesty, inviting quiet contemplation of ancient artistry and natural beauty.","Apple","iPhone 13 Pro","iPhone 13 Pro back dual camera 9mm f/2.8","9.0 mm","77 mm","2.8","1/480","32","Program AE","Multi-segment","Auto","Off, Did not fire","2025:04:11 16:18:36","13 deg 33' 10.40"" N","100 deg 37' 47.33"" E","3024","4032","https://res.cloudinary.com/do9hrcwn1/image/upload/c_limit,f_auto,q_auto,w_1200/v1/sammapix/portfolio/thailand/24-stone-guardian-lion-ancient-city-bang-pu-thailand-pavilion"
"thailand","thailand","tha-25","Ancient City, Samut Prakan, Thailand","2025-04-11","Ornate Thai pavilion, Ancient City, Samut Prakan, Thailand. Intricate tiled roof, golden spires, decorative railings, paved path.","Ancient City · gilded rooftop, timeless grace","An ornate Thai pavilion stands gracefully in Bang Pu, Thailand, under a soft, clear sky. Intricate green and red tiled roofs ascend to golden spires, reflecting the sun's gentle light. Decorative railings with lotus-shaped finials line a patterned pathway leading towards the structure. This architectural marvel showcases rich cultural heritage, its vibrant colors and detailed carvings evoking a serene, timeless atmosphere.","Apple","iPhone 13 Pro","iPhone 13 Pro back dual camera 9mm f/2.8","9.0 mm","77 mm","2.8","1/680","32","Program AE","Multi-segment","Auto","Off, Did not fire","2025:04:11 16:18:54","13 deg 33' 10.47"" N","100 deg 37' 47.30"" E","3024","4032","https://res.cloudinary.com/do9hrcwn1/image/upload/c_limit,f_auto,q_auto,w_1200/v1/sammapix/portfolio/thailand/25-thai-pavilion-ancient-city-samut-prakan-architecture"
"thailand","thailand","tha-26","The Ancient City, Samut Prakan, Thailand","2025-04-11","Golden Thai temple pavilion, deity statue, intricate carvings, lens flare, Samut Prakan, Thailand, majestic architecture.","Thailand · golden deity, sun-kissed grace","A magnificent golden Thai pavilion rises, adorned with exquisite, intricate carvings shimmering under a radiant sun flare. A serene deity statue emerges, gazing forward, framed by the elaborate golden structure. The scene captures the ethereal glow of sunrise or sunset, bathing the ornate details in a warm, inviting light. Below, the patterned teal roof tiles add a subtle contrast to the opulent gold, showcasing masterful craftsmanship. This tranquil setting embodies Thailand's rich cultural heritage.","Apple","iPhone 13 Pro","iPhone 13 Pro back dual camera 9mm f/2.8","9.0 mm","77 mm","2.8","1/850","32","Program AE","Spot","Auto","Off, Did not fire","2025:04:11 16:30:41","13 deg 33' 4.83"" N","100 deg 37' 38.07"" E","3024","4032","https://res.cloudinary.com/do9hrcwn1/image/upload/c_limit,f_auto,q_auto,w_1200/v1/sammapix/portfolio/thailand/26-thai-golden-pavilion-deity-statue-samut-prakan-flare"
"thailand","thailand","tha-27","Ancient City, Samut Prakan, Thailand","2025-04-11","Ornate golden Thai pavilion, green tiered roofs, Ancient City, Thailand. Temple structure over water, warm light, Bang Pu.","Ancient City · golden splendor on water","Golden sunlight illuminates an ornate Thai pavilion at Ancient City, Thailand, its intricate green tiered roofs and gilded carvings reflecting in the calm water below. A golden walkway, adorned with detailed balustrades, encircles the structure, where a few figures stroll. The warm glow enhances the majestic architecture, creating a serene, timeless atmosphere in this cultural park.","Apple","iPhone 13 Pro","iPhone 13 Pro back dual camera 9mm f/2.8","9.0 mm","77 mm","2.8","1/1000","32","Program AE","Spot","Auto","Off, Did not fire","2025:04:11 16:33:49","13 deg 32' 58.10"" N","100 deg 37' 32.58"" E","2420","3226","https://res.cloudinary.com/do9hrcwn1/image/upload/c_limit,f_auto,q_auto,w_1200/v1/sammapix/portfolio/thailand/27-ancient-city-pavilion-thailand-golden-architecture-water"
"thailand","thailand","tha-28","Bang Pu, Thailand","2025-04-11","Golden laughing Buddha statue, serene expression, temple interior with red and gold ornate carvings, Bang Pu, Thailand.","Bang Pu · Golden Buddha's serene, joyful smile","A magnificent golden Laughing Buddha statue radiates warmth in a Thai temple, Bang Pu. Its serene, joyful expression captures the essence of contentment. Intricate golden carvings frame the scene against a rich red ceiling, showcasing traditional Thai artistry. A beautifully detailed blue and white porcelain jar sits before the Buddha, adding a delicate contrast to the opulent gold. The soft light highlights the statue's lustrous surface, creating a spiritual, tranquil atmosphere.","Apple","iPhone 13 Pro","iPhone 13 Pro back dual camera 9mm f/2.8","9.0 mm","77 mm","2.8","1/120","160","Program AE","Multi-segment","Auto","Off, Did not fire","2025:04:11 16:36:35","13 deg 32' 56.70"" N","100 deg 37' 32.99"" E","3024","4032","https://res.cloudinary.com/do9hrcwn1/image/upload/c_limit,f_auto,q_auto,w_1200/v1/sammapix/portfolio/thailand/28-golden-laughing-buddha-temple-bang-pu-thailand"
"thailand","thailand","tha-29","Pavilion of the Sages, Samut Prakan, Thailand","2025-04-11","Golden Thai pavilion, Sala Aisawan Thiphya-Art, Ancient City, Samut Prakan, Thailand. Ornate gold railings over shimmering water, green tiled roofs.","Ancient City · golden sanctuary, water's shimmering embrace","A magnificent golden Thai pavilion, Sala Aisawan Thiphya-Art, stands gracefully over shimmering water. Ornate gold carvings intricately decorate the railings and layered gables. Distinctive green tiled roofs ascend, crowned by a multi-tiered spire. Sunlight glints on the dark water, creating sparkling reflections. Within the pavilion's shadowy interior, silhouettes hint at unseen activity. This iconic structure captures the serene beauty of Thailand's architectural heritage.","Apple","iPhone 13 Pro","iPhone 13 Pro back dual camera 9mm f/2.8","9.0 mm","77 mm","2.8","1/250","25","Program AE","Multi-segment","Auto","Off, Did not fire","2025:04:11 16:39:13","13 deg 32' 55.96"" N","100 deg 37' 32.99"" E","3024","4032","https://res.cloudinary.com/do9hrcwn1/image/upload/c_limit,f_auto,q_auto,w_1200/v1/sammapix/portfolio/thailand/29-thai-pavilion-ancient-city-samut-prakan-thailand-gold"
"thailand","thailand","tha-30","Bang Pu, Thailand","2025-04-11","Intricate golden Thai pavilion with emerald green tiled roof, white balustrades, and steps over calm water in Bang Pu, Thailand.","Bang Pu · Golden pavilion, water's serene embrace","An opulent Thai pavilion stands gracefully over serene water, its multi-tiered golden spires and emerald green roof tiles reflecting shimmering light. Intricate traditional carvings adorn every surface, showcasing exquisite craftsmanship. A pristine white balustrade with classical statues frames the foreground, leading down to the water. Lush, verdant trees provide a rich backdrop, enhancing the tranquil atmosphere of this cultural landmark in Bang Pu, Thailand.","Apple","iPhone 13 Pro","iPhone 13 Pro back dual camera 9mm f/2.8","9.0 mm","77 mm","2.8","1/220","25","Program AE","Multi-segment","Auto","Off, Did not fire","2025:04:11 16:53:55","13 deg 32' 41.35"" N","100 deg 37' 44.91"" E","3024","4032","https://res.cloudinary.com/do9hrcwn1/image/upload/c_limit,f_auto,q_auto,w_1200/v1/sammapix/portfolio/thailand/30-thai-golden-pavilion-water-bang-pu-thailand-architecture"
"thailand","thailand","tha-31","Bang Pu Subdistrict Municipality, Thailand","2025-04-11","Mahout riding Indian elephant past ancient brick temple ruins, Bang Pu Subdistrict Municipality, Thailand, under a clear sky.","Thailand · gentle giant strolling through ancient past","A majestic elephant, with pale pink ear patterns, ambles along a paved path, its mahout perched gently on its back. Golden hour light illuminates the elephant's textured skin and prominent tusks. Behind them, weathered red brick ruins of an ancient temple structure stand grandly against a soft, clear blue sky. Two birds soar above, adding to the tranquil, timeless atmosphere in Thailand.","Apple","iPhone 13 Pro","iPhone 13 Pro back dual camera 9mm f/2.8","9.0 mm","77 mm","2.8","1/120","32","Program AE","Multi-segment","Auto","Off, Did not fire","2025:04:11 16:58:34","13 deg 32' 42.54"" N","100 deg 37' 51.15"" E","3024","4032","https://res.cloudinary.com/do9hrcwn1/image/upload/c_limit,f_auto,q_auto,w_1200/v1/sammapix/portfolio/thailand/31-bang-pu-thailand-elephant-mahout-ancient-ruins"
"thailand","thailand","tha-32","Bang Pu Subdistrict Municipality, Thailand","2025-04-11","Mahout on elephant's back walking on a paved road, red temple and brick bridge in Bang Pu, Thailand.","Bang Pu · elephant's journey, ancient echoes","A majestic elephant with a mahout on its back ambles along a paved path in Bang Pu, Thailand. Sunlight grazes its textured, mottled skin as it walks away from the viewer. In the background, a person rides a bright green scooter across an arched brick bridge, while an ornate red temple rises amidst lush trees. The scene captures a unique blend of traditional transport and modern life under a soft, diffused sky.","Apple","iPhone 13 Pro","iPhone 13 Pro back dual camera 9mm f/2.8","9.0 mm","77 mm","2.8","1/180","25","Program AE","Multi-segment","Auto","Off, Did not fire","2025:04:11 16:59:25","13 deg 32' 43.40"" N","100 deg 37' 52.77"" E","3024","4032","https://res.cloudinary.com/do9hrcwn1/image/upload/c_limit,f_auto,q_auto,w_1200/v1/sammapix/portfolio/thailand/32-elephant-mahout-walks-bang-pu-thailand-ancient-temple"
"thailand","thailand","tha-33","Bang Pu, Thailand","2025-04-11","Majestic elephant with large tusks, ridden by mahout, walks on an asphalt road in Bang Pu, Thailand, golden light.","Bang Pu · Mahout and elephant, a golden journey","A magnificent Asian elephant, guided by its mahout, walks along a quiet rural road in Thailand. Its skin reveals speckled grey and pinkish tones, showcasing impressive, curving tusks. The mahout, in a patterned shirt, sits confidently atop, his gaze steady. Golden hour light bathes the scene, casting soft, long shadows. Lush trees border the asphalt, creating a serene, authentic moment of human and animal connection.","Apple","iPhone 13 Pro","iPhone 13 Pro back dual camera 9mm f/2.8","9.0 mm","77 mm","2.8","1/120","40","Program AE","Multi-segment","Auto","Off, Did not fire","2025:04:11 17:05:51","13 deg 32' 48.07"" N","100 deg 38' 1.15"" E","3024","4032","https://res.cloudinary.com/do9hrcwn1/image/upload/c_limit,f_auto,q_auto,w_1200/v1/sammapix/portfolio/thailand/33-thailand-elephant-mahout-walking-golden-hour-bang-pu"
"thailand","thailand","tha-34","The Ancient City, Samut Prakan, Thailand","2025-04-11","The Ancient City, Thailand: Intricate teal and white statues surrounding a multi-tiered fountain, lush greenery, ornate Thai architecture.","The Ancient City · ancient Thai mythical guardians","A grand teal-colored tiered fountain, adorned with countless intricate white and teal statues of mythical figures, stands serenely amidst lush Thai gardens. Reflections shimmer in the surrounding water. A brick wall with ""The Ancient City"" signage and traditional gilded roofs frame the scene. Overhead, soft diffused light illuminates the ornate details and vibrant greenery. Palm fronds provide a natural foreground element, enhancing the depth of this cultural landscape.","Apple","iPhone 13 Pro","iPhone 13 Pro back dual camera 9mm f/2.8","9.0 mm","77 mm","2.8","1/120","50","Program AE","Multi-segment","Auto","Off, Did not fire","2025:04:11 17:16:54","13 deg 32' 43.12"" N","100 deg 37' 48.48"" E","3024","4032","https://res.cloudinary.com/do9hrcwn1/image/upload/c_limit,f_auto,q_auto,w_1200/v1/sammapix/portfolio/thailand/34-the-ancient-city-muang-boran-thai-statues-fountain-thailand"
"thailand","thailand","tha-35","Ancient City, Samut Prakan, Thailand","2025-04-11","Gajasingha statue, Ancient City, Samut Prakan. Traditional Thai temple architecture, tiered roofs, golden accents, lush grounds.","Ancient City · Mythical guardian, Thai grandeur","A beautifully detailed gajasingha statue rests prominently in the foreground, its white and gold hues gleaming softly. Behind it, a majestic traditional Thai temple rises, featuring intricate dark tiered roofs and subtle golden embellishments. Lush green lawns and a winding path guide the eye towards this architectural marvel. The warm, diffused light of a gentle day bathes the scene, creating a serene, timeless atmosphere in this cultural landmark in Thailand.","Apple","iPhone 13 Pro","iPhone 13 Pro back dual camera 9mm f/2.8","9.0 mm","77 mm","2.8","1/120","40","Program AE","Spot","Auto","Off, Did not fire","2025:04:11 17:20:01","13 deg 32' 45.93"" N","100 deg 37' 45.52"" E","3024","4032","https://res.cloudinary.com/do9hrcwn1/image/upload/c_limit,f_auto,q_auto,w_1200/v1/sammapix/portfolio/thailand/35-ancient-city-samut-prakan-thailand-gajasingha-temple"
"thailand","thailand","tha-36","Wat Asokaram, Samut Prakan, Thailand","2025-04-11","Monumental golden standing Buddha statues, ornate central spire, cloudy sky, Bang Pu, Thailand.","Bang Pu · Golden guardians pierce the cloudy sky","Monumental golden Buddha statues stand majestically, their polished surfaces gleaming against a soft, diffused cloudy sky. Intricate robes and serene expressions capture tranquil grandeur. Between them, a richly decorated golden pagoda-like structure rises, adorned with exquisite patterns. A delicate, openwork metal canopy crowns the scene. Thin power lines subtly cross the foreground, a contemporary contrast to this spiritual marvel in Bang Pu, Thailand.","Apple","iPhone 13 Pro","iPhone 13 Pro back dual camera 9mm f/2.8","9.0 mm","77 mm","2.8","1/200","32","Program AE","Multi-segment","Auto","Off, Did not fire","2025:04:11 17:34:41","13 deg 32' 33.72"" N","100 deg 37' 28.41"" E","2805","3740","https://res.cloudinary.com/do9hrcwn1/image/upload/c_limit,f_auto,q_auto,w_1200/v1/sammapix/portfolio/thailand/36-golden-buddha-statues-wat-asokaram-samut-prakan-thailand"
"thailand","thailand","tha-37","Chiang Mai, Thailand","2025-04-18","Golden Buddha statue in Chiang Mai temple, framed by blurred colorful hanging banners with gilded animal symbols, intricate gold and blue patterns.","Chiang Mai · golden serenity through vibrant veils","A magnificent golden Buddha statue emanates serene light from within a Chiang Mai temple. Its face, partially veiled by vibrant, hanging prayer flags adorned with gilded animal motifs, reveals a gentle smile. Intricate gold and blue mosaic work frames the deity, creating a rich backdrop. The soft, ambient light illuminates the reflective surfaces, highlighting the spiritual artistry and contemplative atmosphere unique to Thailand's sacred spaces.","Apple","iPhone 13 Pro","iPhone 13 Pro back dual camera 9mm f/2.8","9.0 mm","77 mm","2.8","1/35","250","Program AE","Spot","Auto","Off, Did not fire","2025:04:18 09:01:37","18 deg 47' 18.84"" N","98 deg 58' 54.85"" E","2696","3594","https://res.cloudinary.com/do9hrcwn1/image/upload/c_limit,f_auto,q_auto,w_1200/v1/sammapix/portfolio/thailand/37-chiang-mai-golden-buddha-temple-colorful-banners-thailand"
"thailand","thailand","tha-38","Chiang Mai, Thailand","2025-04-18","Woman kneeling in quiet reverence before two bald monk statues inside a richly decorated Thai Buddhist temple, Chiang Mai.","Chiang Mai · quiet reverence in sacred space","A worshipper kneels respectfully on a richly patterned red and gold rug inside a serene Thai Buddhist temple. Before her, two lifelike statues of revered monks, clad in vibrant orange robes, sit in a tranquil meditative pose. Ornate gilded pillars and subtle background details hint at traditional Lanna craftsmanship. The soft, ambient light enhances the spiritual atmosphere of this sacred space, capturing a moment of devotion in Chiang Mai, Thailand.","Apple","iPhone 13 Pro","iPhone 13 Pro back dual camera 9mm f/2.8","9.0 mm","77 mm","2.8","1/40","320","Program AE","Spot","Auto","Off, Did not fire","2025:04:18 09:08:45","18 deg 47' 18.93"" N","98 deg 58' 53.42"" E","3024","4032","https://res.cloudinary.com/do9hrcwn1/image/upload/c_limit,f_auto,q_auto,w_1200/v1/sammapix/portfolio/thailand/38-chiang-mai-thai-buddhist-temple-worshipper-monk-statues"
"thailand","thailand","tha-39","Chiang Mai, Thailand","2025-04-18","Woman applying gold leaf to a golden Buddha statue with a Naga, reflecting warm light in a Chiang Mai temple, Thailand.","Chiang Mai · a sacred golden offering","A serene moment unfolds within a temple, a devotee meticulously applies delicate gold leaf to a large, sitting Buddha statue. The sacred figure, gleaming with countless layers of gold, is crowned by a multi-headed Naga, adding to its revered presence. Warm, soft light illuminates the intricate textures, revealing the devotion in this timeless Thai ritual. Other shimmering golden statues and traditional temple decor create an atmosphere of spiritual tranquility in Chiang Mai.","Apple","iPhone 13 Pro","iPhone 13 Pro back dual camera 9mm f/2.8","9.0 mm","77 mm","2.8","1/35","160","Program AE","Multi-segment","Auto","Off, Did not fire","2025:04:18 09:38:46","18 deg 47' 13.52"" N","98 deg 59' 14.85"" E","2956","3941","https://res.cloudinary.com/do9hrcwn1/image/upload/c_limit,f_auto,q_auto,w_1200/v1/sammapix/portfolio/thailand/39-chiang-mai-temple-gold-leaf-buddha-statue-offering-ritual"
"thailand","thailand","tha-40","Wihan Chathumuk-Burapachaan, Wat Chedi Luang, Chiang Mai, Thailand","2025-04-18","Woman kneeling in prayer before an enshrined meditation monk statue in Wihan Chathumuk-Burapachaan, Wat Chedi Luang, Chiang Mai, Thailand. Gold Lanna decor.","Wat Chedi Luang · golden devotion, tranquil prayer","A worshipper kneels in quiet reverence within a sacred Chiang Mai temple. Before her, an elderly meditation monk statue is enshrined in an intricately gilded, dark wooden pavilion. Golden Lanna patterns adorn the shrine and pillars, reflecting soft ambient light across the polished floor. Red flowers offer a splash of color, enhancing the serene, spiritual atmosphere of devotion and contemplation in this historic Thai setting.","Apple","iPhone 13 Pro","iPhone 13 Pro back dual camera 9mm f/2.8","9.0 mm","77 mm","2.8","1/40","320","Program AE","Multi-segment","Auto","Off, Did not fire","2025:04:18 09:54:18","18 deg 47' 12.26"" N","98 deg 59' 9.77"" E","3024","4032","https://res.cloudinary.com/do9hrcwn1/image/upload/c_limit,f_auto,q_auto,w_1200/v1/sammapix/portfolio/thailand/40-chiang-mai-thailand-wat-chedi-luang-monk-statue-prayer"
"thailand","thailand","tha-41","Chiang Mai, Thailand","2025-04-18","Close-up of weathered stone Naga sculpture with coins in crevices, intricate details, moss, Chiang Mai, Thailand temple art.","Chiang Mai · ancient guardian, silent wishes","A weathered stone Naga sculpture stands prominently, adorned with coins left as offerings. Intricate carvings cover its surface, enhanced by patches of delicate moss and lichen. Warm daylight casts soft shadows, highlighting the rich textures and ancient craftsmanship. The blurred background suggests a serene temple environment, embodying a sense of peace and cultural tradition in Thailand.","Apple","iPhone 13 Pro","iPhone 13 Pro back dual camera 9mm f/2.8","9.0 mm","77 mm","2.8","1/240","25","Program AE","Multi-segment","Auto","Off, Did not fire","2025:04:18 11:03:37","18 deg 47' 57.34"" N","98 deg 56' 0.94"" E","3024","4032","https://res.cloudinary.com/do9hrcwn1/image/upload/c_limit,f_auto,q_auto,w_1200/v1/sammapix/portfolio/thailand/41-chiang-mai-thailand-naga-temple-sculpture-coins"
"thailand","thailand","tha-42","Chiang Mai, Thailand","2025-04-18","Sleeping elephant and calf terracotta relief on brick wall, covered in green vines, tropical plants, dappled sunlight, Chiang Mai, Thailand.","Chiang Mai · jungle's embrace, peaceful elephant","A weathered terracotta relief sculpture depicting a sleeping elephant, possibly a mother and calf, emerges from a brick wall in Chiang Mai. Lush green climbing vines and vibrant tropical foliage frame the artwork, creating a harmonious blend of nature and ancient artistry. Dappled sunlight casts intricate patterns, highlighting the texture of the relief and the vibrant greens. This serene scene captures the cultural reverence for elephants amidst Thailand's tropical beauty, offering a moment of quiet contemplation.","Apple","iPhone 13 Pro","iPhone 13 Pro back dual camera 9mm f/2.8","9.0 mm","77 mm","2.8","1/120","20","Program AE","Spot","Auto","Off, Did not fire","2025:04:18 11:07:25","18 deg 47' 56.45"" N","98 deg 56' 1.60"" E","3024","4032","https://res.cloudinary.com/do9hrcwn1/image/upload/c_limit,f_auto,q_auto,w_1200/v1/sammapix/portfolio/thailand/42-chiang-mai-thailand-sleeping-elephant-relief-wall-vines"
"thailand","thailand","tha-43","Wat Phra That Doi Suthep, Chiang Mai, Thailand","2025-04-18","Chiang Mai, Thailand: People ascend ornate Nāga staircase to a Buddhist temple, holding lotus offerings. Sunlight through lush trees.","Chiang Mai · sacred steps, green canopy","Sunlight dapples a grand staircase leading to a temple in Chiang Mai, Thailand. People, some in traditional attire, ascend the steps, carrying lotus flowers and incense as offerings. The path is flanked by magnificent, mosaic-covered Nāga balustrades, their serpentine forms vibrant with intricate detail. Lush green foliage frames the scene, creating a serene, spiritual journey under the bright sky.","Apple","iPhone 13 Pro","iPhone 13 Pro back dual camera 9mm f/2.8","9.0 mm","77 mm","2.8","1/120","32","Program AE","Multi-segment","Auto","Off, Did not fire","2025:04:18 12:21:34","18 deg 48' 17.67"" N","98 deg 55' 12.65"" E","3024","4032","https://res.cloudinary.com/do9hrcwn1/image/upload/c_limit,f_auto,q_auto,w_1200/v1/sammapix/portfolio/thailand/43-chiang-mai-doi-suthep-temple-naga-staircase-thailand"
"thailand","thailand","tha-44","Chiang Mai, Thailand","2025-04-18","Golden Buddha statue holding alms bowl in Mueang Chiang Mai, Thailand. Shimmering floral patterned robe, intricate details, spiritual.","Chiang Mai · golden serenity shines","A magnificent golden Buddha statue stands in serene contemplation, holding an alms bowl in Mueang Chiang Mai, Thailand. Sunlight catches the shimmering, iridescent robe, revealing intricate floral patterns. The serene expression, carefully sculpted features, and warm metallic tones evoke a profound sense of peace and spiritual reverence within a sacred temple setting. Another Buddha figure is softly blurred in the background, adding depth to the scene.","Apple","iPhone 13 Pro","iPhone 13 Pro back dual camera 9mm f/2.8","9.0 mm","77 mm","2.8","1/440","32","Program AE","Multi-segment","Auto","Off, Did not fire","2025:04:18 12:34:27","18 deg 48' 17.45"" N","98 deg 55' 17.93"" E","2934","3912","https://res.cloudinary.com/do9hrcwn1/image/upload/c_limit,f_auto,q_auto,w_1200/v1/sammapix/portfolio/thailand/44-chiang-mai-thailand-golden-buddha-alms-bowl-temple"
"thailand","thailand","tha-45","Chiang Mai, Thailand","2025-04-18","White marble Buddhist monk statue holding alms bowl and fan in a temple, surrounded by golden statues and murals, Chiang Mai, Thailand.","Chiang Mai · serene marble monastic guardian","A magnificent white marble statue of a Buddhist monk stands prominently, holding an alms bowl and a ceremonial fan. Its serene expression and flowing robes are beautifully rendered, capturing a moment of quiet devotion. Behind, vibrant murals depict various figures, while golden monk statues add a rich, warm contrast. The soft, diffused light illuminates the intricate details, creating a profound, spiritual atmosphere within this sacred Thai temple setting in Chiang Mai.","Apple","iPhone 13 Pro","iPhone 13 Pro back dual camera 9mm f/2.8","9.0 mm","77 mm","2.8","1/150","20","Program AE","Multi-segment","Auto","Off, Did not fire","2025:04:18 12:36:54","18 deg 48' 17.18"" N","98 deg 55' 17.10"" E","3024","4032","https://res.cloudinary.com/do9hrcwn1/image/upload/c_limit,f_auto,q_auto,w_1200/v1/sammapix/portfolio/thailand/45-chiang-mai-buddhist-marble-monk-statue-temple-thailand"
"thailand","thailand","tha-46","Chiang Mai, Thailand","2025-04-18","Golden Yaksha guardian statue, intricate details, holding mace against clear blue sky, Mueang Chiang Mai, Thailand.","Chiang Mai · golden guardian in blue","A majestic golden guardian statue, likely a Yaksha, stands proudly in Mueang Chiang Mai, Thailand. Its intricate, traditional Thai patterns gleam under a brilliant, clear blue sky. The powerful figure, adorned with ornate armor and holding a ceremonial mace, represents protection and strength. Sunlight illuminates every detail, from its fierce expression to the sparkling jewels on its weapon, evoking a sense of ancient spirituality and cultural heritage.","Apple","iPhone 13 Pro","iPhone 13 Pro back dual camera 9mm f/2.8","9.0 mm","77 mm","2.8","1/1400","32","Program AE","Multi-segment","Auto","Off, Did not fire","2025:04:18 14:14:34","18 deg 45' 35.38"" N","98 deg 55' 6.09"" E","3024","4032","https://res.cloudinary.com/do9hrcwn1/image/upload/c_limit,f_auto,q_auto,w_1200/v1/sammapix/portfolio/thailand/46-golden-yaksha-guardian-statue-chiang-mai-thailand"
"thailand","thailand","tha-47","Hor Kham Luang, Royal Park Rajapruek, Chiang Mai, Thailand","2025-04-18","Gilded Thai doors frame a long, red-balustraded pathway under a blue sky at Hor Kham Luang, Royal Park Rajapruek, Chiang Mai, Thailand.","Chiang Mai · golden doors, endless path","Sunlight streams through ornate gilded Thai doors, revealing a magnificent long pathway stretching into the distance. Rich gold patterns of traditional figures adorn the dark wooden entrance, reflected on the polished floor. The vibrant red-tiled path, flanked by decorative balustrades, leads toward distant greenery and a brilliant blue sky dotted with fluffy white clouds, inviting exploration of Chiang Mai's cultural beauty.","Apple","iPhone 13 Pro","iPhone 13 Pro back triple camera 5.7mm f/1.5","5.7 mm","26 mm","1.5","1/1600","50","Program AE","Multi-segment","Auto","Off, Did not fire","2025:04:18 15:00:18","18 deg 45' 10.40"" N","98 deg 55' 21.03"" E","2951","3935","https://res.cloudinary.com/do9hrcwn1/image/upload/c_limit,f_auto,q_auto,w_1200/v1/sammapix/portfolio/thailand/47-hor-kham-luang-rajapruek-chiang-mai-golden-doors-path"
"thailand","thailand","tha-48","Wat Umong, Chiang Mai, Thailand","2025-04-18","Worshipper before golden Buddha statue in ancient arched tunnel, Wat Umong, Chiang Mai, Thailand, low light.","Wat Umong · tranquil golden glow","A solitary worshipper stands reverently before a majestic golden Buddha statue, nestled within the cool, ancient arched tunnels of a temple in Chiang Mai, Thailand. Soft, warm light from hidden fixtures illuminates the textured brick steps and the weathered tunnel walls, creating a profound sense of peace. Vibrant floral offerings adorn the altar, enhancing the spiritual atmosphere. This sacred space invites contemplation and quiet devotion, a timeless encounter with Thai Buddhist heritage.","Apple","iPhone 13 Pro","iPhone 13 Pro back dual camera 9mm f/2.8","9.0 mm","77 mm","2.8","1/20","500","Program AE","Multi-segment","Auto","Off, Did not fire","2025:04:18 15:49:57","18 deg 47' 0.41"" N","98 deg 57' 5.92"" E","2689","3586","https://res.cloudinary.com/do9hrcwn1/image/upload/c_limit,f_auto,q_auto,w_1200/v1/sammapix/portfolio/thailand/48-wat-umong-buddha-tunnel-worshipper-chiang-mai-thailand"
"thailand","thailand","tha-49","Wat Rong Khun, Chiang Rai, Thailand","2025-04-19","Wat Rong Khun, White Temple, Chiang Rai, Thailand. Intricate white Buddhist temple architecture, dragon sculpture, fountain, blue sky.","Wat Rong Khun · ethereal white temple dreams","The magnificent Wat Rong Khun, the White Temple, gleams under a vibrant blue sky in Chiang Rai. Its dazzling white architecture, intricately carved with mythical creatures and delicate patterns, shimmers in the daylight. A majestic white dragon sculpture emerges from a tranquil pond in the foreground, with fountains spraying water towards the temple. Lush green grass frames the scene, adding a touch of natural contrast to the temple's otherworldly brilliance.","Apple","iPhone 13 Pro","iPhone 13 Pro back dual camera 9mm f/2.8","9.0 mm","77 mm","2.8","1/1400","32","Program AE","Multi-segment","Auto","Off, Did not fire","2025:04:19 12:35:06","19 deg 49' 26.30"" N","99 deg 45' 49.77"" E","3024","4032","https://res.cloudinary.com/do9hrcwn1/image/upload/c_limit,f_auto,q_auto,w_1200/v1/sammapix/portfolio/thailand/49-wat-rong-khun-white-temple-chiang-rai-thailand-fountain"
"thailand","thailand","tha-50","Wat Rong Khun, Chiang Rai, Thailand","2025-04-19","Detail of gray sculpted hands reaching from ground, symbolizing hell, Wat Rong Khun, Chiang Rai, Thailand.","Wat Rong Khun · hands reaching from purgatory","Sunlight illuminates a haunting array of sculpted grey hands, rising from the earth. These weathered, skeletal forms reach skyward, conveying a powerful sense of struggle and supplication. The intricate, almost desperate gestures create a dramatic, poignant scene, part of a profound artistic and spiritual narrative. Deep shadows add to the intensity of this symbolic landscape, offering a vivid glimpse into the temple's unique vision.","Apple","iPhone 13 Pro","iPhone 13 Pro back dual camera 9mm f/2.8","9.0 mm","77 mm","2.8","1/1500","32","Program AE","Multi-segment","Auto","Off, Did not fire","2025:04:19 12:36:50","19 deg 49' 26.66"" N","99 deg 45' 49.22"" E","3024","4032","https://res.cloudinary.com/do9hrcwn1/image/upload/c_limit,f_auto,q_auto,w_1200/v1/sammapix/portfolio/thailand/50-wat-rong-khun-hell-hands-sculpture-chiang-rai"
"thailand","thailand","tha-51","Wat Rong Khun, Chiang Rai, Thailand","2025-04-19","Wat Rong Khun, White Temple, Chiang Rai, Thailand. Ornate Thai Buddhist temple, white stucco architecture, sunny blue sky.","Wat Rong Khun · pure white heavenly architecture","Wat Rong Khun, Thailand's famous White Temple, glistens under a brilliant blue sky. Its ornate, all-white stucco architecture, adorned with shimmering glass, creates an ethereal landscape. Intricate sculptural details, traditional Thai motifs, and multi-tiered roofs rise majestically. Green lawns and patterned pathways lead towards the striking, highly decorative central structure, bathed in bright sunshine, offering a magnificent, otherworldly vision.","Apple","iPhone 13 Pro","iPhone 13 Pro back triple camera 5.7mm f/1.5","5.7 mm","26 mm","1.5","1/9400","50","Program AE","Multi-segment","Auto","Off, Did not fire","2025:04:19 12:39:02","19 deg 49' 26.27"" N","99 deg 45' 47.54"" E","3024","4032","https://res.cloudinary.com/do9hrcwn1/image/upload/c_limit,f_auto,q_auto,w_1200/v1/sammapix/portfolio/thailand/51-wat-rong-khun-white-temple-chiang-rai-thailand"
"thailand","thailand","tha-52","Wat Rong Khun, Chiang Rai, Thailand","2025-04-19","Close-up of intricate white Naga dragon head sculpture at Wat Rong Khun, Chiang Rai, Thailand, adorned with shimmering glass mosaics.","Wat Rong Khun · glistening mythical guardian","An exquisite, gleaming white Naga head sculpture dominates the frame, intricately adorned with countless shimmering mirror mosaic pieces. Bright daylight catches these reflective fragments, creating dazzling highlights and deep shadows that emphasize the ornate, flowing forms. This detailed craftsmanship, typical of the famous White Temple, highlights traditional Thai mythological artistry in Chiang Rai, Thailand, a vision of ethereal beauty.","Apple","iPhone 13 Pro","iPhone 13 Pro back dual camera 9mm f/2.8","9.0 mm","77 mm","2.8","1/1250","32","Program AE","Multi-segment","Auto","Off, Did not fire","2025:04:19 12:39:17","19 deg 49' 26.47"" N","99 deg 45' 47.46"" E","3024","4032","https://res.cloudinary.com/do9hrcwn1/image/upload/c_limit,f_auto,q_auto,w_1200/v1/sammapix/portfolio/thailand/52-wat-rong-khun-chiang-rai-thailand-naga-mosaic-detail"
"thailand","thailand","tha-53","Golden Pavilion, Wat Rong Khun, Chiang Rai, Thailand","2025-04-19","Golden pavilion at Wat Rong Khun, Chiang Rai, Thailand. Intricate Thai Buddhist architecture, spires, pond, blue sky.","Wat Rong Khun · golden grandeur under blue skies","This exquisite golden pavilion shines brightly under a vivid blue sky in Chiang Rai, Thailand. Intricate Thai architectural details, including multiple spires and ornate carvings, gleam in the strong daylight. A tranquil pond reflects the majestic structure, framed by lush green foliage in the foreground. Large, fluffy white clouds drift overhead, adding depth to the vibrant scene, capturing the serene beauty of this cultural landmark.","Apple","iPhone 13 Pro","iPhone 13 Pro back dual wide camera 5.7mm f/1.5","5.7 mm","26 mm","1.5","1/8000","50","Program AE","Spot","Auto","Off, Did not fire","2025:04:19 13:09:09","19 deg 49' 23.52"" N","99 deg 45' 44.74"" E","2510","3347","https://res.cloudinary.com/do9hrcwn1/image/upload/c_limit,f_auto,q_auto,w_1200/v1/sammapix/portfolio/thailand/53-golden-pavilion-wat-rong-khun-chiang-rai-thailand"
"thailand","thailand","tha-54","Chiang Rai, Thailand","2025-04-19","Vibrant emerald green tiled walls with gold framing inside a Thai temple, reflecting traditional murals, Chiang Rai, Thailand.","Chiang Rai · emerald glow within","Emerald green panels, framed in glistening gold, illuminate a sacred interior space in Chiang Rai, Thailand. Backlit tiles create a rich, luminous glow, subtly reflecting traditional Thai mural artwork on nearby glass surfaces. Ornate golden carvings add intricate detail to the warm, dark wooden paneling below. A modern fan offers a contrasting element within this tranquil, culturally resonant setting. The atmosphere is serene, yet visually captivating.","Apple","iPhone 13 Pro","iPhone 13 Pro back dual camera 9mm f/2.8","9.0 mm","77 mm","2.8","1/35","200","Program AE","Multi-segment","Auto","Off, Did not fire","2025:04:19 14:24:34","19 deg 54' 42.87"" N","99 deg 49' 37.10"" E","3024","4032","https://res.cloudinary.com/do9hrcwn1/image/upload/c_limit,f_auto,q_auto,w_1200/v1/sammapix/portfolio/thailand/54-chiang-rai-thai-temple-emerald-interior-murals"
"thailand","thailand","tha-55","Wat Rong Suea Ten, Chiang Rai, Thailand","2025-04-19","White Buddha statue in Dhyana Mudra at Wat Rong Suea Ten, Chiang Rai, Thailand, adorned with intricate blue and gold Naga carvings.","Wat Rong Suea Ten · vibrant spiritual art","A majestic white Buddha statue sits centrally, emanating profound serenity. Its pristine form contrasts beautifully with the dazzling, intricate blue and gold carvings that surround it, depicting mythical Nagas and devotional figures. Bathed in bright sunlight, the details of Wat Rong Suea Ten’s unique artistry truly glow, creating a striking visual. A lone observer stands, contemplating the sacred space, adding a human scale to this vibrant spiritual masterpiece in Chiang Rai.","Apple","iPhone 13 Pro","iPhone 13 Pro back dual camera 9mm f/2.8","9.0 mm","77 mm","2.8","1/1800","32","Program AE","Multi-segment","Auto","Off, Did not fire","2025:04:19 14:49:37","19 deg 55' 24.20"" N","99 deg 50' 31.59"" E","3024","4032","https://res.cloudinary.com/do9hrcwn1/image/upload/c_limit,f_auto,q_auto,w_1200/v1/sammapix/portfolio/thailand/55-wat-rong-suea-ten-blue-temple-buddha-chiang-rai"
"thailand","thailand","tha-56","Wat Rong Suea Ten, Chiang Rai, Thailand","2025-04-19","White standing Buddha statue, Abhaya mudra, against ornate blue and gold Thai temple walls, Wat Rong Suea Ten, Chiang Rai, Thailand","Wat Rong Suea Ten · blue temple serenity","A majestic white standing Buddha statue, embodying serenity, rises against an opulent backdrop of vibrant blue walls adorned with intricate golden Thai patterns. Soft sunlight illuminates the statue's gentle features and flowing robes, casting subtle shadows that enhance its dimensionality. The Abhaya mudra, signifying fearlessness, offers peace. This detailed Buddhist art reflects Thailand's rich cultural heritage, showcasing exquisite craftsmanship in a sacred space.","Apple","iPhone 13 Pro","iPhone 13 Pro back dual camera 9mm f/2.8","9.0 mm","77 mm","2.8","1/1500","32","Program AE","Multi-segment","Auto","Off, Did not fire","2025:04:19 15:00:49","19 deg 55' 23.44"" N","99 deg 50' 29.01"" E","2631","3508","https://res.cloudinary.com/do9hrcwn1/image/upload/c_limit,f_auto,q_auto,w_1200/v1/sammapix/portfolio/thailand/56-white-buddha-statue-blue-temple-chiang-rai-thailand"
"thailand","thailand","tha-57","Wat Rong Suea Ten, Chiang Rai, Thailand","2025-04-19","Wat Rong Suea Ten, Blue Temple, Chiang Rai, Thailand. Ornate Buddhist architecture, vibrant blue walls, gold details, white standing Buddha.","Chiang Rai · sapphire dream, golden grace","A striking view of Wat Rong Suea Ten, the Blue Temple, in Chiang Rai. Brilliant blue structures with intricate golden accents shimmer under a bright, clear sky. A majestic white standing Buddha statue commands attention at the temple's entrance. Lush green tropical trees frame the ornate architecture, adding a touch of natural splendor. Visitors stroll along the pathways, enveloped in the temple’s serene, spiritual atmosphere. The dazzling colors create a truly captivating Thai cultural experience.","Apple","iPhone 13 Pro","iPhone 13 Pro back dual wide camera 5.7mm f/1.5","5.7 mm","26 mm","1.5","1/4300","50","Program AE","Multi-segment","Auto","Off, Did not fire","2025:04:19 15:05:30","19 deg 55' 24.08"" N","99 deg 50' 27.86"" E","2693","3591","https://res.cloudinary.com/do9hrcwn1/image/upload/c_limit,f_auto,q_auto,w_1200/v1/sammapix/portfolio/thailand/57-wat-rong-suea-ten-blue-temple-chiang-rai-thailand"
"thailand","thailand","tha-58","Wat Rong Suea Ten, Chiang Rai, Thailand","2025-04-19","White standing Buddha statue, vibrant blue wall with intricate gold Thai carvings, Wat Rong Suea Ten, Chiang Rai, Thailand.","Wat Rong Suea Ten · sapphire temple, golden dreams","A majestic white standing Buddha statue commands attention against a brilliant blue temple wall. Intricate gold Thai relief carvings adorn the vibrant backdrop, shimmering under direct sunlight. The detailed drapery of the Buddha's robes and the ornate patterns evoke a sense of spiritual grandeur. Strong shadows enhance the depth and texture, revealing the rich cultural heritage and serene beauty found in Chiang Rai, Thailand, inviting contemplation.","Apple","iPhone 13 Pro","iPhone 13 Pro back dual camera 9mm f/2.8","9.0 mm","77 mm","2.8","1/1500","32","Program AE","Multi-segment","Auto","Off, Did not fire","2025:04:19 15:09:08","19 deg 55' 23.17"" N","99 deg 50' 29.43"" E","3024","4032","https://res.cloudinary.com/do9hrcwn1/image/upload/c_limit,f_auto,q_auto,w_1200/v1/sammapix/portfolio/thailand/58-wat-rong-suea-ten-buddha-gold-blue-temple-chiang-rai"
"thailand","thailand","tha-59","Wat Rong Khun, Chiang Rai, Thailand","2025-04-19","Brown dog resting on polished floor inside ornate White Temple, Chiang Rai, Thailand, with blurred white Buddha statues.","Chiang Rai · peaceful temple slumber","A serene brown dog rests gracefully on a highly polished, reflective floor within an ornate Thai temple. Soft, warm light illuminates the space, creating a tranquil atmosphere. In the blurred background, majestic white Buddha statues command attention, surrounded by intricate golden altars and delicate floral decorations. A seated figure observes the scene, adding to the quiet reverence of this spiritual sanctuary in Chiang Rai, Thailand.","Apple","iPhone 13 Pro","iPhone 13 Pro back dual camera 9mm f/2.8","9.0 mm","77 mm","2.8","1/100","125","Program AE","Spot","Auto","Off, Did not fire","2025:04:19 16:00:31","19 deg 56' 57.15"" N","99 deg 48' 23.69"" E","3024","4032","https://res.cloudinary.com/do9hrcwn1/image/upload/c_limit,f_auto,q_auto,w_1200/v1/sammapix/portfolio/thailand/59-chiang-rai-thailand-white-temple-dog-buddha-serene-interior"
"thailand","thailand","tha-60","Wat Huay Pla Kang, Chiang Rai, Thailand","2025-04-19","Giant white Guan Yin statue at Wat Huay Pla Kang, Chiang Rai, Thailand. Woman photographs the towering Buddhist deity against a bright sky.","Chiang Rai · silent grace ascends","The colossal white statue of Guan Yin dominates the frame, her serene face with red lips and closed eyes gazing peacefully. Intricate golden adornments highlight her robe and necklace, reflecting the soft, even light of a clear sky. Below, a visitor captures the immense scale with a smartphone. This iconic Buddhist deity stands majestically, embodying compassion and tranquility in northern Thailand.","Apple","iPhone 13 Pro","iPhone 13 Pro back dual camera 9mm f/2.8","9.0 mm","77 mm","2.8","1/640","32","Program AE","Multi-segment","Auto","Off, Did not fire","2025:04:19 16:30:07","19 deg 56' 53.89"" N","99 deg 48' 22.75"" E","3024","4032","https://res.cloudinary.com/do9hrcwn1/image/upload/c_limit,f_auto,q_auto,w_1200/v1/sammapix/portfolio/thailand/60-wat-huay-pla-kang-giant-guan-yin-statue-chiang-rai-thailand"
"thailand","thailand","tha-61","Chiang Rai, Thailand","2025-04-19","Portrait of smiling Kayan 'long-neck' woman from Chiang Rai, Thailand, with golden neck rings, silver bracelets.","Chiang Rai · a timeless, golden smile","A Kayan woman beams warmly, her face etched with light markings, wearing golden neck rings, hammered silver bracelets, and a vibrant, ruffled headpiece. Her white, embroidered tunic completes the traditional regalia. Soft natural light illuminates her joyful expression, capturing a profound cultural heritage. The rustic, blurred background, featuring a thatched roof, hints at a serene village life in Chiang Rai, Thailand.","Apple","iPhone 13 Pro","iPhone 13 Pro back dual camera 9mm f/2.8","9.0 mm","77 mm","2.8","1/120","80","Program AE","Multi-segment","Auto","Off, Did not fire","2025:04:19 17:55:49","20 deg 1' 11.83"" N","99 deg 53' 29.30"" E","3024","4032","https://res.cloudinary.com/do9hrcwn1/image/upload/c_limit,f_auto,q_auto,w_1200/v1/sammapix/portfolio/thailand/61-kayan-woman-golden-neck-rings-chiang-rai-thailand"
"thailand","thailand","tha-62","Kayan Village, Chiang Rai, Thailand","2025-04-19","Kayan 'Long Neck' woman in traditional golden neck rings, red top, flower headband, at market in Chiang Rai, Thailand.","Chiang Rai · a gentle Kayan spirit","A Kayan 'Long Neck' woman with traditional golden neck coils and a vibrant floral headband sits gracefully. She wears a cream and red tunic, adorned with intricate silver arm and leg rings. Her gentle gaze meets the viewer. Behind her, textiles with elephant patterns hang from wooden beams, suggesting a community craft market or village setting. Colorful souvenirs are visible in the foreground, bathed in soft, natural light, highlighting the cultural richness of this Thai highland community.","Apple","iPhone 13 Pro","iPhone 13 Pro back dual camera 9mm f/2.8","9.0 mm","77 mm","2.8","1/40","400","Program AE","Multi-segment","Auto","Off, Did not fire","2025:04:19 17:56:25","20 deg 1' 12.10"" N","99 deg 53' 28.94"" E","3024","4032","https://res.cloudinary.com/do9hrcwn1/image/upload/c_limit,f_auto,q_auto,w_1200/v1/sammapix/portfolio/thailand/62-kayan-long-neck-woman-portrait-chiang-rai-thailand"
"thailand","thailand","tha-63","Chiang Rai, Thailand","2025-04-19","Smiling Kayan Long Neck woman weaving vibrant textiles on a loom, adorned with brass neck rings & colorful headpiece in Chiang Rai, Thailand.","Chiang Rai · a gentle weaver's ancient craft","A Kayan Long Neck woman in Chiang Rai, Thailand, smiles warmly while weaving. Adorned with traditional brass neck rings, a vibrant beaded headpiece, and silver bracelets, she meticulously works on a colorful loom. Soft, diffused light illuminates her radiant expression and the intricate threads of her craft. The rustic bamboo setting emphasizes the cultural heritage and timeless tradition. This evocative scene captures a moment of quiet dedication, showcasing indigenous artistry.","Apple","iPhone 13 Pro","iPhone 13 Pro back dual camera 9mm f/2.8","9.0 mm","77 mm","2.8","1/40","400","Program AE","Multi-segment","Auto","Off, Did not fire","2025:04:19 17:58:09","20 deg 1' 12.72"" N","99 deg 53' 27.65"" E","3024","4032","https://res.cloudinary.com/do9hrcwn1/image/upload/c_limit,f_auto,q_auto,w_1200/v1/sammapix/portfolio/thailand/63-kayan-long-neck-woman-weaving-chiang-rai-thailand"
"thailand","thailand","tha-64","Chiang Rai, Thailand","2025-04-19","Kayan Lahwi woman in traditional dress, golden neck rings, vibrant headwrap, Thanaka, Chiang Rai, Thailand.","Chiang Rai · a timeless Kayan spirit","A Kayan Lahwi woman, adorned in golden neck rings, vibrant headwear, and traditional garments, offers a gentle smile. Her face bears traditional Thanaka paste. She sits serenely within a rustic bamboo dwelling, illuminated by soft natural light. This intimate portrait captures the rich cultural heritage and quiet grace of the Long Neck people in Northern Thailand.","Apple","iPhone 13 Pro","iPhone 13 Pro back dual camera 9mm f/2.8","9.0 mm","77 mm","2.8","1/40","320","Program AE","Multi-segment","Auto","Off, Did not fire","2025:04:19 17:58:39","20 deg 1' 13.05"" N","99 deg 53' 26.94"" E","3024","4032","https://res.cloudinary.com/do9hrcwn1/image/upload/c_limit,f_auto,q_auto,w_1200/v1/sammapix/portfolio/thailand/64-kayan-lahwi-woman-portrait-chiang-rai-thailand"
"thailand","thailand","tha-65","Chiang Rai, Thailand","2025-04-19","Young Kayan Long-Neck girl smiling, wearing brass neck rings, floral headpiece, traditional dress in Chiang Rai, Thailand.","Chiang Rai · a radiant Kayan spirit","A young Kayan girl sits on the earthy ground, her gentle smile inviting viewers. She wears traditional brass neck coils, a vibrant floral headpiece, and a patterned skirt. White ceremonial paste adorns her cheeks, highlighting her bright eyes. Warm, natural light illuminates her traditional red and white attire, creating an intimate portrait of cultural heritage in northern Thailand.","Apple","iPhone 13 Pro","iPhone 13 Pro back dual camera 9mm f/2.8","9.0 mm","77 mm","2.8","1/120","200","Program AE","Multi-segment","Auto","Off, Did not fire","2025:04:19 18:00:19","20 deg 1' 11.49"" N","99 deg 53' 27.68"" E","3024","4032","https://res.cloudinary.com/do9hrcwn1/image/upload/c_limit,f_auto,q_auto,w_1200/v1/sammapix/portfolio/thailand/65-kayan-long-neck-girl-portrait-chiang-rai-thailand"
"thailand","thailand","tha-66","Chiang Rai, Thailand","2025-04-19","Kayan long-neck woman, Chiang Rai, Thailand. Smiling, adorned with brass neck coils, vibrant headpiece, silver bangles, white traditional dress.","Chiang Rai · a vibrant Kayan cultural portrait","A Kayan woman from Chiang Rai, Thailand, sits within a traditional bamboo dwelling. She wears numerous brass neck coils, a vibrant, multi-colored headpiece, and a white embroidered blouse. Her gentle smile and direct gaze convey a sense of calm resilience. Soft, warm light illuminates her face, highlighting the traditional face markings. Behind her, intricately patterned textiles hang, showcasing local craftsmanship. The scene captures the rich cultural heritage and quiet dignity of the Kayan people.","Apple","iPhone 13 Pro","iPhone 13 Pro back dual camera 9mm f/2.8","9.0 mm","77 mm","2.8","1/40","400","Program AE","Multi-segment","Auto","Off, Did not fire","2025:04:19 18:02:30","20 deg 1' 10.77"" N","99 deg 53' 27.21"" E","3024","4032","https://res.cloudinary.com/do9hrcwn1/image/upload/c_limit,f_auto,q_auto,w_1200/v1/sammapix/portfolio/thailand/66-kayan-long-neck-woman-chiang-rai-thailand-portrait"
"thailand","thailand","tha-67","Chiang Rai, Thailand","2025-04-19","Kayan Long Neck woman portrait in traditional attire, adorned with brass neck coils and bracelets, Chiang Rai, Thailand.","Chiang Rai · Golden coils, serene gaze","A dignified Kayan Long Neck woman sits in a soft, warm light, her prominent brass neck coils and arm bracelets gleaming. She wears a traditional white embroidered tunic and a vibrant yellow and pink headscarf. The background features blurred, colorful textiles and intricately carved wooden figures, suggesting a local market or artisanal setting. This portrait captures a tranquil moment, highlighting rich cultural heritage in northern Thailand.","Apple","iPhone 13 Pro","iPhone 13 Pro back dual camera 9mm f/2.8","9.0 mm","77 mm","2.8","1/40","320","Program AE","Multi-segment","Auto","Off, Did not fire","2025:04:19 18:02:52","20 deg 1' 10.89"" N","99 deg 53' 27.57"" E","3024","4032","https://res.cloudinary.com/do9hrcwn1/image/upload/c_limit,f_auto,q_auto,w_1200/v1/sammapix/portfolio/thailand/67-kayan-long-neck-woman-portrait-chiang-rai-thailand"
"thailand","thailand","tha-68","Chicken Island (Koh Kai), Krabi, Thailand","2025-04-21","Chicken Island (Koh Kai), Krabi, Thailand. Limestone karst with lush tropical foliage, turquoise Andaman Sea, clear blue sky.","Krabi · Andaman's sculpted avian island","A majestic limestone karst, known as Chicken Island, rises from the vibrant turquoise Andaman Sea. Lush green tropical vegetation clings to rugged cliffs, contrasting with dramatic grey rock formations. A clear blue sky, dotted with soft white clouds, bathes the scene in brilliant sunlight, highlighting the island's unique avian-shaped pinnacle. This iconic natural wonder embodies the breathtaking beauty of Thailand's southern coast, a pristine marine landscape.","Apple","iPhone 13 Pro","iPhone 13 Pro back dual camera 9mm f/2.8","9.0 mm","77 mm","2.8","1/750","32","Program AE","Multi-segment","Auto","Off, Did not fire","2025:04:21 14:56:08","7 deg 56' 42.09"" N","98 deg 48' 15.28"" E","3024","4032","https://res.cloudinary.com/do9hrcwn1/image/upload/c_limit,f_auto,q_auto,w_1200/v1/sammapix/portfolio/thailand/68-chicken-island-koh-kai-krabi-thailand-andaman-sea"
"thailand","thailand","tha-69","Krabi, Thailand","2025-04-21","Close-up of a weathered golden Buddha statue, adorned with colorful offerings, bathed in warm light against a soft blue sky in Krabi, Thailand.","Krabi · Golden serenity, timeless devotion","A majestic golden Buddha statue stands illuminated by warm, ethereal light in Krabi, Thailand. Its serene expression offers a sense of peace, while intricate prayer beads adorn its raised hand, signifying devotion. The weathered gold finish reveals a rich history, contrasting softly against a tranquil, blurred blue sky. This sacred image embodies spiritual calm amidst Thailand's vibrant landscapes.","Apple","iPhone 13 Pro","iPhone 13 Pro back dual camera 9mm f/2.8","9.0 mm","77 mm","2.8","1/500","32","Program AE","Multi-segment","Auto","Off, Did not fire","2025:04:21 17:26:54","8 deg 7' 34.52"" N","98 deg 55' 21.94"" E","3024","4032","https://res.cloudinary.com/do9hrcwn1/image/upload/c_limit,f_auto,q_auto,w_1200/v1/sammapix/portfolio/thailand/69-golden-buddha-statue-offerings-krabi-thailand"
"thailand","thailand","tha-70","Thailand","2025-04-22","Close-up of a weathered longtail boat engine, complex machinery with belts and pipes, against blurred turquoise water and green cliffs in Thailand.","Thailand · heart of island journeys","A robust longtail boat engine dominates the frame, showcasing its intricate, well-worn mechanics. Rust and grime cling to the metal, testament to countless journeys across Thai waters. Below, vibrant turquoise sea shimmers, reflecting tropical light. Lush green foliage forms a soft backdrop, hinting at the stunning natural landscapes explored by these traditional vessels. The power unit hums, a vital heart for island adventures.","Apple","iPhone 13 Pro","iPhone 13 Pro back dual camera 9mm f/2.8","9.0 mm","77 mm","2.8","1/120","80","Program AE","Multi-segment","Auto","Off, Did not fire","2025:04:22 09:07:13","8 deg 4' 44.78"" N","98 deg 40' 40.26"" E","3024","4032","https://res.cloudinary.com/do9hrcwn1/image/upload/c_limit,f_auto,q_auto,w_1200/v1/sammapix/portfolio/thailand/70-thailand-longtail-boat-engine-tropical-waters-travel"
"thailand","thailand","tha-71","Krabi, Thailand","2025-04-22","Thai longtail boat driver steering vessel amidst tropical limestone karsts, emerald water, Krabi, Thailand.","Thailand · Navigator guides emerald island seas","A seasoned Thai longtail boat driver navigates emerald waters, his gaze steady on the horizon. The traditional boat, adorned with colorful ropes and simple mechanics, moves past majestic limestone karsts. Lush tropical foliage clings to the towering rock formations, reflecting soft, filtered sunlight. This authentic scene captures the essence of coastal life in Thailand, blending local culture with breathtaking natural beauty.","Apple","iPhone 13 Pro","iPhone 13 Pro back dual camera 9mm f/2.8","9.0 mm","77 mm","2.8","1/120","64","Program AE","Spot","Auto","Off, Did not fire","2025:04:22 09:08:53","8 deg 4' 44.46"" N","98 deg 40' 40.75"" E","2766","3688","https://res.cloudinary.com/do9hrcwn1/image/upload/c_limit,f_auto,q_auto,w_1200/v1/sammapix/portfolio/thailand/71-thailand-krabi-longtail-boat-driver-karsts-sea-journey"
"thailand","thailand","tha-72","Krabi, Thailand","2025-04-22","Aerial view of a crescent tropical beach with turquoise water, white sand, and lush jungle, people swimming, Krabi, Thailand.","Krabi · jungle's edge, turquoise dream","An elevated perspective captures a pristine crescent beach in Krabi, Thailand. Brilliant sunlight illuminates the clear, shallow turquoise waters where swimmers play. Golden sand shores are dotted with sunbathers and beachgoers, shaded by the vibrant, dense tropical jungle that frames the coastline. The atmosphere is serene and inviting, highlighting Thailand's renowned natural beauty and idyllic island charm.","Apple","iPhone 13 Pro","iPhone 13 Pro back triple camera 9mm f/2.8","9.0 mm","77 mm","2.8","1/950","32","Program AE","Multi-segment","Auto","Off, Did not fire","2025:04:22 12:06:25","8 deg 4' 45.48"" N","98 deg 40' 55.91"" E","3024","4032","https://res.cloudinary.com/do9hrcwn1/image/upload/c_limit,f_auto,q_auto,w_1200/v1/sammapix/portfolio/thailand/72-krabi-thailand-tropical-beach-aerial-turquoise-water-jungle"
"thailand","thailand","tha-73","Krabi, Thailand","2025-04-22","Krabi, Thailand limestone karsts dotting emerald sea, framing tropical islands vista from viewpoint with a white speed boat.","Krabi · turquoise sea, ancient karsts","Lush green foliage frames a breathtaking vista of Krabi, Thailand's iconic limestone karsts rising majestically from the deep blue Andaman Sea. A lone speed boat leaves a white wake across the vibrant, rippling water under a brilliant blue sky with scattered clouds. The scene exudes a serene, tropical atmosphere, highlighting the region's dramatic natural beauty and inviting exploration of its island-studded seascape.","Apple","iPhone 13 Pro","iPhone 13 Pro back triple camera 5.7mm f/1.5","5.7 mm","26 mm","1.5","1/4000","50","Program AE","Multi-segment","Auto","Off, Did not fire","2025:04:22 12:09:54","8 deg 4' 46.24"" N","98 deg 40' 57.26"" E","3024","4032","https://res.cloudinary.com/do9hrcwn1/image/upload/c_limit,f_auto,q_auto,w_1200/v1/sammapix/portfolio/thailand/73-krabi-thailand-limestone-islands-ocean-view-boat"
"thailand","thailand","tha-74","Chalong, Thailand","2025-04-23","Woman applies gold leaf to a seated Buddha statue, draped in orange cloth, within a Buddhist temple in Chalong, Thailand.","Chalong · a golden act of devotion","A serene moment unfolds as a worshipper meticulously applies gold leaf to a majestic, seated Buddha statue in a temple in Chalong, Thailand. The statue, adorned with shimmering gold flakes and vibrant orange robes, embodies spiritual devotion. Soft light illuminates the intricate textures of the gold, highlighting a timeless Buddhist ritual. Other gilded figures stand in the background, witnessing this act of reverence.","Apple","iPhone 13 Pro","iPhone 13 Pro back dual camera 9mm f/2.8","9.0 mm","77 mm","2.8","1/75","250","Program AE","Multi-segment","Auto","Off, Did not fire","2025:04:23 16:25:24","7 deg 50' 48.54"" N","98 deg 20' 12.64"" E","3024","4032","https://res.cloudinary.com/do9hrcwn1/image/upload/c_limit,f_auto,q_auto,w_1200/v1/sammapix/portfolio/thailand/74-chalong-thailand-buddhist-temple-gold-leaf-buddha-ritual"
"thailand","thailand","tha-75","Phuket City, Thailand","2025-04-23","Turquoise Sino-Portuguese building in Phuket Old Town, Thailand, at a street corner with motorbikes passing by under overcast sky.","Phuket Old Town · vibrant tropical heritage","A striking turquoise Sino-Portuguese building anchors a lively street corner in Phuket Old Town, Thailand. Its ornate white trim, arched windows, and decorative balconies create a vibrant facade. Under an overcast sky, soft light illuminates the architectural details as motorbikes navigate the crosswalk. The scene captures the unique blend of historic charm and daily life, showcasing the city's rich cultural tapestry and tropical atmosphere. Scaffolding on the right indicates ongoing preservation, adding to the dynamic urban landscape.","Apple","iPhone 13 Pro","iPhone 13 Pro back dual wide camera 5.7mm f/1.5","5.7 mm","26 mm","1.5","1/950","50","Program AE","Multi-segment","Auto","Off, Did not fire","2025:04:23 17:31:11","7 deg 53' 10.40"" N","98 deg 23' 15.70"" E","2816","3754","https://res.cloudinary.com/do9hrcwn1/image/upload/c_limit,f_auto,q_auto,w_1200/v1/sammapix/portfolio/thailand/75-phuket-old-town-turquoise-sino-portuguese-building-thailand"
"thailand","thailand","tha-76","Phuket City Municipality, Thailand","2025-04-24","Intricate grey stone guardian statue with sword, fierce expression, wearing a crown at a Chinese temple in Phuket, Thailand. Red lantern blurred.","Phuket · Stone guardian's ancient watch","A magnificent grey stone guardian statue stands sentinel, its fierce, bearded face and intricate armor commanding attention. Details of a majestic crown and a powerful sword are finely carved, showcasing traditional artistry. The weathered texture of the stone contrasts with the soft, blurred red hues of a Chinese temple interior, where a golden-lettered lantern adds a splash of vibrant cultural context. This imposing figure embodies protection, silently watching over a sacred space in Phuket, Thailand.","Apple","iPhone 13 Pro","iPhone 13 Pro back dual camera 9mm f/2.8","9.0 mm","77 mm","2.8","1/120","40","Program AE","Multi-segment","Auto","Off, Did not fire","2025:04:24 09:46:45","7 deg 52' 59.34"" N","98 deg 22' 59.61"" E","3024","4032","https://res.cloudinary.com/do9hrcwn1/image/upload/c_limit,f_auto,q_auto,w_1200/v1/sammapix/portfolio/thailand/76-phuket-chinese-temple-guardian-stone-statue-thailand"
"thailand","thailand","tha-77","Bangkok, Thailand","2025-04-28","Ornate traditional Chinese temple style door with colorful guardian gods, golden details, and red calligraphic banners in Bangkok.","Bangkok · Intricate guardians, a vibrant welcome","This captivating image reveals an intricately painted traditional door in Bangkok, Thailand, adorned with powerful, colorful guardian figures. Golden accents shimmer amidst the vibrant blues, greens, and reds, creating a majestic tableau. Auspicious red banners with golden calligraphy frame the entrance, invoking blessings and protection. The texture of the stone wall contrasts with the vivid artistry, highlighting a rich cultural heritage preserved in the bustling city.","Apple","iPhone 13 Pro","iPhone 13 Pro back triple camera 5.7mm f/1.5","5.7 mm","26 mm","1.5","1/120","64","Program AE","Multi-segment","Auto","Off, Did not fire","2025:04:28 17:59:39","13 deg 44' 40.39"" N","100 deg 30' 38.70"" E","2712","3616","https://res.cloudinary.com/do9hrcwn1/image/upload/c_limit,f_auto,q_auto,w_1200/v1/sammapix/portfolio/thailand/77-bangkok-traditional-chinese-door-guardian-gods-vibrant"
"thailand","thailand","tha-78","Bangkok, Thailand","2025-05-04","Bangkok artisan, a woman in an AC Milan jersey, hammering a metal bowl in a humble workshop. Blue tarp background, blurred fan.","Bangkok · the rhythmic heart of craft","A skilled artisan in Bangkok meticulously shapes a metal bowl, her focused expression illuminated by diffused daylight. She wears a vibrant jersey, a testament to global influences in a traditional craft setting. The constant rotation of a nearby fan provides a gentle breeze, blurring its blades. A rich blue tarp forms the backdrop, creating a humble yet dedicated workspace, reflecting the enduring spirit of local craftsmanship in Thailand.","Apple","iPhone 13 Pro","iPhone 13 Pro back dual camera 9mm f/2.8","9.0 mm","77 mm","2.8","1/70","250","Program AE","Multi-segment","Auto","Off, Did not fire","2025:05:04 12:30:24","13 deg 45' 3.86"" N","100 deg 30' 19.42"" E","3024","4032","https://res.cloudinary.com/do9hrcwn1/image/upload/c_limit,f_auto,q_auto,w_1200/v1/sammapix/portfolio/thailand/78-bangkok-thailand-artisan-woman-metalworker-craft-workshop"
"thailand","thailand","tha-79","Bangkok, Thailand","2025-05-04","Elderly Thai man with white hair, mustache, holds a metal alms bowl in Bangkok. Vibrant street portrait, cultural scene.","Bangkok · quiet spirit, shared humanity","An elderly Thai man, his kind, weathered face gently illuminated by soft natural light, holds a gleaming metal alms bowl. His white hair and mustache create a striking contrast with his cheerful, light green t-shirt featuring whimsical cartoons. The background, softly blurred, hints at the vibrant urban tapestry of Bangkok, possibly a bustling street or market. This evocative portrait captures a moment of quiet dignity and enduring cultural tradition in Thailand's dynamic capital.","Apple","iPhone 13 Pro","iPhone 13 Pro back dual camera 9mm f/2.8","9.0 mm","77 mm","2.8","1/120","250","Program AE","Multi-segment","Auto","Off, Did not fire","2025:05:04 12:42:15","13 deg 45' 3.61"" N","100 deg 30' 20.76"" E","3024","4032","https://res.cloudinary.com/do9hrcwn1/image/upload/c_limit,f_auto,q_auto,w_1200/v1/sammapix/portfolio/thailand/79-bangkok-elderly-man-alms-bowl-thailand-street-portrait"
"thailand","thailand","tha-80","Bangkok, Thailand","2025-05-04","Traditional red Thai spirit house (San Phra Phum) with orange flower garlands nestled among lush tropical foliage in Bangkok, Thailand.","Bangkok · sacred red shrine, tropical serenity","A vibrant red traditional Thai spirit house, or San Phra Phum, emerges from dense tropical foliage. Lush green leaves, including large banana plants and ferns, frame the ornate structure. Bright orange marigold garlands, sacred offerings, adorn its front. Soft, diffused light illuminates the scene, highlighting intricate details and creating a serene, reverent atmosphere. This tranquil sanctuary reflects Thailand's deep spiritual traditions, a hidden gem within bustling Bangkok.","Apple","iPhone 13 Pro","iPhone 13 Pro back dual camera 9mm f/2.8","9.0 mm","77 mm","2.8","1/40","200","Program AE","Spot","Auto","Off, Did not fire","2025:05:04 14:59:59","13 deg 44' 57.62"" N","100 deg 31' 41.90"" E","3024","4032","https://res.cloudinary.com/do9hrcwn1/image/upload/c_limit,f_auto,q_auto,w_1200/v1/sammapix/portfolio/thailand/80-bangkok-thai-spirit-house-offerings-tropical-foliage"
"thailand","thailand","tha-81","River City Bangkok, Bangkok, Thailand","2025-05-07","Overhead view of Mango Art Festival 2025 at River City Bangkok, art stalls, crowds, whale sculptures, checkered floor.","Bangkok · a tapestry of urban art","An expansive overhead view captures the vibrant Mango Art Festival at River City Bangkok. Numerous small art stalls, illuminated by warm lights, showcase a diverse range of contemporary art. Visitors mill about, browsing paintings, prints, and sculptures. Above, intricate, metallic whale-like installations float elegantly, complementing the creative energy. A checkered floor guides the flow of the lively crowd, celebrating Bangkok's dynamic art scene.","Apple","iPhone 13 Pro","iPhone 13 Pro back dual camera 9mm f/2.8","9.0 mm","77 mm","2.8","1/35","200","Program AE","Multi-segment","Auto","Off, Did not fire","2025:05:07 15:49:07","13 deg 43' 48.34"" N","100 deg 30' 48.59"" E","3024","4032","https://res.cloudinary.com/do9hrcwn1/image/upload/c_limit,f_auto,q_auto,w_1200/v1/sammapix/portfolio/thailand/81-bangkok-mango-art-festival-river-city-exhibition"
"thailand","thailand","tha-82","Bangkok, Thailand","2025-05-09","Elderly Bangkok street food vendor in goggles, blue gloves, and apron expertly stir-frying in a wok over open flame, Thailand.","Bangkok · fiery craft, culinary artistry","An experienced street food vendor, wearing protective goggles and blue gloves, masterfully stir-fries ingredients in a fiery wok. The intense heat of the flame illuminates the cooking process, capturing the vibrant energy of Bangkok's renowned street food scene. Steam rises, hinting at aromatic flavors. A large fan on the wall circulates air, adding to the dynamic kitchen atmosphere, a testament to culinary dedication in Thailand.","Apple","iPhone 13 Pro","iPhone 13 Pro back dual camera 9mm f/2.8","9.0 mm","77 mm","2.8","1/40","320","Program AE","Spot","Auto","Off, Did not fire","2025:05:09 12:30:54","13 deg 45' 8.98"" N","100 deg 30' 16.73"" E","3024","4032","https://res.cloudinary.com/do9hrcwn1/image/upload/c_limit,f_auto,q_auto,w_1200/v1/sammapix/portfolio/thailand/82-bangkok-street-food-vendor-wok-cooking-thailand"
"bali","bali","bal-01","Beraban, Bali, Indonesia","2025-03-30","Balinese stone guardian statue (Dwarapala) with intricate carvings at a temple in Beraban, Kediri, Indonesia, under soft light.","Beraban, Kediri · ancient stone guardian's gaze","A weathered stone guardian statue, possibly a Dwarapala, stands sentry at a traditional Balinese temple in Beraban. Its intricate carvings depict a fierce, toothy visage and powerful stance, holding a club. The ancient craftsmanship is highlighted by soft, diffused daylight, contrasting with the vibrant terracotta-tiled roof and decorative elements in the blurred background. This evokes Bali's spiritual heritage.","Apple","iPhone 13 Pro","iPhone 13 Pro back dual camera 9mm f/2.8","9.0 mm","77 mm","2.8","1/120","50","Program AE","Multi-segment","Auto","Off, Did not fire","2025:03:30 15:26:43","8 deg 37' 3.05"" S","115 deg 5' 20.14"" E","2985","3980","https://res.cloudinary.com/do9hrcwn1/image/upload/c_limit,f_auto,q_auto,w_1200/v1/sammapix/portfolio/bali/01-balinese-stone-guardian-statue-temple-beraban-kediri-indonesia"
"bali","bali","bal-02","Bali, Indonesia","2025-03-30","Elderly Balinese man in white udeng and sarong sits on ancient rocky structure by ocean, moody sky, Bali, Indonesia.","Bali · Elder's serene gaze upon the ocean","An elderly Balinese man, adorned in a traditional white udeng and patterned sarong, sits contemplatively on an ancient, weathered rock formation by the ocean. Dark, brooding clouds hang low over the turbulent sea, creating a dramatic and introspective atmosphere. His serene gaze extends towards the horizon, reflecting a deep connection to the island's spiritual coastal landscape. This moment captures the quiet dignity of Balinese life amidst nature's raw beauty.","Apple","iPhone 13 Pro","iPhone 13 Pro back dual camera 9mm f/2.8","9.0 mm","77 mm","2.8","1/320","32","Program AE","Multi-segment","Auto","Off, Did not fire","2025:03:30 15:39:32","8 deg 37' 16.22"" S","115 deg 5' 13.30"" E","2758","3677","https://res.cloudinary.com/do9hrcwn1/image/upload/c_limit,f_auto,q_auto,w_1200/v1/sammapix/portfolio/bali/02-balinese-man-udeng-sarong-coastal-rock-bali-indonesia"
"bali","bali","bal-03","Mengwi, Bali, Indonesia","2025-03-30","Pura Taman Ayun, Mengwi, Bali. Moss-covered stone wall, serene water garden with lily pads, traditional Balinese thatched pavilions under moody sky.","Mengwi · ancient temple under moody skies","A moss-covered stone wall guides the eye through the sacred grounds of Pura Taman Ayun in Mengwi, Bali. Traditional Balinese pavilions with gracefully thatched roofs rise behind tranquil water gardens, adorned with vibrant lily pads and lush foliage. A dramatic, cloudy sky casts a soft, diffused light, enhancing the temple's serene and historic ambiance. Stone meru towers punctuate the verdant landscape.","Apple","iPhone 13 Pro","iPhone 13 Pro back triple camera 5.7mm f/1.5","5.7 mm","26 mm","1.5","1/450","50","Program AE","Multi-segment","Auto","Off, Did not fire","2025:03:30 16:57:38","8 deg 32' 32.01"" S","115 deg 10' 20.34"" E","3024","4032","https://res.cloudinary.com/do9hrcwn1/image/upload/c_limit,f_auto,q_auto,w_1200/v1/sammapix/portfolio/bali/03-pura-taman-ayun-temple-mengwi-bali-water-garden-clouds"
"bali","bali","bal-04","Mengwi, Bali, Indonesia","2025-03-30","Pura Taman Ayun, Mengwi, Bali. Majestic traditional Balinese meru towers with thatched roofs under an overcast sky, intricate carvings.","Pura Taman Ayun · ancient echoes under grey skies","Towering meru shrines with multi-tiered thatched roofs dominate the frame at Pura Taman Ayun, Mengwi, Bali. Intricate stone carvings adorn the temple's base, hinting at ancient craftsmanship. Under a dramatically overcast sky, diffused light bathes the sacred complex, emphasizing its timeless tranquility. Lush green foliage frames the scene, adding depth to this iconic spiritual landmark. A serene moment of Balinese heritage.","Apple","iPhone 13 Pro","iPhone 13 Pro back triple camera 5.7mm f/1.5","5.7 mm","26 mm","1.5","1/800","50","Program AE","Multi-segment","Auto","Off, Did not fire","2025:03:30 17:00:12","8 deg 32' 29.31"" S","115 deg 10' 20.97"" E","2607","3476","https://res.cloudinary.com/do9hrcwn1/image/upload/c_limit,f_auto,q_auto,w_1200/v1/sammapix/portfolio/bali/04-pura-taman-ayun-bali-mengwi-meru-temple-overcast"
"bali","bali","bal-05","Mengwi, Bali, Indonesia","2025-03-30","Pura Taman Ayun temple in Mengwi, Bali under an overcast sky, with multi-tiered meru towers, traditional structures, and a serene lotus pond.","Pura Taman Ayun · Bali's tranquil royal water temple","Under an overcast sky, Pura Taman Ayun's majestic meru towers pierce the serene Balinese landscape. Traditional thatched roofs and weathered stone structures stand beside a tranquil lotus pond, its surface dotted with lush pads. Moss-covered stone walls, rich with history, guide the eye towards the sacred, ancient architecture of this historic royal water temple in Mengwi.","Apple","iPhone 13 Pro","iPhone 13 Pro back triple camera 5.7mm f/1.5","5.7 mm","26 mm","1.5","1/380","50","Program AE","Multi-segment","Auto","Off, Did not fire","2025:03:30 17:01:36","8 deg 32' 29.98"" S","115 deg 10' 21.96"" E","3024","4032","https://res.cloudinary.com/do9hrcwn1/image/upload/c_limit,f_auto,q_auto,w_1200/v1/sammapix/portfolio/bali/05-pura-taman-ayun-royal-water-temple-mengwi-bali-indonesia"
"bali","bali","bal-06","Mengwi, Bali, Indonesia","2025-03-30","Ornate Balinese goddess statue with gold crown, blue robe, holding rice sheaf & bowl, against thatched roof & trees in Mengwi, Bali, Indonesia.","Mengwi · ancient goddess, golden grace, tranquil Bali spirit","A magnificent Balinese goddess statue stands tall, adorned with an elaborate gold crown and intricate, swirling patterns across her serene blue robe. She gracefully holds a sheaf of rice and an offering bowl, embodying fertility and prosperity. Soft, diffused light highlights the delicate craftsmanship. Behind her, a traditional thatched roof structure nestles among lush green foliage under a gentle, overcast sky, evoking a tranquil spiritual presence in Mengwi, Bali.","Apple","iPhone 13 Pro","iPhone 13 Pro back dual camera 9mm f/2.8","9.0 mm","77 mm","2.8","1/120","125","Program AE","Multi-segment","Auto","Off, Did not fire","2025:03:30 17:04:54","8 deg 32' 32.74"" S","115 deg 10' 22.38"" E","2818","3757","https://res.cloudinary.com/do9hrcwn1/image/upload/c_limit,f_auto,q_auto,w_1200/v1/sammapix/portfolio/bali/06-mengwi-balinese-goddess-statue-gold-crown-bali-indonesia"
"bali","bali","bal-07","Ubud, Bali, Indonesia","2025-03-31","Moss-covered Balinese stone statue of mythical figure surrounded by monkeys in Ubud Monkey Forest, Bali, Indonesia jungle.","Ubud · ancient stone spirits emerge from moss","A venerable stone guardian, deeply carved and covered in vibrant green moss, stands amidst the lush jungle of Ubud, Bali. Intricate details portray a mythical figure, its wide mouth agape, surrounded by clinging monkey sculptures. Dappled sunlight filters through the dense canopy, illuminating the ancient rock. This atmospheric scene evokes Bali's spiritual heritage and the timeless embrace of nature within sacred spaces.","Apple","iPhone 13 Pro","iPhone 13 Pro back dual camera 9mm f/2.8","9.0 mm","77 mm","2.8","1/40","200","Program AE","Multi-segment","Auto","Off, Did not fire","2025:03:31 12:10:44","8 deg 31' 8.19"" S","115 deg 15' 36.64"" E","3024","4032","https://res.cloudinary.com/do9hrcwn1/image/upload/c_limit,f_auto,q_auto,w_1200/v1/sammapix/portfolio/bali/07-ubud-monkey-forest-bali-ancient-moss-statue-stone"
"bali","bali","bal-08","Ubud, Bali, Indonesia","2025-03-31","Ubud Monkey Forest, Bali: Ancient moss-covered stone statue of laughing forest guardian with small monkeys clinging, tropical jungle.","Ubud, Bali · Mossy guardians in jungle's heart","An ancient, moss-covered stone statue dominates this vibrant jungle scene in Ubud, Bali. A robust, laughing guardian figure emerges, adorned with intricate details. Several smaller monkey figures, cloaked in vibrant emerald moss, playfully cling to its shoulders and back. Dappled sunlight filters through the dense tropical canopy, illuminating the weathered monument. Lush foliage surrounds this sacred forest art, a testament to nature's relentless embrace and timeless beauty.","Apple","iPhone 13 Pro","iPhone 13 Pro back triple camera 5.7mm f/1.5","5.7 mm","26 mm","1.5","1/120","50","Program AE","Multi-segment","Auto","Off, Did not fire","2025:03:31 12:10:55","8 deg 31' 8.39"" S","115 deg 15' 36.61"" E","1713","2284","https://res.cloudinary.com/do9hrcwn1/image/upload/c_limit,f_auto,q_auto,w_1200/v1/sammapix/portfolio/bali/08-ubud-monkey-forest-bali-moss-stone-guardian-statue"
"bali","bali","bal-09","Ubud, Bali, Indonesia","2025-03-31","Long-tailed macaque monkey eating corn on a wooden railing in Sacred Monkey Forest Sanctuary, Ubud, Bali, Indonesia.","Ubud Monkey Forest · a curious meal in the wild","A grey long-tailed macaque intently enjoys an ear of corn, perched casually on a weathered wooden and metal railing. Bright sunlight illuminates its expressive face and textured fur, creating warm highlights. Lush green tropical foliage, softly blurred, frames the scene, hinting at the vibrant Sacred Monkey Forest Sanctuary in Ubud, Bali. This candid moment captures the inherent charm and wild spirit of Indonesia's iconic primate inhabitants.","Apple","iPhone 13 Pro","iPhone 13 Pro back dual camera 9mm f/2.8","9.0 mm","77 mm","2.8","1/120","40","Program AE","Spot","Auto","Off, Did not fire","2025:03:31 12:13:31","8 deg 31' 6.67"" S","115 deg 15' 35.90"" E","2645","3527","https://res.cloudinary.com/do9hrcwn1/image/upload/c_limit,f_auto,q_auto,w_1200/v1/sammapix/portfolio/bali/09-ubud-monkey-forest-macaque-eating-corn-bali-indonesia"
"bali","bali","bal-10","Ubud, Bali, Indonesia","2025-03-31","Two long-tailed macaques grooming on a paved path at Ubud Monkey Forest, Bali, Indonesia, showcasing intimate wildlife interaction.","Ubud · forest bonds, a gentle touch","Amidst the sacred grounds of Ubud, Bali, two long-tailed macaques share a tender moment on worn paving stones. One reclines, eyes closed in contentment, as its companion meticulously grooms its fur under the dappled sunlight. This intimate scene captures the serene rhythm of wildlife within a vibrant Balinese cultural landscape, highlighting nature's quiet beauty and enduring bonds.","Apple","iPhone 13 Pro","iPhone 13 Pro back dual camera 9mm f/2.8","9.0 mm","77 mm","2.8","1/120","40","Program AE","Spot","Auto","Off, Did not fire","2025:03:31 12:21:07","8 deg 31' 5.69"" S","115 deg 15' 33.56"" E","3024","4032","https://res.cloudinary.com/do9hrcwn1/image/upload/c_limit,f_auto,q_auto,w_1200/v1/sammapix/portfolio/bali/10-ubud-monkey-forest-macaques-grooming-bali-indonesia"
"bali","bali","bal-11","Ubud, Bali, Indonesia","2025-03-31","Moss-covered stone Balinese guardian statue, Raksasa, with child figure by ornate 'CLOSED' gate, Ubud, Indonesia.","Ubud · ancient guardians, moss-kissed stone","A venerable moss-covered stone guardian statue stands sentinel at an ornate 'CLOSED' gate in Ubud, Indonesia. Intricate carvings adorn the ancient stone, now softened by vibrant green moss. A smaller figure clings to the main guardian, while delicate offerings of colorful flowers rest at its base. Lush tropical foliage frames the scene, hinting at a hidden sanctuary behind the traditional Balinese architecture, imbued with a sense of quiet reverence and timeless mystique.","Apple","iPhone 13 Pro","iPhone 13 Pro back triple camera 5.7mm f/1.5","5.7 mm","26 mm","1.5","1/90","125","Program AE","Multi-segment","Auto","Off, Did not fire","2025:03:31 12:24:14","8 deg 31' 4.77"" S","115 deg 15' 35.95"" E","3024","4032","https://res.cloudinary.com/do9hrcwn1/image/upload/c_limit,f_auto,q_auto,w_1200/v1/sammapix/portfolio/bali/11-ubud-bali-moss-guardian-statue-closed-gate-offerings"
"bali","bali","bal-12","Ubud, Bali, Indonesia","2025-03-31","Intricate moss-covered Balinese stone carvings depicting monkeys and forest scenes at a temple in Ubud, Indonesia.","Ubud · ancient stone, emerald moss whispers","Ancient Balinese stone carvings reveal intricate monkey and forest scenes, vibrant green moss clinging to dark, weathered stone. Diffused light illuminates every textural detail, highlighting the rich patina of age and humidity. This evokes the sacred, mystical atmosphere of Ubud, where nature reclaims art, whispering tales from a bygone era. A testament to enduring cultural heritage.","Apple","iPhone 13 Pro","iPhone 13 Pro back triple camera 5.7mm f/1.5","5.7 mm","26 mm","1.5","1/120","50","Program AE","Multi-segment","Auto","Off, Did not fire","2025:03:31 12:28:17","8 deg 31' 6.75"" S","115 deg 15' 29.99"" E","2444","3258","https://res.cloudinary.com/do9hrcwn1/image/upload/c_limit,f_auto,q_auto,w_1200/v1/sammapix/portfolio/bali/12-ubud-indonesia-sacred-monkey-forest-stone-carving-moss"
"bali","bali","bal-13","Ubud, Bali, Indonesia","2025-03-31","Moss-covered ancient Balinese stone guardian statue with fierce face, overgrown, cultural temple art, Ubud, Indonesia.","Ubud, Bali · Ancient guardian, jungle's embrace","An ancient Balinese stone guardian statue, densely covered in vibrant green and yellow moss, stands sentinel in Ubud. Its weathered features, carved with a fierce expression, emerge from the verdant jungle backdrop. Soft, diffused light accentuates the texture of the aged stone, creating a mystical atmosphere. This iconic figure embodies Bali's rich cultural heritage, guarding sacred spaces with timeless grace amidst tropical lushness.","Apple","iPhone 13 Pro","iPhone 13 Pro back dual camera 9mm f/2.8","9.0 mm","77 mm","2.8","1/120","250","Program AE","Multi-segment","Auto","Off, Did not fire","2025:03:31 12:29:09","8 deg 31' 6.30"" S","115 deg 15' 29.88"" E","3024","4032","https://res.cloudinary.com/do9hrcwn1/image/upload/c_limit,f_auto,q_auto,w_1200/v1/sammapix/portfolio/bali/13-ubud-bali-ancient-moss-guardian-statue-indonesia"
"bali","bali","bal-14","Ubud, Bali, Indonesia","2025-03-31","Moss-covered Rakshasa guardian and lion statues on carved temple steps in Ubud, Bali, Indonesia, lush green.","Ubud · ancient guardians whispered in moss","Verdant moss cloaks ancient Balinese stone guardians and intricate carvings within an Ubud temple. Soft, filtered light highlights the rich textures of weathered stone and lush greenery. A smiling, squatting figure and a powerful, lion-like creature stand silently, imbued with tropical humidity. This serene scene beautifully conveys the enduring spirit and sacred beauty of Bali's timeless cultural heritage.","Apple","iPhone 13 Pro","iPhone 13 Pro back triple camera 5.7mm f/1.5","5.7 mm","26 mm","1.5","1/120","80","Program AE","Multi-segment","Auto","Off, Did not fire","2025:03:31 12:32:34","8 deg 31' 7.51"" S","115 deg 15' 29.58"" E","2319","3092","https://res.cloudinary.com/do9hrcwn1/image/upload/c_limit,f_auto,q_auto,w_1200/v1/sammapix/portfolio/bali/14-ubud-bali-ancient-temple-moss-stone-guardian-statues"
"bali","bali","bal-15","Ubud, Bali, Indonesia","2025-03-31","Balinese temple in Ubud, Indonesia. Ancient frangipani tree in stone planter, red tiled roof, traditional architecture, serene courtyard.","Ubud · tranquil Balinese temple under ancient tree","A serene Balinese temple complex in Ubud unfolds under soft tropical light. Ornate red-tiled roofs crown traditional pavilions, showcasing intricate wooden carvings. An ancient, gnarled frangipani tree stands central, casting dappled shadows across the moss-kissed stone courtyard. Lush green foliage frames the scene, emphasizing the timeless tranquility and spiritual essence of this sacred Indonesian site.","Apple","iPhone 13 Pro","iPhone 13 Pro back triple camera 5.7mm f/1.5","5.7 mm","26 mm","1.5","1/1600","50","Program AE","Multi-segment","Auto","Off, Did not fire","2025:03:31 12:34:08","8 deg 31' 7.89"" S","115 deg 15' 30.16"" E","3024","4032","https://res.cloudinary.com/do9hrcwn1/image/upload/c_limit,f_auto,q_auto,w_1200/v1/sammapix/portfolio/bali/15-ubud-bali-temple-frangipani-tree-courtyard-indonesia"
"bali","bali","bal-16","Ubud, Bali, Indonesia","2025-03-31","Ancient moss-covered Balinese stone dragon statue in Ubud Monkey Forest, Indonesia, intricate jungle carving, mystical guardian","Ubud Monkey Forest · ancient stone guardian awakened by jungle","An ancient stone dragon statue emerges from the lush Balinese jungle in Ubud. Intricate carvings, now softened by time and a vibrant coat of green moss, detail its fierce, open maw and watchful eyes. Diffused light filters through the dense canopy, illuminating the weathered volcanic rock. This mystical guardian stands sentinel amidst creeping roots, embodying Bali's spiritual connection to nature and heritage.","Apple","iPhone 13 Pro","iPhone 13 Pro back dual camera 9mm f/2.8","9.0 mm","77 mm","2.8","1/20","500","Program AE","Multi-segment","Auto","Off, Did not fire","2025:03:31 12:47:58","8 deg 31' 4.30"" S","115 deg 15' 31.61"" E","3024","4032","https://res.cloudinary.com/do9hrcwn1/image/upload/c_limit,f_auto,q_auto,w_1200/v1/sammapix/portfolio/bali/16-ubud-monkey-forest-balinese-dragon-statue-jungle-moss"
"bali","bali","bal-17","Ubud, Bali, Indonesia","2025-03-31","Long-tailed macaque monkey eating corn, surrounded by other macaques, Sacred Monkey Forest, Ubud, Bali, Indonesia.","Ubud Monkey Forest · tropical feast for wild macaques","A long-tailed macaque monkey sits attentively, enjoying a piece of corn on a dark stone path. Scattered yellow corn kernels brighten the foreground, creating a vibrant contrast. In the blurred, lush green background, other macaques also partake in the abundant feast. The scene captures a tranquil moment within the Sacred Monkey Forest in Ubud, Bali, showcasing the lively wildlife in their natural habitat under diffused jungle light.","Apple","iPhone 13 Pro","iPhone 13 Pro back dual camera 9mm f/2.8","9.0 mm","77 mm","2.8","1/120","80","Program AE","Multi-segment","Auto","Off, Did not fire","2025:03:31 12:49:48","8 deg 31' 5.17"" S","115 deg 15' 32.71"" E","2762","3683","https://res.cloudinary.com/do9hrcwn1/image/upload/c_limit,f_auto,q_auto,w_1200/v1/sammapix/portfolio/bali/17-ubud-monkey-forest-macaque-eating-corn-bali-indonesia"
"bali","bali","bal-18","Ungasan, Bali, Indonesia","2025-04-04","Massive bronze Garuda Wisnu Kencana statue against vibrant blue sky, GWK Cultural Park, Ungasan, Bali, Indonesia.","Garuda Wisnu Kencana · monumental deity against vivid sky","The colossal Garuda Wisnu Kencana statue, a marvel of Balinese artistry, pierces the brilliant blue tropical sky. Its intricate verdigris-patinated bronze depicts Lord Vishnu atop the mythical Garuda, an emblem of Indonesian mythology. Sunlight dramatically highlights the epic scale and exquisite detailing, from the deity's golden crown to Garuda's powerful wings. This monumental symbol of faith and national pride stands majestically at Ungasan, Bali, commanding reverence.","Apple","iPhone 13 Pro","iPhone 13 Pro back triple camera 5.7mm f/1.5","5.7 mm","45 mm","1.5","1/3200","50","Program AE","Multi-segment","Auto","Off, Did not fire","2025:04:04 11:46:32","8 deg 48' 47.83"" S","115 deg 10' 0.49"" E","2916","3888","https://res.cloudinary.com/do9hrcwn1/image/upload/c_limit,f_auto,q_auto,w_1200/v1/sammapix/portfolio/bali/18-garuda-wisnu-kencana-statue-ungasan-bali-indonesia-sky"
"bali","bali","bal-19","Ungasan, Bali, Indonesia","2025-04-04","Towering Garuda Wisnu Kencana statue in Bali, Indonesia, featuring intricate stone carvings under a vibrant blue sky. A mother and child walk on green grass.","Garuda Wisnu Kencana · majestic guardian under Bali's sky","The colossal head and upper body of the Garuda Wisnu Kencana statue dominates the Balinese landscape. Sunlight bathes its intricate stone carvings, highlighting the mythical bird's powerful form against a brilliant blue sky dotted with soft clouds. Below, a mother and child stroll across lush green lawns, emphasizing the monument's breathtaking scale. This iconic cultural landmark in Ungasan, Bali, evokes a sense of awe and spiritual grandeur.","Apple","iPhone 13 Pro","iPhone 13 Pro back triple camera 5.7mm f/1.5","5.7 mm","26 mm","1.5","1/2500","50","Program AE","Multi-segment","Auto","Off, Did not fire","2025:04:04 11:59:49","8 deg 48' 36.55"" S","115 deg 10' 5.15"" E","2984","3979","https://res.cloudinary.com/do9hrcwn1/image/upload/c_limit,f_auto,q_auto,w_1200/v1/sammapix/portfolio/bali/19-garuda-wisnu-kencana-gwk-statue-bali-indonesia-cultural-park"
"bali","bali","bal-20","Ungasan, Bali, Indonesia","2025-04-04","Close-up of the serene face of Vishnu at Garuda Wisnu Kencana Cultural Park, Ungasan, Bali. Monumental bronze statue, blue sky.","Garuda Wisnu Kencana · Vishnu's serene gaze in Bali","A monumental bronze statue of Vishnu dominates the frame, its serene face gazing peacefully. Intricate details adorn the deity's crown and features, hinting at profound Balinese artistry. The statue's verdant patina contrasts dramatically with the vibrant cerulean sky, dotted with soft clouds. This iconic Balinese landmark at Ungasan embodies spiritual grandeur and artistic magnificence under the tropical sun.","Apple","iPhone 13 Pro","iPhone 13 Pro back dual camera 9mm f/2.8","9.0 mm","77 mm","2.8","1/250","25","Program AE","Multi-segment","Auto","Off, Did not fire","2025:04:04 12:04:59","8 deg 48' 34.75"" S","115 deg 10' 5.87"" E","2954","3939","https://res.cloudinary.com/do9hrcwn1/image/upload/c_limit,f_auto,q_auto,w_1200/v1/sammapix/portfolio/bali/20-garuda-wisnu-kencana-vishnu-statue-face-bali-indonesia"
"bali","bali","bal-21","Pecatu, Bali, Indonesia","2025-04-04","Stone temple gate, Pecatu, Bali. Intricate dark volcanic stone steps lead to a white metal gate with Hindu swastika symbols. Blue sky.","Pecatu · sacred stone gate to spirituality","Sunlight bathes an ancient Balinese temple gate in Pecatu, highlighting its weathered dark volcanic stone. Steps ascend to a white metal entrance, adorned with traditional Hindu swastika symbols. Beyond, vibrant orange fabrics hint at sacred shrines, inviting spiritual reflection. The sturdy stone architecture, framed by a brilliant blue sky, evokes a timeless sense of reverence and cultural heritage in Bali's serene landscape.","Apple","iPhone 13 Pro","iPhone 13 Pro back triple camera 5.7mm f/1.5","5.7 mm","26 mm","1.5","1/3000","50","Program AE","Multi-segment","Auto","Off, Did not fire","2025:04:04 13:14:37","8 deg 49' 45.86"" S","115 deg 5' 4.79"" E","2821","3761","https://res.cloudinary.com/do9hrcwn1/image/upload/c_limit,f_auto,q_auto,w_1200/v1/sammapix/portfolio/bali/21-pecatu-bali-hindu-temple-gate-stone-steps-swastika"
"bali","bali","bal-22","Pecatu, Bali, Indonesia","2025-04-04","Uluwatu Cliffs, Pecatu, Bali, Indonesia. Dramatic coastal road, turquoise ocean, white waves, lush green cliffside, blue sky.","Uluwatu · turquoise waters hug emerald cliffs","A breathtaking vista unfolds over the majestic Uluwatu Cliffs in Pecatu, Bali. The vibrant turquoise ocean, kissed by frothy white waves, dramatically meets the lush, emerald green cliff face. A narrow, curving dirt path, protected by a rock barrier, hugs the base of the towering rock, offering a sense of scale and adventure. Above, a serene blue sky dotted with soft white clouds completes this picturesque Indonesian seascape, inviting exploration and wonder.","Apple","iPhone 13 Pro","iPhone 13 Pro back triple camera 5.7mm f/1.5","5.7 mm","26 mm","1.5","1/8000","50","Program AE","Multi-segment","Auto","Off, Did not fire","2025:04:04 13:16:13","8 deg 49' 45.10"" S","115 deg 5' 4.54"" E","3024","4032","https://res.cloudinary.com/do9hrcwn1/image/upload/c_limit,f_auto,q_auto,w_1200/v1/sammapix/portfolio/bali/22-uluwatu-cliffs-pecatu-bali-indonesia-coastal-road"
"bali","bali","bal-23","Pecatu, Bali, Indonesia","2025-04-04","Long-tailed macaque monkey eating yellow corn cob in weathered stone wall archway, Pecatu, Bali, Indonesia.","Pecatu, Bali · curious macaque savors sweet corn","A long-tailed macaque finds a perch within ancient, weathered stone carvings in Pecatu, Bali. Soft, dappled light illuminates its intelligent eyes as it meticulously savors a bright yellow ear of corn. The intricate stone facade, typical of Balinese architecture, provides a natural, textured frame. This intimate moment captures the wild inhabitants thriving amidst Bali's sacred landscapes, embodying the island's unique blend of nature and culture.","Apple","iPhone 13 Pro","iPhone 13 Pro back dual camera 9mm f/2.8","9.0 mm","77 mm","2.8","1/120","50","Program AE","Multi-segment","Auto","Off, Did not fire","2025:04:04 13:19:01","8 deg 49' 43.93"" S","115 deg 5' 5.56"" E","3024","4032","https://res.cloudinary.com/do9hrcwn1/image/upload/c_limit,f_auto,q_auto,w_1200/v1/sammapix/portfolio/bali/23-long-tailed-macaque-eating-corn-pecatu-bali-indonesia"
"bali","bali","bal-24","Pecatu, Bali, Indonesia","2025-04-04","Dramatic Uluwatu cliff in Pecatu, Bali, Indonesia. Turquoise Indian Ocean waves crash against lush green limestone.","Uluwatu · clifftop majesty, turquoise ocean below","Sunlight bathes the towering limestone cliffs of Uluwatu in Pecatu, Bali. Lush tropical foliage cascades down the rugged rock face, contrasting beautifully with the vibrant turquoise Indian Ocean below. Powerful waves crash into the shoreline, creating dynamic white foam. A clear blue sky stretches overhead, completing this iconic and breathtaking vista of Bali's dramatic south coast.","Apple","iPhone 13 Pro","iPhone 13 Pro back triple camera 5.7mm f/1.5","5.7 mm","26 mm","1.5","1/5000","50","Program AE","Multi-segment","Auto","Off, Did not fire","2025:04:04 13:38:19","8 deg 49' 54.99"" S","115 deg 5' 9.57"" E","2574","3432","https://res.cloudinary.com/do9hrcwn1/image/upload/c_limit,f_auto,q_auto,w_1200/v1/sammapix/portfolio/bali/24-uluwatu-cliff-bali-indonesia-turquoise-ocean-seascape"
"sri-lanka","sri-lanka","sri-01","Colombo, Sri Lanka","2025-03-09","Gangaramaya Temple, Colombo, Sri Lanka: Serene Buddha statues line terraces leading to a modern, tiered stupa under a clear sky.","Colombo · Buddhist serenity ascends","Sunlight bathes the towering white stupa of Gangaramaya Temple in Colombo, Sri Lanka, casting strong shadows below. Countless Buddha statues, in various sizes and serene poses, ascend tiered terraces, creating a powerful spiritual panorama. A striking contemporary architectural form rises against the vivid blue sky, blending traditional reverence with modern design in this vibrant cultural hub. The scene evokes a deep sense of peace and contemplation.","Apple","iPhone 13 Pro","iPhone 13 Pro back triple camera 5.7mm f/1.5","5.7 mm","26 mm","1.5","1/2800","50","Program AE","Multi-segment","Auto","Off, Did not fire","2025:03:09 13:49:48","6 deg 54' 58.13"" N","79 deg 51' 23.42"" E","2692","3589","https://res.cloudinary.com/do9hrcwn1/image/upload/c_limit,f_auto,q_auto,w_1200/v1/sammapix/portfolio/sri-lanka/01-gangaramaya-temple-buddha-statues-stupa-colombo-sri-lanka"
"sri-lanka","sri-lanka","sri-02","Colombo, Sri Lanka","2025-03-09","Bronze Buddha statues in meditation pose on golden draped altar, intricate copper reliefs, Gangaramaya Temple, Colombo, Sri Lanka.","Gangaramaya Temple · tranquil row of enlightened serenity","Inside a serene Buddhist temple, a long row of bronze Buddha statues sits in meditative stillness on an altar draped in shimmering gold fabric. Soft, ambient light highlights the intricate details of their serene expressions and the ornate copper relief panels adorning the wall behind them. These panels depict significant Buddhist narratives, adding layers of cultural richness. The golden glow creates a peaceful, reverent atmosphere, inviting contemplation within this sacred space in Colombo, Sri Lanka.","Apple","iPhone 13 Pro","iPhone 13 Pro back triple camera 5.7mm f/1.5","5.7 mm","26 mm","1.5","1/120","64","Program AE","Multi-segment","Auto","Off, Did not fire","2025:03:09 13:50:39","6 deg 54' 58.11"" N","79 deg 51' 23.29"" E","3024","4032","https://res.cloudinary.com/do9hrcwn1/image/upload/c_limit,f_auto,q_auto,w_1200/v1/sammapix/portfolio/sri-lanka/02-gangaramaya-temple-buddha-statues-colombo-sri-lanka"
"sri-lanka","sri-lanka","sri-03","Colombo, Sri Lanka","2025-03-09","Fierce Dvarapala guardian statue in Colombo, Sri Lanka. Muscular deity with angry red face, green sash, indoor temple setting.","Colombo · fierce guardian protecting sacred space","A powerful Dvarapala guardian statue stands sentinel, its muscular form carved with intense detail in Colombo, Sri Lanka. The deity's fierce red face, bulging eyes, and bared teeth convey formidable protection. Emerald green sashes elegantly drape around its robust physique, contrasting with the warm, earthy tones of its skin. Soft indoor lighting highlights the intricate textures and the statue's commanding presence within a serene temple interior, inviting reverence and awe.","Apple","iPhone 13 Pro","iPhone 13 Pro back triple camera 9mm f/2.8","9.0 mm","77 mm","2.8","1/100","160","Program AE","Multi-segment","Auto","Off, Did not fire","2025:03:09 13:51:29","6 deg 54' 59.20"" N","79 deg 51' 23.97"" E","3024","4032","https://res.cloudinary.com/do9hrcwn1/image/upload/c_limit,f_auto,q_auto,w_1200/v1/sammapix/portfolio/sri-lanka/03-dvarapala-guardian-statue-colombo-sri-lanka-temple"
"sri-lanka","sri-lanka","sri-04","Colombo, Sri Lanka","2025-03-09","Vibrant Buddha statues & intricate murals inside Gangaramaya Temple, Colombo, Sri Lanka. Spiritual devotion, colorful art.","Gangaramaya Temple · golden peace, vibrant devotion","Vibrant golden Buddha statues in a Colombo temple glow with serene grace. Rich orange robes contrast with intricate murals and decorative halos, illuminated by soft lamps. Offerings of fresh flowers lie scattered, creating a palpable sense of spiritual devotion. This tableau showcases Sri Lankan Buddhist art and profound cultural heritage.","Apple","iPhone 13 Pro","iPhone 13 Pro back triple camera 5.7mm f/1.5","5.7 mm","26 mm","1.5","1/50","125","Program AE","Multi-segment","Auto","Off, Did not fire","2025:03:09 13:58:38","6 deg 54' 58.97"" N","79 deg 51' 22.10"" E","2855","3807","https://res.cloudinary.com/do9hrcwn1/image/upload/c_limit,f_auto,q_auto,w_1200/v1/sammapix/portfolio/sri-lanka/04-gangaramaya-temple-colombo-sri-lanka-buddha-statues-vibrant"
"sri-lanka","sri-lanka","sri-05","Colombo, Sri Lanka","2025-03-09","Ornate Buddha statues & vibrant murals inside Gangaramaya Temple, Colombo, Sri Lanka. Intricate Buddhist artwork.","Gangaramaya Temple · vibrant devotion, ancient artistry","Inside Colombo's revered Gangaramaya Temple, colossal golden Buddha statues command attention amidst a tapestry of vibrant murals. Rich hues of orange, blue, and gold illuminate the intricately painted ceilings and walls. Soft light highlights the serene expressions and detailed carvings, creating a profound sense of peace. This sacred space pulses with devotion, showcasing exquisite Sri Lankan Buddhist artistry and ancient traditions.","Apple","iPhone 13 Pro","iPhone 13 Pro back triple camera 5.7mm f/1.5","5.7 mm","26 mm","1.5","1/50","125","Program AE","Multi-segment","Auto","Off, Did not fire","2025:03:09 13:59:10","6 deg 55' 1.09"" N","79 deg 51' 23.23"" E","3024","4032","https://res.cloudinary.com/do9hrcwn1/image/upload/c_limit,f_auto,q_auto,w_1200/v1/sammapix/portfolio/sri-lanka/05-gangaramaya-temple-buddha-statues-interior-colombo-sri-lanka"
"sri-lanka","sri-lanka","sri-06","Colombo, Sri Lanka","2025-03-09","Close-up of a golden Buddha statue's serene face & orange robe at a temple in Colombo, Sri Lanka, against intricate painted patterns.","Colombo · Golden Buddha's serene gaze, timeless wisdom","A majestic golden Buddha statue emanates serenity from a Colombo temple. Its face, painted in vibrant yellow with deep blue eyes and soft red lips, holds a timeless, meditative expression. Intricate black curls form the usnisha, while an ornate halo, rich with traditional Sri Lankan patterns in red, white, and gold, frames the head. An orange draped robe completes this powerful portrait of spiritual calm and ancient devotion.","Apple","iPhone 13 Pro","iPhone 13 Pro back triple camera 9mm f/2.8","9.0 mm","77 mm","2.8","1/50","320","Program AE","Multi-segment","Auto","Off, Did not fire","2025:03:09 13:59:40","6 deg 55' 0.51"" N","79 deg 51' 24.08"" E","2738","3651","https://res.cloudinary.com/do9hrcwn1/image/upload/c_limit,f_auto,q_auto,w_1200/v1/sammapix/portfolio/sri-lanka/06-golden-buddha-statue-serene-face-colombo-sri-lanka"
"sri-lanka","sri-lanka","sri-07","Colombo, Sri Lanka","2025-03-09","Vibrant, intricately painted Sri Lankan temple statues depicting deities in gold, green, blue, pink robes, Colombo, Sri Lanka.","Colombo · divine hues of ancient devotion","Exquisite, vibrantly painted temple statues fill the frame, showcasing the rich cultural heritage of Sri Lanka. Golden-skinned deities wear intricate headwear and garments of deep green, azure blue, and soft pink. Each figure is adorned with delicate jewelry and garland details, captured with remarkable clarity. Soft, inviting light illuminates their serene expressions, evoking a sense of ancient devotion and skilled craftsmanship within a sacred space in Colombo.","Apple","iPhone 13 Pro","iPhone 13 Pro back triple camera 9mm f/2.8","9.0 mm","77 mm","2.8","1/50","640","Program AE","Multi-segment","Auto","Off, Did not fire","2025:03:09 13:59:45","6 deg 55' 0.16"" N","79 deg 51' 24.27"" E","3024","4032","https://res.cloudinary.com/do9hrcwn1/image/upload/c_limit,f_auto,q_auto,w_1200/v1/sammapix/portfolio/sri-lanka/07-colombo-sri-lanka-colorful-temple-statues-deities-art"
"sri-lanka","sri-lanka","sri-08","Colombo, Sri Lanka","2025-03-09","Colorful Buddhist statues & murals, Gangaramaya Temple, Colombo, Sri Lanka. Ornate golden Buddha, vibrant deities.","Colombo · ancient artistry in vibrant devotion","Vibrant hues illuminate ancient Buddhist artistry within a temple in Colombo, Sri Lanka. Golden statues of Buddha and revered deities stand adorned with intricate garments and ceremonial jewelry. Richly detailed murals depict serene figures amidst stylized clouds and floral motifs. Sunlight gently filters, highlighting the profound cultural heritage and spiritual devotion embedded in every carefully crafted detail of this sacred space, inviting contemplation.","Apple","iPhone 13 Pro","iPhone 13 Pro back triple camera 9mm f/2.8","9.0 mm","77 mm","2.8","1/50","320","Program AE","Multi-segment","Auto","Off, Did not fire","2025:03:09 13:59:50","6 deg 54' 59.97"" N","79 deg 51' 24.47"" E","3024","4032","https://res.cloudinary.com/do9hrcwn1/image/upload/c_limit,f_auto,q_auto,w_1200/v1/sammapix/portfolio/sri-lanka/08-gangaramaya-temple-buddhist-statues-colombo-sri-lanka"
"sri-lanka","sri-lanka","sri-09","Colombo, Sri Lanka","2025-03-09","Gleaming golden Buddha head sculpture in Colombo, Sri Lanka. Close-up profile, highly reflective, ornate spiritual art.","Colombo · golden serenity reflects ancient wisdom","A magnificent, gleaming golden Buddha head commands attention in Colombo, Sri Lanka. Its highly polished surface beautifully captures distorted reflections of an opulent, antique-filled interior. Warm, diffused light dances across the intricate contours, emphasizing the tranquil expression and detailed craftsmanship. This striking close-up evokes a profound sense of spiritual reverence and rich cultural heritage, showcasing the timeless artistry found within the city's vibrant spaces.","Apple","iPhone 13 Pro","iPhone 13 Pro back triple camera 9mm f/2.8","9.0 mm","77 mm","2.8","1/25","1000","Program AE","Multi-segment","Auto","Off, Did not fire","2025:03:09 14:02:18","6 deg 55' 0.28"" N","79 deg 51' 22.57"" E","3024","4032","https://res.cloudinary.com/do9hrcwn1/image/upload/c_limit,f_auto,q_auto,w_1200/v1/sammapix/portfolio/sri-lanka/09-golden-buddha-head-colombo-sri-lanka-spiritual-art"
"sri-lanka","sri-lanka","sri-10","Colombo, Sri Lanka","2025-03-09","Detailed wooden Fasting Buddha statue in meditation pose, emphasizing asceticism, Colombo, Sri Lanka. Buddhist art.","Colombo · Ascetic Buddha's profound spiritual journey","A profoundly detailed wooden statue of the Fasting Buddha sits in serene meditation. Carved with exquisite precision, it reveals the emaciated form of Siddhartha Gautama during his ascetic journey to enlightenment. Soft, ambient light accentuates every rib and muscle, conveying deep spiritual struggle and dedication. This powerful Buddhist artwork stands within a tranquil space, offering a glimpse into Sri Lankan devotional artistry in Colombo.","Apple","iPhone 13 Pro","iPhone 13 Pro back triple camera 9mm f/2.8","9.0 mm","77 mm","2.8","1/25","1250","Program AE","Multi-segment","Auto","Off, Did not fire","2025:03:09 14:02:33","6 deg 55' 0.28"" N","79 deg 51' 22.57"" E","3024","4032","https://res.cloudinary.com/do9hrcwn1/image/upload/c_limit,f_auto,q_auto,w_1200/v1/sammapix/portfolio/sri-lanka/10-fasting-buddha-wooden-statue-colombo-sri-lanka-art"
"sri-lanka","sri-lanka","sri-11","Colombo, Sri Lanka","2025-03-09","Bronze Buddha statues in meditation pose before a large textured elephant sculpture, Gangaramaya Temple, Colombo, Sri Lanka. Ornate wooden staircase.","Gangaramaya Temple · ancient spirits in quiet reverence","Bronze Buddha statues sit gracefully on a shimmering golden cloth, their serene forms radiating peace. Behind them, a majestic elephant sculpture, dark and intricately textured with mottled patterns, stands as a guardian. Polished wooden banisters and staircases create a warm, inviting backdrop, framing this sacred display. The soft, ambient light illuminates the scene, highlighting the rich cultural heritage and contemplative atmosphere of this revered Sri Lankan temple.","Apple","iPhone 13 Pro","iPhone 13 Pro back triple camera 5.7mm f/1.5","5.7 mm","26 mm","1.5","1/100","100","Program AE","Multi-segment","Auto","Off, Did not fire","2025:03:09 14:03:11","6 deg 55' 0.18"" N","79 deg 51' 22.63"" E","3024","4032","https://res.cloudinary.com/do9hrcwn1/image/upload/c_limit,f_auto,q_auto,w_1200/v1/sammapix/portfolio/sri-lanka/11-gangaramaya-temple-buddha-elephant-statues-colombo"
"sri-lanka","sri-lanka","sri-12","Colombo, Sri Lanka","2025-03-09","Seema Malaka Temple, Gangaramaya, Colombo, Sri Lanka. Serene Buddha statues line steps leading to a modern, metallic stupa under clear blue sky.","Seema Malaka · still Buddhas, modern stupa, serene sky","Rows of tranquil Buddha statues sit in meditative repose at Seema Malaka Temple, Colombo. The unique, futuristic metallic stupa rises sharply into a brilliant blue sky, reflecting the bright sunlight. This architectural marvel, part of the Gangaramaya complex, blends ancient reverence with contemporary design, creating a profoundly serene and visually striking spiritual sanctuary in the heart of Sri Lanka's vibrant capital.","Apple","iPhone 13 Pro","iPhone 13 Pro back triple camera 9mm f/2.8","9.0 mm","77 mm","2.8","1/850","32","Program AE","Multi-segment","Auto","Off, Did not fire","2025:03:09 14:03:33","6 deg 54' 58.48"" N","79 deg 51' 23.48"" E","3024","4032","https://res.cloudinary.com/do9hrcwn1/image/upload/c_limit,f_auto,q_auto,w_1200/v1/sammapix/portfolio/sri-lanka/12-seema-malaka-temple-colombo-sri-lanka-buddha-stupa"
"sri-lanka","sri-lanka","sri-13","Colombo, Sri Lanka","2025-03-09","Rows of serene Buddha statues, golden Buddha head, silver stupa under blue sky at Gangaramaya Temple, Colombo, Sri Lanka.","Gangaramaya Temple · golden reflections, serene gazes","A striking low-angle perspective captures rows of majestic Buddha statues silhouetted against a brilliant blue sky at Gangaramaya Temple in Colombo, Sri Lanka. In the foreground, a lustrous golden Buddha head reflects warm light, offering a dramatic contrast. Behind, a contemporary silver-tiered stupa gleams under the strong sun. This sacred space blends ancient tradition with modern architectural elements, inviting contemplation and peace in the bustling city.","Apple","iPhone 13 Pro","iPhone 13 Pro back triple camera 9mm f/2.8","9.0 mm","77 mm","2.8","1/400","32","Program AE","Multi-segment","Auto","Off, Did not fire","2025:03:09 14:04:20","6 deg 54' 58.44"" N","79 deg 51' 23.83"" E","3024","4032","https://res.cloudinary.com/do9hrcwn1/image/upload/c_limit,f_auto,q_auto,w_1200/v1/sammapix/portfolio/sri-lanka/13-gangaramaya-temple-buddha-statues-colombo-sri-lanka"
"sri-lanka","sri-lanka","sri-14","Colombo, Sri Lanka","2025-03-09","Galle Face Green, Colombo, Sri Lanka. Skyscrapers, vendors, kites, and long colorful prayer flags under a clear blue sky.","Galle Face Green · Colombo's urban vibrancy beneath soaring towers","Sunlight bathes Galle Face Green in Colombo, Sri Lanka, where a vibrant urban scene unfolds. Towering modern skyscrapers of Port City dominate the horizon, reflecting the clear blue sky. Below, local vendors line the grassy expanse, selling colorful kites and toys. Long strings of Buddhist prayer flags stretch across the frame, adding splashes of vivid color. The bustling energy captures Colombo's dynamic blend of tradition and contemporary development, offering a unique coastal city experience.","Apple","iPhone 13 Pro","iPhone 13 Pro back triple camera 5.7mm f/1.5","5.7 mm","26 mm","1.5","1/5000","50","Program AE","Multi-segment","Auto","Off, Did not fire","2025:03:09 15:35:36","6 deg 55' 19.47"" N","79 deg 50' 42.50"" E","3024","4032","https://res.cloudinary.com/do9hrcwn1/image/upload/c_limit,f_auto,q_auto,w_1200/v1/sammapix/portfolio/sri-lanka/14-galle-face-green-colombo-sri-lanka-skyscrapers-kites-urban"
"sri-lanka","sri-lanka","sri-15","Maharagama, Sri Lanka","2025-03-09","Mahout stands before a majestic Asian elephant in Maharagama, Sri Lanka. Lush tropical foliage and subtle golden sunlight.","Maharagama · guardian and ancient giant","A powerful Asian elephant stands majestically alongside its mahout in Maharagama, Sri Lanka. Warm golden light filters through verdant tropical foliage, casting a gentle glow on the elephant's rugged skin and the mahout's tanned back. The scene captures a timeless bond between man and animal amidst a lush, semi-urban landscape. Green grasses and ancient trees frame this intimate cultural moment, highlighting the island's unique heritage.","Apple","iPhone 13 Pro","iPhone 13 Pro back triple camera 9mm f/2.8","9.0 mm","106 mm","2.8","1/100","64","Program AE","Multi-segment","Auto","Off, Did not fire","2025:03:09 16:23:07","6 deg 50' 46.76"" N","79 deg 53' 23.92"" E","3024","4032","https://res.cloudinary.com/do9hrcwn1/image/upload/c_limit,f_auto,q_auto,w_1200/v1/sammapix/portfolio/sri-lanka/15-maharagama-sri-lanka-elephant-mahout-tropical-bond"
"sri-lanka","sri-lanka","sri-16","Maharagama, Sri Lanka","2025-03-09","Vibrant orange reclining Buddha statue in a Sri Lankan temple, intricate cloud murals, patterned ceiling, Maharagama.","Maharagama · ancient tranquility of a sacred slumber","A colossal reclining Buddha statue dominates the vibrant interior of a Sri Lankan temple in Maharagama. Its striking orange robes contrast with the serene yellow skin. Surrounding walls feature detailed blue sky murals and smaller contemplative Buddha figures. Light filters from high windows, illuminating the intricate patterned ceiling and classic checkered floor, creating a profoundly spiritual and timeless atmosphere of devotion and peace.","Apple","iPhone 13 Pro","iPhone 13 Pro back triple camera 5.7mm f/1.5","5.7 mm","26 mm","1.5","1/50","400","Program AE","Multi-segment","Auto","Off, Did not fire","2025:03:09 16:29:54","6 deg 50' 45.99"" N","79 deg 53' 24.08"" E","3024","4032","https://res.cloudinary.com/do9hrcwn1/image/upload/c_limit,f_auto,q_auto,w_1200/v1/sammapix/portfolio/sri-lanka/16-reclining-buddha-temple-maharagama-sri-lanka-sacred"
"sri-lanka","sri-lanka","sri-17","Maharagama, Sri Lanka","2025-03-09","Reclining Buddha statue, golden light rays, standing monks, vibrant murals, ornate table in a Buddhist temple, Maharagama, Sri Lanka.","Maharagama · Buddha's tranquil repose, bathed in golden light","Golden light pierces through a temple window in Maharagama, Sri Lanka, illuminating a serene reclining Buddha statue. Surrounding murals depict celestial and historical scenes, adding vibrant context. Attendant figures stand reverently near an ornate table adorned with fresh flower offerings. The ancient space exudes tranquil spirituality, grounded by its classic checkered floor. This scene captures a moment of timeless devotion.","Apple","iPhone 13 Pro","iPhone 13 Pro back triple camera 5.7mm f/1.5","5.7 mm","26 mm","1.5","1/50","400","Program AE","Multi-segment","Auto","Off, Did not fire","2025:03:09 16:30:23","6 deg 50' 45.97"" N","79 deg 53' 24.08"" E","3024","4032","https://res.cloudinary.com/do9hrcwn1/image/upload/c_limit,f_auto,q_auto,w_1200/v1/sammapix/portfolio/sri-lanka/17-maharagama-sri-lanka-reclining-buddha-temple-golden-light"
"sri-lanka","sri-lanka","sri-18","Maharagama, Sri Lanka","2025-03-09","Close-up of a golden reclining Buddha statue, serene expression, black hair, blue-painted background, Buddhist temple in Maharagama, Sri Lanka.","Maharagama · serene slumber, ancient wisdom","A magnificent golden reclining Buddha statue emanates profound tranquility within a Sri Lankan temple in Maharagama. Soft, warm light illuminates the serene face, closed eyes, and gently painted red lips, suggesting deep peace. The intricate details of the decorative headrest and dark, tightly coiled hair contrast with the smooth, glossy golden skin. A painted sky mural forms a calming backdrop, creating a sacred, spiritual atmosphere around this revered Buddhist art.","Apple","iPhone 13 Pro","iPhone 13 Pro back triple camera 9mm f/2.8","9.0 mm","77 mm","2.8","1/25","800","Program AE","Multi-segment","Auto","Off, Did not fire","2025:03:09 16:30:28","6 deg 50' 45.98"" N","79 deg 53' 24.08"" E","3024","4032","https://res.cloudinary.com/do9hrcwn1/image/upload/c_limit,f_auto,q_auto,w_1200/v1/sammapix/portfolio/sri-lanka/18-golden-reclining-buddha-statue-temple-maharagama-sri-lanka"
"sri-lanka","sri-lanka","sri-19","Maharagama, Sri Lanka","2025-03-09","Golden seated Buddha statue in ornate Sri Lankan temple hall, Maharagama. Vibrant murals, checkered floor, worshippers. Spiritual interior.","Maharagama · sacred golden Buddha, ancient murals glow","Warm light filters into a serene Sri Lankan temple in Maharagama, illuminating a magnificent golden seated Buddha statue at its heart. Vibrant frescoes depicting ancient tales adorn the walls, their colors rich and deep. A striking checkered marble floor leads the eye towards the central deity. Worshippers sit in quiet contemplation, adding a profound human element to this spiritual sanctuary. The atmosphere is one of deep peace and cultural heritage.","Apple","iPhone 13 Pro","iPhone 13 Pro back triple camera 5.7mm f/1.5","5.7 mm","26 mm","1.5","1/35","640","Program AE","Multi-segment","Auto","Off, Did not fire","2025:03:09 16:30:43","6 deg 50' 45.77"" N","79 deg 53' 23.86"" E","3024","4032","https://res.cloudinary.com/do9hrcwn1/image/upload/c_limit,f_auto,q_auto,w_1200/v1/sammapix/portfolio/sri-lanka/19-maharagama-sri-lanka-buddha-temple-murals-golden-statue"
"sri-lanka","sri-lanka","sri-20","Gampaha, Sri Lanka","2025-03-12","Intricate stone statue of a deity with ornate crown and mudra hands, framed by lush tropical foliage in Gampaha, Sri Lanka.","Gampaha · ancient stone deity, tropical embrace","Sunlight illuminates a magnificent stone statue, depicting a richly adorned deity with hands in a blessing mudra. Intricate carvings cover the crown, jewelry, and draped garments, showcasing traditional Sri Lankan artistry. The ancient figure stands majestically amidst vibrant, deep green tropical foliage in Gampaha, creating an atmosphere of serene timelessness and spiritual presence.","Apple","iPhone 13 Pro","iPhone 13 Pro back triple camera 9mm f/2.8","9.0 mm","77 mm","2.8","1/240","32","Program AE","Multi-segment","Auto","Off, Did not fire","2025:03:12 11:28:31","6 deg 57' 8.25"" N","79 deg 55' 5.98"" E","3024","4032","https://res.cloudinary.com/do9hrcwn1/image/upload/c_limit,f_auto,q_auto,w_1200/v1/sammapix/portfolio/sri-lanka/20-gampaha-sri-lanka-stone-deity-statue-tropical-foliage"
"sri-lanka","sri-lanka","sri-21","Gampaha, Sri Lanka","2025-03-12","Detailed stone carvings of mythical figures supporting a cornice on an ancient Sri Lankan temple wall in Gampaha, Sri Lanka.","Gampaha · Ancient guardians carved in stone","Golden sunlight bathes intricate stone carvings on an ancient Sri Lankan temple wall. Rows of weathered figures, perhaps mythical guardians or divine beings, appear to support the heavy stone cornice above. Each relief tells a story, etched in the rich, earthy tones of ages past. This architectural detail captures the timeless artistry and spiritual depth found within Gampaha's cultural heritage. The play of light highlights delicate features and profound expressions.","Apple","iPhone 13 Pro","iPhone 13 Pro back triple camera 9mm f/2.8","9.0 mm","77 mm","2.8","1/100","64","Program AE","Multi-segment","Auto","Off, Did not fire","2025:03:12 11:30:00","6 deg 57' 6.64"" N","79 deg 55' 6.42"" E","3024","4032","https://res.cloudinary.com/do9hrcwn1/image/upload/c_limit,f_auto,q_auto,w_1200/v1/sammapix/portfolio/sri-lanka/21-gampaha-sri-lanka-ancient-temple-stone-carvings-detail"
"sri-lanka","sri-lanka","sri-22","Gampaha, Sri Lanka","2025-03-12","Ancient stone carvings of elephants and seated figures on a temple wall in Sri Lanka, likely Kelaniya Raja Maha Vihara, Gampaha.","Kelaniya Vihara · carved stone awakens ancient stories","Golden sunlight illuminates intricate stone carvings on an ancient Sri Lankan temple wall. A rhythmic procession of stylized elephants forms the lower frieze, their weathered forms hinting at centuries of devotion. Above, a row of serene seated figures, adorned with delicate details, gazes outward. The warm light accentuates the textured stone, revealing the enduring artistry and spiritual heritage of the island's craftsmanship, a timeless story etched in rock.","Apple","iPhone 13 Pro","iPhone 13 Pro back triple camera 9mm f/2.8","9.0 mm","77 mm","2.8","1/100","40","Program AE","Multi-segment","Auto","Off, Did not fire","2025:03:12 11:30:10","6 deg 57' 6.62"" N","79 deg 55' 6.45"" E","3024","4032","https://res.cloudinary.com/do9hrcwn1/image/upload/c_limit,f_auto,q_auto,w_1200/v1/sammapix/portfolio/sri-lanka/22-sri-lanka-kelaniya-temple-elephant-figure-stone-carvings"
"sri-lanka","sri-lanka","sri-23","Gampaha, Sri Lanka","2025-03-12","Devotees light hundreds of traditional clay oil lamps (pahan) at a Buddhist temple in Gampaha, Sri Lanka, a spiritual ritual.","Gampaha · sacred flames of devotion flicker","A serene moment unfolds as devotees light countless terracotta oil lamps (pahan) in a temple in Gampaha. Hundreds of individual flames cast a warm, flickering glow across tiered metal racks, illuminating the faces of worshippers in white attire. This sacred ritual embodies deep devotion, creating a mesmerizing spiritual atmosphere under a traditional tiled roof. Lush tropical foliage peeks through, adding a natural backdrop to this timeless Sri Lankan tradition.","Apple","iPhone 13 Pro","iPhone 13 Pro back triple camera 9mm f/2.8","9.0 mm","77 mm","2.8","1/100","100","Program AE","Multi-segment","Auto","Off, Did not fire","2025:03:12 11:31:11","6 deg 57' 6.13"" N","79 deg 55' 6.36"" E","3024","4032","https://res.cloudinary.com/do9hrcwn1/image/upload/c_limit,f_auto,q_auto,w_1200/v1/sammapix/portfolio/sri-lanka/23-gampaha-sri-lanka-buddhist-temple-oil-lamps-devotion"
"sri-lanka","sri-lanka","sri-24","Colombo, Sri Lanka","2025-03-12","Dense wall of old electricity meters, circuit breakers, and tangled cables in Colombo, Sri Lanka, reflecting urban power infrastructure.","Colombo · intricate electric web, city's vital pulse","A labyrinthine wall in Colombo, Sri Lanka, showcases an intricate network of aged electricity meters and circuit breakers. Rows upon rows of utility hardware are woven into a dense tapestry of tangled black cables and yellow conduits. Subtle light illuminates the gritty textures, dust, and faded labels, revealing the raw, vital infrastructure powering an urban core. This scene captures the unseen energy and complexity of a bustling city.","Apple","iPhone 13 Pro","iPhone 13 Pro back triple camera 5.7mm f/1.5","5.7 mm","26 mm","1.5","1/50","400","Program AE","Multi-segment","Auto","Off, Did not fire","2025:03:12 13:31:38","6 deg 56' 16.22"" N","79 deg 51' 5.63"" E","2844","3792","https://res.cloudinary.com/do9hrcwn1/image/upload/c_limit,f_auto,q_auto,w_1200/v1/sammapix/portfolio/sri-lanka/24-colombo-sri-lanka-urban-electricity-meters-tangled-wires"
"sri-lanka","sri-lanka","sri-25","Colombo, Sri Lanka","2025-03-12","Polek Trade Centre, Colombo 11, Sri Lanka. Shoppers browse electronics in a narrow market alley with bright neon signs.","Colombo · market's vibrant digital pulse","A narrow, bustling alleyway in Colombo, Sri Lanka, glows with the vibrant energy of an electronics market. Overhead fluorescent lights illuminate the scene, reflecting off polished surfaces and the distinctive red floor. Shoppers browse display cases brimming with mobile phones and accessories. Bright neon 'OPEN' signs and Sinhala script add to the sensory tapestry, capturing the dynamic pulse of urban commerce and daily life.","Apple","iPhone 13 Pro","iPhone 13 Pro back triple camera 5.7mm f/1.5","5.7 mm","26 mm","1.5","1/100","80","Program AE","Multi-segment","Auto","Off, Did not fire","2025:03:12 13:35:28","6 deg 56' 16.20"" N","79 deg 51' 5.38"" E","3024","4032","https://res.cloudinary.com/do9hrcwn1/image/upload/c_limit,f_auto,q_auto,w_1200/v1/sammapix/portfolio/sri-lanka/25-polek-trade-centre-colombo-sri-lanka-electronics-market"
"sri-lanka","sri-lanka","sri-26","Colombo, Sri Lanka","2025-03-12","Young man in knit shirt in bustling Colombo mobile repair market with bright neon signs: OPEN, RAJAN, AJ MOBILE. Sri Lanka.","Colombo · urban pulse of market neon","A thoughtful young man stands amidst the vibrant energy of a Colombo market. Bright neon signs illuminate the bustling backdrop, advertising ""OPEN,"" ""PHONE REPAIR,"" and ""MOBILE ACCESSORIES."" A striking blend of modern commerce and local life unfolds, with a blue railing adding a compositional element. This portrait subtly grounds the viewer amidst the electric glow of Sri Lanka's urban heart, capturing a moment of quiet observation.","Apple","iPhone 13 Pro","iPhone 13 Pro back triple camera 9mm f/2.8","9.0 mm","77 mm","2.8","1/100","160","Program AE","Multi-segment","Auto","Off, Did not fire","2025:03:12 13:35:47","6 deg 56' 16.20"" N","79 deg 51' 5.41"" E","3024","4032","https://res.cloudinary.com/do9hrcwn1/image/upload/c_limit,f_auto,q_auto,w_1200/v1/sammapix/portfolio/sri-lanka/26-colombo-sri-lanka-mobile-market-neon-portrait-man"
"sri-lanka","sri-lanka","sri-27","Colombo, Sri Lanka","2025-03-12","Bustling interior of Anglo Traders electronics shop in Colombo 11, Sri Lanka. Men among stacked boxes, exposed wires, blue railing.","Colombo · vibrant market, conduits of commerce","This vibrant interior captures the raw energy of an electronics market in Colombo, Sri Lanka. Fluorescent lights illuminate stacked boxes of appliances and tangled electrical conduits above. Shopkeepers and customers engage amidst the organized chaos. A blue railing overlooks lower levels, adding depth to this bustling scene. The atmosphere is thick with commerce, reflecting the dynamic urban rhythm of Sri Lanka's capital.","Apple","iPhone 13 Pro","iPhone 13 Pro back triple camera 5.7mm f/1.5","5.7 mm","26 mm","1.5","1/50","64","Program AE","Multi-segment","Auto","Off, Did not fire","2025:03:12 13:38:03","6 deg 56' 16.35"" N","79 deg 51' 5.30"" E","3024","4032","https://res.cloudinary.com/do9hrcwn1/image/upload/c_limit,f_auto,q_auto,w_1200/v1/sammapix/portfolio/sri-lanka/27-colombo-sri-lanka-pettah-electronics-market-interior"
"sri-lanka","sri-lanka","sri-28","Colombo, Sri Lanka","2025-03-12","First Cross Street, Pettah, Colombo, Sri Lanka: Bustling street scene with crowded pedestrians, vibrant electronics and shoe shop signs, a man smiling on phone.","Colombo · street life buzzes with vibrant signs","Sunlight bathes First Cross Street in Colombo, Sri Lanka, a vibrant commercial hub teeming with life. Pedestrians navigate the bustling pathway, enveloped by a towering array of colorful shop signs advertising electronics, mobile stores, and shoes. Overhead, a complex web of electrical wires adds to the urban tapestry. The scene pulses with dynamic energy and cultural authenticity under the bright, clear sky, showcasing the lively spirit of this South Asian market.","Apple","iPhone 13 Pro","iPhone 13 Pro back triple camera 9mm f/2.8","9.0 mm","77 mm","2.8","1/150","32","Program AE","Multi-segment","Auto","Off, Did not fire","2025:03:12 13:53:19","6 deg 56' 12.02"" N","79 deg 51' 2.85"" E","3024","4032","https://res.cloudinary.com/do9hrcwn1/image/upload/c_limit,f_auto,q_auto,w_1200/v1/sammapix/portfolio/sri-lanka/28-first-cross-street-pettah-colombo-sri-lanka-market"
"sri-lanka","sri-lanka","sri-29","Kurunegala, Sri Lanka","2025-03-13","Kurunegala, Sri Lanka: Rustic floating cafe on serene lily-filled lake, long wooden pier, lush tropical mountains.","Kurunegala · floating café, lily pond tranquility","Golden sunlight illuminates a rustic floating cafe, nestled amidst a tranquil lake completely blanketed with vibrant green water lilies in Kurunegala, Sri Lanka. A weathered wooden pier extends invitingly to the charming thatched-roof structure, gracefully shaded by a sprawling tree. Lush, forested mountains rise majestically in the background under a bright, cerulean sky. This serene scene captures the peaceful beauty of Sri Lankan rural life, inviting contemplation and calm.","Apple","iPhone 13 Pro","iPhone 13 Pro back triple camera 5.7mm f/1.5","5.7 mm","26 mm","1.5","1/3500","50","Program AE","Multi-segment","Auto","Off, Did not fire","2025:03:13 09:14:17","7 deg 33' 27.34"" N","80 deg 27' 23.47"" E","3024","4032","https://res.cloudinary.com/do9hrcwn1/image/upload/c_limit,f_auto,q_auto,w_1200/v1/sammapix/portfolio/sri-lanka/29-kurunegala-sri-lanka-floating-cafe-lily-pond-mountains"
"sri-lanka","sri-lanka","sri-30","Kurunegala, Sri Lanka","2025-03-13","Floating hut cafe on a lotus pond in Kurunegala, Sri Lanka. Rustic wooden walkway, boat, kayak, green hills, blue sky.","Kurunegala · tranquil floating cafe on lily pads","Daylight illuminates a charming floating hut on a vibrant lotus pond in Kurunegala, Sri Lanka. A rustic wooden walkway leads to the thatched-roof cafe, offering a tranquil escape. Boats rest beside the platform, reflecting in the water amidst countless green lily pads. Lush, verdant hills rise in the distance under a clear blue sky, framing this idyllic natural scene. It embodies Sri Lanka's serene rural charm, inviting peaceful contemplation.","Apple","iPhone 13 Pro","iPhone 13 Pro back triple camera 5.7mm f/1.5","5.7 mm","26 mm","1.5","1/3700","50","Program AE","Multi-segment","Auto","Off, Did not fire","2025:03:13 09:14:43","7 deg 33' 27.25"" N","80 deg 27' 23.42"" E","4032","3024","https://res.cloudinary.com/do9hrcwn1/image/upload/c_limit,f_auto,q_auto,w_1200/v1/sammapix/portfolio/sri-lanka/30-kurunegala-sri-lanka-floating-hut-lotus-pond-cafe"
"sri-lanka","sri-lanka","sri-31","Sri Lanka","2025-03-13","Pilgrims walk barefoot at Dambulla Cave Temple complex, Sri Lanka. Ornate white arches, rock overhang, ancient tree, paved courtyard.","Dambulla · sacred rock, ancient devotion's embrace","Sunlight illuminates the Dambulla Cave Temple complex, revealing its pristine white arches nestled against a colossal rock face. Barefoot pilgrims traverse the ancient stone courtyard, shaded by a venerable Bodhi tree. Ornate architecture blends with natural stone, creating a serene, spiritually charged atmosphere. This sacred site buzzes with quiet reverence, a timeless testament to Sri Lanka's rich heritage.","Apple","iPhone 13 Pro","iPhone 13 Pro back triple camera 5.7mm f/1.5","5.7 mm","26 mm","1.5","1/1000","50","Program AE","Multi-segment","Auto","Off, Did not fire","2025:03:13 11:09:01","7 deg 51' 23.27"" N","80 deg 38' 55.28"" E","3024","4032","https://res.cloudinary.com/do9hrcwn1/image/upload/c_limit,f_auto,q_auto,w_1200/v1/sammapix/portfolio/sri-lanka/31-dambulla-cave-temple-sri-lanka-pilgrimage-site-2025"
"sri-lanka","sri-lanka","sri-32","Sri Lanka","2025-03-13","Sri Lankan Toque Macaque monkey, pink face, shaggy hair, sits on temple wall near burning oil lamps, Sri Lanka.","Sri Lanka · Sacred site's serene macaque","A captivating Sri Lankan Toque Macaque, with its distinctive pink face and shaggy crown, sits thoughtfully on ancient temple stone. Soft light illuminates its golden fur as wisps of smoke rise from offerings in the background. Burning oil lamps cast warm glows, hinting at spiritual rituals. A fallen pink lotus and yellow leaf complete this serene, candid moment at a sacred site in Sri Lanka.","Apple","iPhone 13 Pro","iPhone 13 Pro back triple camera 9mm f/2.8","9.0 mm","77 mm","2.8","1/100","64","Program AE","Multi-segment","Auto","Off, Did not fire","2025:03:13 11:13:06","7 deg 51' 23.54"" N","80 deg 38' 54.65"" E","3024","4032","https://res.cloudinary.com/do9hrcwn1/image/upload/c_limit,f_auto,q_auto,w_1200/v1/sammapix/portfolio/sri-lanka/32-sri-lanka-toque-macaque-temple-spirit-wildlife"
"sri-lanka","sri-lanka","sri-33","Sri Lanka","2025-03-13","Dambulla Cave Temple, Sri Lanka: Pilgrims walk barefoot on rocky ground towards ancient white Buddhist shrine built into massive rock face.","Dambulla · ancient devotion under a colossal rock","Sunlight bathes the colossal rock face of Dambulla, revealing ancient white temple structures nestled beneath its overhang. Pilgrims, some barefoot, traverse the warm, weathered stone, approaching the sacred Buddhist site. The serene atmosphere invites contemplation, as intricate carvings and traditional architecture blend seamlessly with the natural landscape. This UNESCO World Heritage site offers a glimpse into Sri Lanka's rich spiritual heritage.","Apple","iPhone 13 Pro","iPhone 13 Pro back triple camera 5.7mm f/1.5","5.7 mm","26 mm","1.5","1/1800","50","Program AE","Multi-segment","Auto","Off, Did not fire","2025:03:13 11:17:42","7 deg 51' 23.76"" N","80 deg 38' 54.07"" E","3024","4032","https://res.cloudinary.com/do9hrcwn1/image/upload/c_limit,f_auto,q_auto,w_1200/v1/sammapix/portfolio/sri-lanka/33-dambulla-cave-temple-buddhist-pilgrimage-sri-lanka"
"sri-lanka","sri-lanka","sri-34","Sri Lanka","2025-03-13","Dambulla Cave Temple, Sri Lanka: Reclining Buddha, seated Buddha, vibrant ancient murals. Lotus flower offerings in sacred light.","Dambulla · where ancient spirits softly slumber","Within the sacred Dambulla Cave Temple, an immense reclining Buddha statue exudes serene repose. Beside it, a seated Buddha contemplates the ancient space. Rich, elaborate murals cover every surface, depicting timeless Buddhist narratives and intricate patterns. Soft, ambient light highlights the weathered textures and vibrant artistry. Fresh lotus flower offerings rest reverently, enhancing the spiritual tranquility of this iconic Sri Lankan sanctuary.","Apple","iPhone 13 Pro","iPhone 13 Pro back triple camera 5.7mm f/1.5","5.7 mm","26 mm","1.5","1/50","500","Program AE","Multi-segment","Auto","Off, Did not fire","2025:03:13 11:22:24","7 deg 51' 22.91"" N","80 deg 38' 54.90"" E","3024","4032","https://res.cloudinary.com/do9hrcwn1/image/upload/c_limit,f_auto,q_auto,w_1200/v1/sammapix/portfolio/sri-lanka/34-dambulla-cave-temple-reclining-buddha-sri-lanka-murals"
"sri-lanka","sri-lanka","sri-35","Sri Lanka","2025-03-13","Row of ancient Buddha statues meditating in Dambulla Cave Temple, Sri Lanka. Intricate painted ceiling above. UNESCO World Heritage.","Dambulla · ancient Buddhas in serene golden contemplation","Ancient Buddha statues sit in serene meditation within the historic Dambulla Cave Temple, Sri Lanka. Golden robes and intricate details adorn each figure, bathed in soft, diffused light. Overhead, vibrant frescoes blanket the cave ceiling, depicting traditional Buddhist narratives and geometric patterns. This UNESCO World Heritage site offers a profound glimpse into centuries of spiritual devotion and artistic mastery.","Apple","iPhone 13 Pro","iPhone 13 Pro back triple camera 5.7mm f/1.5","5.7 mm","26 mm","1.5","1/50","160","Program AE","Multi-segment","Auto","Off, Did not fire","2025:03:13 11:24:54","7 deg 51' 21.35"" N","80 deg 38' 53.96"" E","3024","4032","https://res.cloudinary.com/do9hrcwn1/image/upload/c_limit,f_auto,q_auto,w_1200/v1/sammapix/portfolio/sri-lanka/35-dambulla-cave-temple-buddha-statues-sri-lanka-interior"
"sri-lanka","sri-lanka","sri-36","Sri Lanka","2025-03-13","Reclining Buddha statue, Dambulla Cave Temple, Sri Lanka. Serene golden figure with red lips, intricate ceiling murals.","Dambulla · Golden Buddha's peaceful slumber","A colossal reclining Buddha dominates the sacred space within Dambulla Cave Temple, Sri Lanka. Its serene face, with gentle eyes and striking red lips, reflects centuries of devotion. Golden hues illuminate the ancient wood, contrasting with the vibrant, intricate ceiling murals depicting Buddhist lore. The dim, spiritual ambiance of the rock-hewn chamber evokes deep reverence, capturing the timeless beauty of this UNESCO World Heritage site.","Apple","iPhone 13 Pro","iPhone 13 Pro back triple camera 9mm f/2.8","9.0 mm","77 mm","2.8","1/40","1000","Program AE","Multi-segment","Auto","Off, Did not fire","2025:03:13 11:37:05","7 deg 51' 7.38"" N","80 deg 38' 50.34"" E","3024","4032","https://res.cloudinary.com/do9hrcwn1/image/upload/c_limit,f_auto,q_auto,w_1200/v1/sammapix/portfolio/sri-lanka/36-dambulla-cave-temple-reclining-buddha-sri-lanka-golden"
"sri-lanka","sri-lanka","sri-37","Sri Lanka","2025-03-13","Panoramic view from Pidurangala Rock, Sri Lanka, showing dense jungle, winding village road, communication tower, and distant mountains under a cloudy sky.","Pidurangala · emerald canopy, winding road, distant peaks","A breathtaking panoramic vista unfolds from Pidurangala Rock, Sri Lanka. Below, an emerald tapestry of dense jungle stretches to the horizon, dotted with glimpses of a winding village road and traditional red-roofed buildings. A prominent communication tower rises from the greenery. In the distance, mystical blue mountain ranges recede under an atmospheric, cloudy sky. The scene evokes the serene, ancient heart of Sri Lanka's cultural richness, captured under soft, natural light.","Apple","iPhone 13 Pro","iPhone 13 Pro back triple camera 9mm f/2.8","9.0 mm","77 mm","2.8","1/950","32","Program AE","Multi-segment","Auto","Off, Did not fire","2025:03:13 11:56:06","7 deg 51' 21.02"" N","80 deg 38' 59.46"" E","3024","4032","https://res.cloudinary.com/do9hrcwn1/image/upload/c_limit,f_auto,q_auto,w_1200/v1/sammapix/portfolio/sri-lanka/37-pidurangala-rock-panoramic-jungle-view-sri-lanka"
"sri-lanka","sri-lanka","sri-38","Sri Lanka","2025-03-13","Golden Temple Dambulla, Sri Lanka: colossal golden demon face entrance, open mouth to Buddhist Museum, terracotta steps.","Dambulla · golden guardian's dramatic welcome","A vibrant, intricate golden face sculpture with wide eyes and an open mouth forms the striking entrance to the Buddhist Museum at Dambulla's Golden Temple in Sri Lanka. Terracotta steps lead up to this iconic cultural landmark, where two figures descend. The rich gold hues contrast with the red-pink interior of the mouth and subtle lavender accents. This imposing, mythical guardian welcomes visitors to a revered site, bathed in soft, diffused light.","Apple","iPhone 13 Pro","iPhone 13 Pro back triple camera 5.7mm f/1.5","5.7 mm","66 mm","1.5","1/950","50","Program AE","Multi-segment","Auto","Off, Did not fire","2025:03:13 12:27:59","7 deg 51' 19.78"" N","80 deg 39' 6.51"" E","3024","4032","https://res.cloudinary.com/do9hrcwn1/image/upload/c_limit,f_auto,q_auto,w_1200/v1/sammapix/portfolio/sri-lanka/38-golden-temple-dambulla-entrance-buddhist-museum-sri-lanka"
"sri-lanka","sri-lanka","sri-39","Sri Lanka","2025-03-13","Flooded forest in Sri Lanka with bare tree branches reflected in murky water. Wetland ecosystem, dappled light.","Sri Lanka Wetlands · ancient trees, watery reflections","Sunlight filters through the skeletal canopy of a flooded forest in Sri Lanka, illuminating gnarled tree trunks rising from the serene water. Verdant water plants float on the surface, mirroring the intricate patterns of bare branches above. The scene evokes a tranquil, ancient wetland ecosystem, where nature's resilience is beautifully reflected. Dappled light creates a captivating interplay of shadow and shimmer across the murky depths.","Apple","iPhone 13 Pro","iPhone 13 Pro back triple camera 9mm f/2.8","9.0 mm","77 mm","2.8","1/420","32","Program AE","Multi-segment","Auto","Off, Did not fire","2025:03:13 13:18:07","7 deg 56' 29.87"" N","80 deg 44' 5.65"" E","3024","4032","https://res.cloudinary.com/do9hrcwn1/image/upload/c_limit,f_auto,q_auto,w_1200/v1/sammapix/portfolio/sri-lanka/39-sri-lanka-flooded-forest-wetland-bare-trees-reflections"
"sri-lanka","sri-lanka","sri-40","Sri Lanka","2025-03-13","Panoramic view of Sigiriya Rock Fortress at golden hour, lush jungle canopy, hazy mountains in Dambulla, Sri Lanka.","Sigiriya · ancient grandeur bathed in golden light","The iconic Sigiriya Rock Fortress stands majestically amidst a verdant jungle canopy. Golden hour light bathes the ancient rock, highlighting its rugged textures and the surrounding tropical forest. Distant mountains blend into a soft, hazy horizon under a serene blue sky. This panoramic view, captured from a higher elevation, showcases the historical grandeur and natural beauty of Sri Lanka's cultural triangle, evoking a timeless sense of wonder and profound tranquility.","Apple","iPhone 13 Pro","iPhone 13 Pro back triple camera 5.7mm f/1.5","5.7 mm","26 mm","1.5","1/1800","50","Program AE","Multi-segment","Auto","Off, Did not fire","2025:03:13 17:43:47","7 deg 57' 55.32"" N","80 deg 45' 42.82"" E","3024","4032","https://res.cloudinary.com/do9hrcwn1/image/upload/c_limit,f_auto,q_auto,w_1200/v1/sammapix/portfolio/sri-lanka/40-sigiriya-rock-fortress-panoramic-golden-hour-sri-lanka"
"sri-lanka","sri-lanka","sri-41","Sri Lanka","2025-03-13","Golden light illuminates Sigiriya Rock Fortress over lush jungle, with toque macaques in foreground. Sri Lanka sunset.","Sigiriya · golden hour with watchful macaques","Golden hour light bathes the iconic Sigiriya Rock Fortress, a UNESCO World Heritage site in Sri Lanka, in a warm glow. Lush green jungle blankets the landscape surrounding the ancient citadel. In the foreground, a family of toque macaques observes the panoramic vista from a rocky outcrop. This striking view captures Sri Lanka's rich history and vibrant wildlife amidst breathtaking natural beauty.","Apple","iPhone 13 Pro","iPhone 13 Pro back triple camera 9mm f/2.8","9.0 mm","77 mm","2.8","1/100","64","Program AE","Multi-segment","Auto","Off, Did not fire","2025:03:13 17:54:28","7 deg 57' 55.55"" N","80 deg 45' 42.57"" E","3024","4032","https://res.cloudinary.com/do9hrcwn1/image/upload/c_limit,f_auto,q_auto,w_1200/v1/sammapix/portfolio/sri-lanka/41-sigiriya-rock-fortress-monkeys-sunset-sri-lanka-jungle"
"sri-lanka","sri-lanka","sri-42","Sri Lanka","2025-03-14","Massive ancient trees with exposed roots beside a tranquil pond in Sri Lanka, lush tropical foliage, egret visible.","Anuradhapura · ancient roots embrace tranquil waters","Giant banyan or fig trees dominate the foreground, their massive, gnarled roots anchoring them to the reddish earth. Behind, a tranquil pond reflects the soft light filtering through dense canopies. Lush tropical foliage frames the serene water, where a lone white egret subtly adds life. This timeless Sri Lankan landscape evokes peace and the enduring power of nature, perhaps near an ancient heritage site.","Apple","iPhone 13 Pro","iPhone 13 Pro back triple camera 5.7mm f/1.5","5.7 mm","26 mm","1.5","1/60","160","Program AE","Multi-segment","Auto","Off, Did not fire","2025:03:14 06:20:09","7 deg 57' 26.91"" N","80 deg 45' 17.33"" E","3024","4032","https://res.cloudinary.com/do9hrcwn1/image/upload/c_limit,f_auto,q_auto,w_1200/v1/sammapix/portfolio/sri-lanka/42-sri-lanka-anuradhapura-ancient-trees-roots-pond-nature"
"sri-lanka","sri-lanka","sri-43","Sri Lanka","2025-03-14","Sigiriya, Sri Lanka: Ancient palace ruins, terraced water gardens, lush jungle, distant mountains under a blue sky.","Sigiriya · ancient reflections, verdant jungle expanse","Golden morning light bathes the ancient terraced water gardens of Sigiriya, Sri Lanka. Intricate brickwork paths wind around tranquil reservoirs, reflecting the serene blue sky. Below, a dense, emerald jungle canopy stretches towards distant, mist-shrouded mountain ranges, hinting at untold stories. The panoramic vista captures the magnificent scale of this UNESCO World Heritage site, showcasing its natural beauty and timeless architectural splendor.","Apple","iPhone 13 Pro","iPhone 13 Pro back triple camera 5.7mm f/1.5","5.7 mm","26 mm","1.5","1/3200","50","Program AE","Multi-segment","Auto","Off, Did not fire","2025:03:14 07:18:23","7 deg 57' 26.54"" N","80 deg 45' 34.91"" E","3024","4032","https://res.cloudinary.com/do9hrcwn1/image/upload/c_limit,f_auto,q_auto,w_1200/v1/sammapix/portfolio/sri-lanka/43-sigiriya-water-gardens-ruins-sri-lanka-morning-view"
"sri-lanka","sri-lanka","sri-44","Matale, Sri Lanka","2025-03-14","Vast green mountain landscape near Matale, Sri Lanka. Rolling hills bathed in golden sunlight under a dramatic blue sky with clouds.","Matale · sun-drenched emerald hills, vast tranquil vista","A breathtaking panorama unfolds across the Matale highlands in Sri Lanka. Rolling emerald hills and lush forested slopes stretch towards distant mountains, veiled in a soft blue haze. Golden sunlight selectively illuminates patches of vibrant green, creating dynamic contrasts. Fluffy white clouds drift across a serene blue sky, enhancing the expansive, tranquil atmosphere of this tropical mountain vista.","Apple","iPhone 13 Pro","iPhone 13 Pro back triple camera 5.7mm f/1.5","5.7 mm","26 mm","1.5","1/2300","50","Program AE","Multi-segment","Auto","Off, Did not fire","2025:03:14 17:21:16","7 deg 32' 20.58"" N","80 deg 44' 19.43"" E","3024","4032","https://res.cloudinary.com/do9hrcwn1/image/upload/c_limit,f_auto,q_auto,w_1200/v1/sammapix/portfolio/sri-lanka/44-matale-sri-lanka-mountain-landscape-golden-light"
"sri-lanka","sri-lanka","sri-45","Kandy, Sri Lanka","2025-03-15","Welcome to Sri Lanka sign in car windshield, Kandy, reflecting tropical foliage. Driver's ID, tourism info.","Kandy · arrival's gentle embrace, Sri Lankan welcome","A personalized welcome sign, 'SASHIN YATHRA - Crexlon Travels,' awaits within a car windshield in Kandy, Sri Lanka. Tropical foliage reflects subtly on the glass, blending the journey's start with nature's beauty. An authorized tourist chauffeur's ID confirms professional service, hinting at seamless exploration. The scene captures the anticipation of discovery, a serene prelude to Sri Lankan adventures.","Apple","iPhone 13 Pro","iPhone 13 Pro back triple camera 9mm f/2.8","9.0 mm","77 mm","2.8","1/100","50","Program AE","Multi-segment","Auto","Off, Did not fire","2025:03:15 08:51:30","7 deg 17' 34.60"" N","80 deg 37' 49.23"" E","3024","4032","https://res.cloudinary.com/do9hrcwn1/image/upload/c_limit,f_auto,q_auto,w_1200/v1/sammapix/portfolio/sri-lanka/45-kandy-sri-lanka-travel-welcome-chauffeur-sign-arrival"
"sri-lanka","sri-lanka","sri-46","Kandy, Sri Lanka","2025-03-15","Ancient Temple of the Sacred Tooth Relic, Kandy, Sri Lanka. Intricate white walls, sacred moat reflecting sky, red tiled roof, Buddhist flags.","Kandy · Sacred Tooth Temple's serene white beauty","The Temple of the Sacred Tooth Relic in Kandy, Sri Lanka, gleams under a bright blue sky. Ornate white walls and the sacred moat reflect ancient architecture, bathed in warm sunlight. Buddhist flags add vibrant color against the serene backdrop of lush green hills. This revered spiritual site radiates a timeless, tranquil atmosphere, inviting contemplation.","Apple","iPhone 13 Pro","iPhone 13 Pro back triple camera 5.7mm f/1.5","5.7 mm","26 mm","1.5","1/2500","50","Program AE","Multi-segment","Auto","Off, Did not fire","2025:03:15 09:17:51","7 deg 17' 35.50"" N","80 deg 38' 27.43"" E","3024","4032","https://res.cloudinary.com/do9hrcwn1/image/upload/c_limit,f_auto,q_auto,w_1200/v1/sammapix/portfolio/sri-lanka/46-kandy-sri-lanka-temple-sacred-tooth-relic-daylight"
"sri-lanka","sri-lanka","sri-47","Kandy, Sri Lanka","2025-03-15","Kandy, Sri Lanka: Traditional Sri Lankan drummer in white head wrap, red sarong, playing drum at a Buddhist temple ceremony.","Kandy · sacred rhythm echoes through time","A traditional Sri Lankan drummer stands poised against an ancient stone pillar in Kandy. He wears a striking white head wrap and a vibrant red and white sarong, holding a drum ready for a performance. Warm, diffused light illuminates his features as he prepares to create sacred rhythms. The blurred temple background, adorned with colorful prayer flags, hints at a profound cultural and spiritual setting, capturing devotion and tradition.","Apple","iPhone 13 Pro","iPhone 13 Pro back dual camera 9mm f/2.8","9.0 mm","77 mm","2.8","1/13","500","Program AE","Multi-segment","Auto","Off, Did not fire","2025:03:15 09:40:26","7 deg 17' 36.80"" N","80 deg 38' 28.80"" E","3024","4032","https://res.cloudinary.com/do9hrcwn1/image/upload/c_limit,f_auto,q_auto,w_1200/v1/sammapix/portfolio/sri-lanka/47-kandy-sri-lanka-traditional-drummer-temple-ceremony"
"sri-lanka","sri-lanka","sri-48","Kandy, Sri Lanka","2025-03-15","Elderly Sri Lankan man with deeply weathered face and grey hair, wearing a striped shirt, Kandy cafe interior. Authentic portrait.","Kandy · a face of time-worn wisdom","An intimate portrait captures an elderly Sri Lankan man in a Kandy cafe. His deeply etched face, framed by wisps of white hair, conveys a lifetime of stories and quiet dignity. Soft, warm light illuminates his features and the subtle stripes of his casual shirt. In the background, local life unfolds, offering an authentic glimpse into the vibrant culture of Kandy, Sri Lanka. This candid moment invites contemplation.","Apple","iPhone 15 Pro Max","iPhone 15 Pro Max back triple camera 15.66mm f/2.8","15.7 mm","120 mm","2.8","1/50","500","Program AE","Multi-segment","Auto","Off, Did not fire","2025:03:15 11:00:32","7 deg 17' 41.27"" N","80 deg 38' 12.87"" E","3024","4032","https://res.cloudinary.com/do9hrcwn1/image/upload/c_limit,f_auto,q_auto,w_1200/v1/sammapix/portfolio/sri-lanka/48-kandy-sri-lanka-elderly-man-portrait-local-cafe-life"
"sri-lanka","sri-lanka","sri-49","Nuwara Eliya, Sri Lanka","2025-03-15","Green tea leaves drying in industrial trays at a tea factory in Nuwara Eliya, Sri Lanka. Worker visible in background.","Nuwara Eliya · where Ceylon tea magic begins","Inside a traditional tea factory in Nuwara Eliya, Sri Lanka, rows of freshly picked green tea leaves undergo wilting. Diffused light from large windows illuminates the vast space, highlighting the verdant piles. A worker in a yellow shirt quietly tends to the processing, a testament to Ceylon tea's rich heritage. The air hums with anticipation, promising the perfect brew.","Apple","iPhone 13 Pro","iPhone 13 Pro back dual camera 9mm f/2.8","9.0 mm","77 mm","2.8","1/25","400","Program AE","Spot","Auto","Off, Did not fire","2025:03:15 17:27:10","7 deg 1' 27.87"" N","80 deg 43' 10.05"" E","3024","4032","https://res.cloudinary.com/do9hrcwn1/image/upload/c_limit,f_auto,q_auto,w_1200/v1/sammapix/portfolio/sri-lanka/49-nuwara-eliya-sri-lanka-tea-factory-wilting-leaves-worker"
"sri-lanka","sri-lanka","sri-50","Nuwara Eliya, Sri Lanka","2025-03-15","Nuwara Eliya tea country sunset: man flying drone over lush green plantations, child watching, golden hour light, Sri Lanka.","Nuwara Eliya · drone flies over golden tea fields","Golden light bathes the rolling tea plantations of Nuwara Eliya, Sri Lanka, as a man skillfully pilots a drone overhead. A local child stands observing the technology against the backdrop of vibrant green terraced fields. Dramatic clouds fill the sky, hinting at the day's end, creating an atmosphere of modern exploration meeting timeless natural beauty in this iconic hill country.","Apple","iPhone 13 Pro","iPhone 13 Pro back triple camera 5.7mm f/1.5","5.7 mm","26 mm","1.5","1/160","40","Program AE","Multi-segment","Auto","Off, Did not fire","2025:03:15 18:13:39","7 deg 0' 59.06"" N","80 deg 43' 37.30"" E","3024","4032","https://res.cloudinary.com/do9hrcwn1/image/upload/c_limit,f_auto,q_auto,w_1200/v1/sammapix/portfolio/sri-lanka/50-nuwara-eliya-tea-plantation-drone-sunset-sri-lanka"
"sri-lanka","sri-lanka","sri-51","Nuwara Eliya, Sri Lanka","2025-03-15","Nuwara Eliya, Sri Lanka: Curious barefoot child in vibrant attire stands on sunlit rock amidst green foliage, golden hour portrait.","Nuwara Eliya · quiet curiosity in golden hill light","A captivating portrait from Nuwara Eliya, Sri Lanka, captures a barefoot child bathed in warm golden hour light. Their curious gaze and dark curls are gently illuminated, creating a profound connection. Dressed in vibrant patterned clothing, the child stands gracefully on a sun-drenched rock, framed by lush green foliage. This image evokes the simple beauty and authentic spirit of the region's people, amidst the gentle glow of late afternoon.","Apple","iPhone 13 Pro","iPhone 13 Pro back dual camera 9mm f/2.8","9.0 mm","77 mm","2.8","1/40","250","Program AE","Multi-segment","Auto","Off, Did not fire","2025:03:15 18:16:33","6 deg 59' 49.81"" N","80 deg 44' 41.19"" E","2882","3842","https://res.cloudinary.com/do9hrcwn1/image/upload/c_limit,f_auto,q_auto,w_1200/v1/sammapix/portfolio/sri-lanka/51-nuwara-eliya-sri-lanka-curious-child-portrait-golden-light"
"sri-lanka","sri-lanka","sri-52","Sri Lanka","2025-03-16","Sri Lankan train conductor with red glasses assists passenger writing on document. Authentic journey, green foliage visible through window.","Sri Lanka Train · A shared journey, a helpful hand","This intimate portrait captures a candid moment aboard a Sri Lankan train. A local conductor, distinctive in uniform and red-framed glasses, intently assists a traveler with a document. Soft natural light illuminates their shared focus on the paperwork. Through the window, blurred emerald-green and gold foliage rushes by, hinting at the scenic journey. It embodies authentic connection on the rails.","Apple","iPhone 13 Pro","iPhone 13 Pro back dual camera 9mm f/2.8","9.0 mm","77 mm","2.8","1/110","125","Program AE","Multi-segment","Auto","Off, Did not fire","2025:03:16 09:04:01","6 deg 50' 55.89"" N","80 deg 49' 58.80"" E","3024","4032","https://res.cloudinary.com/do9hrcwn1/image/upload/c_limit,f_auto,q_auto,w_1200/v1/sammapix/portfolio/sri-lanka/52-sri-lanka-train-travel-conductor-passenger-interaction"
"sri-lanka","sri-lanka","sri-53","Sri Lanka","2025-03-16","Young girl in red top peers from a grimy blue Sri Lankan train window, reflections visible. iPhone 13 Pro.","Sri Lanka · a quiet gaze from the blue train","A young girl in a vivid red top captures a moment of quiet reflection, peering through the grimy window of a blue Sri Lankan train. The window's surface reflects subtle light, framing her expressive gaze. This intimate portrait embodies the spirit of local travel, depicting childhood wonder amidst the journey. The blue and red hues of the train carriage provide a striking cultural backdrop, inviting observers into her introspective world.","Apple","iPhone 13 Pro","iPhone 13 Pro back triple camera 9mm f/2.8","9.0 mm","77 mm","2.8","1/100","125","Program AE","Spot","Auto","Off, Did not fire","2025:03:16 09:21:55","6 deg 49' 4.14"" N","80 deg 50' 34.62"" E","3024","4032","https://res.cloudinary.com/do9hrcwn1/image/upload/c_limit,f_auto,q_auto,w_1200/v1/sammapix/portfolio/sri-lanka/53-sri-lanka-train-journey-girl-window-portrait-red-blue"
"sri-lanka","sri-lanka","sri-54","Sri Lanka","2025-03-16","Iconic blue-red Sri Lankan train winding through lush hill country jungle, man in open doorway, Ella railway journey.","Ella Railway · verdant jungle journey through Sri Lanka","An iconic blue and red train gracefully curves through the dense, vibrant jungle of Sri Lanka's Hill Country. Overcast skies cast a soft, diffused light, enhancing the emerald hues of the lush vegetation that hugs the railway tracks. A lone figure stands in the open doorway, immersed in the adventurous journey. This evocative scene captures the essence of the world-famous Kandy to Ella train ride, a truly unforgettable Sri Lankan experience.","Apple","iPhone 13 Pro","iPhone 13 Pro back dual camera 9mm f/2.8","9.0 mm","77 mm","2.8","1/120","64","Program AE","Multi-segment","Auto","Off, Did not fire","2025:03:16 10:06:22","6 deg 46' 24.00"" N","80 deg 55' 50.94"" E","3024","4032","https://res.cloudinary.com/do9hrcwn1/image/upload/c_limit,f_auto,q_auto,w_1200/v1/sammapix/portfolio/sri-lanka/54-sri-lanka-ella-train-journey-jungle-hill-country"
"sri-lanka","sri-lanka","sri-55","Badulla, Sri Lanka","2025-03-16","Smiling Sri Lankan train conductor in uniform gives thumbs up from blue train door in Badulla, Sri Lanka, as rain falls.","Badulla · Sri Lankan railway spirit shines brightly","A beaming Sri Lankan train conductor, in crisp brown uniform and cap, offers a warm thumbs-up from a vibrant blue and red carriage doorway. Rain streaks the scene, creating a glistening atmosphere around Badulla. His genuine smile and confident gesture embody the welcoming spirit of travel on the country's iconic railways. This candid moment captures the enduring charm and human connection found on journeys through Sri Lanka's picturesque landscapes.","Apple","iPhone 13 Pro","iPhone 13 Pro back dual camera 9mm f/2.8","9.0 mm","77 mm","2.8","1/120","40","Program AE","Multi-segment","Auto","Off, Did not fire","2025:03:16 11:48:43","6 deg 52' 36.78"" N","81 deg 3' 38.63"" E","3024","4032","https://res.cloudinary.com/do9hrcwn1/image/upload/c_limit,f_auto,q_auto,w_1200/v1/sammapix/portfolio/sri-lanka/55-badulla-sri-lanka-smiling-train-conductor-rainy-day"
"sri-lanka","sri-lanka","sri-56","Badulla, Sri Lanka","2025-03-16","Person walking on overgrown train tracks in Badulla, Sri Lanka. Lush green tropical hills, dense foliage, daily life scene.","Badulla · Solitary journey through Sri Lanka's emerald hills","A lone figure traverses the railway tracks near Badulla, Sri Lanka, carrying a light load. Lush tropical foliage blankets the steep hillsides, creating an emerald panorama under bright daylight. The overgrown tracks symbolize an enduring connection through the vibrant landscape. This evocative scene captures the tranquil rhythm of daily life amidst Sri Lanka’s breathtaking hill country, a testament to enduring journeys.","Apple","iPhone 13 Pro","iPhone 13 Pro back dual camera 9mm f/2.8","9.0 mm","77 mm","2.8","1/310","25","Program AE","Multi-segment","Auto","Off, Did not fire","2025:03:16 12:19:05","6 deg 52' 45.76"" N","81 deg 3' 49.26"" E","2336","3114","https://res.cloudinary.com/do9hrcwn1/image/upload/c_limit,f_auto,q_auto,w_1200/v1/sammapix/portfolio/sri-lanka/56-badulla-sri-lanka-person-walking-train-tracks-lush-green"
"sri-lanka","sri-lanka","sri-57","Sri Lanka","2025-03-17","Colossal ancient standing Buddha rock carving at Buduruwagala, Sri Lanka. Tourist photographs monumental statue in serene landscape.","Buduruwagala · colossal Buddha's timeless gaze","A colossal standing Buddha statue, intricately carved from the natural rock face, dominates the landscape at Buduruwagala, Sri Lanka. Its ancient form, weathered by time, reveals subtle textures and natural coloration. A lone visitor captures the monumental scale, emphasizing the profound spiritual connection and enduring artistry of this sacred Buddhist site. The serene atmosphere invites contemplation amidst the dense jungle surroundings.","Apple","iPhone 13 Pro","iPhone 13 Pro back dual wide camera 5.7mm f/1.5","5.7 mm","26 mm","1.5","1/560","50","Program AE","Multi-segment","Auto","Off, Did not fire","2025:03:17 14:11:17","6 deg 41' 13.46"" N","81 deg 4' 42.35"" E","2891","3854","https://res.cloudinary.com/do9hrcwn1/image/upload/c_limit,f_auto,q_auto,w_1200/v1/sammapix/portfolio/sri-lanka/57-buduruwagala-standing-buddha-rock-carving-sri-lanka"
"sri-lanka","sri-lanka","sri-58","Sri Lanka","2025-03-18","Safari jeeps in convoy on a road at golden hour, vibrant orange sky. Sri Lanka national park entrance, Yala or Udawalawe.","Sri Lanka · golden hour safari's quiet anticipation","A convoy of rugged safari jeeps stretches along a quiet road in Sri Lanka, bathed in the rich, golden light of dawn or dusk. The vibrant orange sky reflects on the dusty vehicles, their silhouettes hinting at the adventure ahead. Lush, wild foliage lines the route, promising glimpses of incredible wildlife. This evocative scene captures the raw beauty and anticipation of an authentic Sri Lankan safari experience.","Apple","iPhone 13 Pro","iPhone 13 Pro back dual camera 9mm f/2.8","9.0 mm","77 mm","2.8","1/120","25","Program AE","Spot","Auto","Off, Did not fire","2025:03:18 06:27:14","6 deg 16' 52.21"" N","81 deg 24' 35.19"" E","2915","3886","https://res.cloudinary.com/do9hrcwn1/image/upload/c_limit,f_auto,q_auto,w_1200/v1/sammapix/portfolio/sri-lanka/58-yala-national-park-safari-jeeps-convoy-golden-hour-sri-lanka"
"sri-lanka","sri-lanka","sri-59","Sri Lanka","2025-03-18","Driver's hands on Mahindra steering wheel with orange fluffy dash cover, blurred tropical greenery outside, Hikkaduwa, Sri Lanka","Hikkaduwa · island journey on verdant roads","The intimate perspective of a driver's hands gripping a Mahindra steering wheel encapsulates a Sri Lankan road trip. Soft light highlights the textured skin and the vibrant orange faux-fur dash cover. Blurred emerald foliage outside suggests a tropical setting, inviting exploration. This authentic moment captures the essence of travel through Sri Lanka's lush landscapes, perhaps near Hikkaduwa, promising untold adventures on the open road.","Apple","iPhone 13 Pro","iPhone 13 Pro back dual camera 9mm f/2.8","9.0 mm","77 mm","2.8","1/120","200","Program AE","Multi-segment","Auto","Off, Did not fire","2025:03:18 10:13:50","6 deg 19' 43.38"" N","81 deg 26' 24.39"" E","3024","4032","https://res.cloudinary.com/do9hrcwn1/image/upload/c_limit,f_auto,q_auto,w_1200/v1/sammapix/portfolio/sri-lanka/59-sri-lanka-hikkaduwa-mahindra-driver-road-trip-2025"
"sri-lanka","sri-lanka","sri-60","Matara, Sri Lanka","2025-03-18","Matara, Sri Lanka tropical coastline: tall coconut palm trees silhouette against shimmering Indian Ocean. Tourists on a red dirt path.","Matara · Sparkling ocean, swaying palms, tropical bliss","Golden light illuminates the vibrant coastline of Matara, Sri Lanka. Tall coconut palm trees create dramatic silhouettes against the brilliant blue sky and sparkling Indian Ocean. A winding red earth path leads toward groups of people admiring the breathtaking tropical panorama. Lush green foliage thrives under the warm sun, capturing the serene and idyllic atmosphere of this southern Sri Lankan paradise.","Apple","iPhone 13 Pro","iPhone 13 Pro back triple camera 5.7mm f/1.5","5.7 mm","26 mm","1.5","1/12800","50","Program AE","Multi-segment","Auto","Off, Did not fire","2025:03:18 15:45:13","5 deg 56' 21.78"" N","80 deg 28' 6.73"" E","2882","3842","https://res.cloudinary.com/do9hrcwn1/image/upload/c_limit,f_auto,q_auto,w_1200/v1/sammapix/portfolio/sri-lanka/60-matara-sri-lanka-coastline-palm-trees-indian-ocean-view"
"sri-lanka","sri-lanka","sri-61","Matara, Sri Lanka","2025-03-18","Coconut Tree Hill, Mirissa, Sri Lanka. Lush palm trees overlook a turquoise bay and sandy beach under a blue sky.","Mirissa · swaying palms, tranquil turquoise sea","Morning sunlight bathes Coconut Tree Hill in Mirissa, Sri Lanka. Towering palms cast long shadows across the vibrant red earth path. Below, a serene turquoise bay shimmers, dotted with small boats and kissed by gentle waves. Lush tropical foliage frames the distant sandy beach and coastal hotels. Visitors gather, captivated by this iconic panoramic ocean vista.","Apple","iPhone 13 Pro","iPhone 13 Pro back triple camera 1.57mm f/1.8","1.6 mm","13 mm","1.8","1/2400","32","Program AE","Multi-segment","Auto","Off, Did not fire","2025:03:18 15:49:31","5 deg 56' 21.22"" N","80 deg 28' 5.99"" E","2621","3495","https://res.cloudinary.com/do9hrcwn1/image/upload/c_limit,f_auto,q_auto,w_1200/v1/sammapix/portfolio/sri-lanka/61-coconut-tree-hill-mirissa-sri-lanka-tropical-bay-view"
"sri-lanka","sri-lanka","sri-62","Matara, Sri Lanka","2025-03-18","Young Sri Lankan man with sacred white ash on face, intense gaze. Matara beach, palm trees, turquoise ocean backdrop.","Matara Coast · ancient spirit in sun-kissed eyes","A striking portrait captures a young Sri Lankan man in Matara, his face adorned with sacred white ash. His wet hair and sun-kissed skin glow under the bright tropical light. With arms crossed, his gaze is direct and profound, conveying a sense of deep cultural connection and resilience. Behind him, blurry palm trees frame the serene turquoise ocean, blending spiritual tradition with the vibrant coastal landscape of southern Sri Lanka.","Apple","iPhone 13 Pro","iPhone 13 Pro back dual wide camera 5.7mm f/1.5","5.7 mm","26 mm","1.5","1/2300","50","Program AE","Multi-segment","Auto","Off, Did not fire","2025:03:18 15:58:10","5 deg 56' 21.39"" N","80 deg 28' 5.44"" E","2547","3396","https://res.cloudinary.com/do9hrcwn1/image/upload/c_limit,f_auto,q_auto,w_1200/v1/sammapix/portfolio/sri-lanka/62-sri-lanka-matara-man-sacred-ash-beach-portrait"
"sri-lanka","sri-lanka","sri-63","Matara, Sri Lanka","2025-03-19","Matara fishing harbor, Sri Lanka: colorful boats, coiled ropes, fishing nets, and rusty bollards on a vibrant pier.","Matara · vibrant harbor's working pulse","Sunlight bathes Matara fishing harbor in Sri Lanka, revealing a vibrant tableau of daily life. Piles of coiled ropes, intricate nets, and buoyant floats line the concrete pier, hinting at the ocean's bounty. Teal waters gently lap against rusted bollards, while brightly painted fishing boats rest ashore and afloat. Lush tropical foliage frames the bustling scene, capturing the raw, authentic charm of this coastal community.","Apple","iPhone 13 Pro","iPhone 13 Pro back dual camera 9mm f/2.8","9.0 mm","77 mm","2.8","1/900","32","Program AE","Multi-segment","Auto","Off, Did not fire","2025:03:19 11:37:11","5 deg 57' 46.87"" N","80 deg 25' 20.04"" E","3024","4032","https://res.cloudinary.com/do9hrcwn1/image/upload/c_limit,f_auto,q_auto,w_1200/v1/sammapix/portfolio/sri-lanka/63-matara-fishing-harbor-boats-nets-sri-lanka-tropical"
"sri-lanka","sri-lanka","sri-64","Sri Lanka","2025-03-19","Expressive portrait of a man with furrowed brow, pursed lips, and short stubble, captured in natural light in Sri Lanka.","Sri Lanka · a moment of thoughtful curiosity","A compelling close-up portrait reveals a man's expressive face in Sri Lanka. His furrowed brow and slightly pursed lips convey a moment of contemplation or mild curiosity. Soft, natural light illuminates the subtle textures of his skin and dark stubble, highlighting his features. The shallow depth of field beautifully isolates the subject against a gently blurred, dark background, evoking the intimate atmosphere of a candid travel encounter in the vibrant country.","Apple","iPhone 15 Pro Max","iPhone 15 Pro Max back triple camera 6.765mm f/1.78","6.8 mm","73 mm","1.8","1/340","64","Program AE","Multi-segment","Auto","Off, Did not fire","2025:03:19 13:14:32","6 deg 0' 0.62"" N","80 deg 15' 48.31"" E","3024","4032","https://res.cloudinary.com/do9hrcwn1/image/upload/c_limit,f_auto,q_auto,w_1200/v1/sammapix/portfolio/sri-lanka/64-sri-lanka-expressive-man-portrait-travel-iphone"
"sri-lanka","sri-lanka","sri-65","Sri Lanka","2025-03-19","Young woman on a Sri Lankan beach at dusk, looking out. Palm trees, thatched beach huts, soft overcast light create a serene scene.","Sri Lanka Coast · tranquil tropical evening","A young woman stands reflectively on a tranquil Sri Lankan beach as dusk settles. Her wet hair suggests a recent swim, harmonizing with the soft, diffused light of the overcast sky. Towering palm trees frame the scene, their fronds silhouetted against the muted sky. In the background, quaint thatched beach huts and seating areas hint at a serene coastal retreat, embodying the peaceful allure of tropical Sri Lanka.","Apple","iPhone 13 Pro","iPhone 13 Pro back triple camera 5.7mm f/1.5","5.7 mm","26 mm","1.5","1/50","320","Program AE","Multi-segment","Auto","Off, Did not fire","2025:03:19 18:29:11","5 deg 58' 38.94"" N","80 deg 20' 55.65"" E","2848","3798","https://res.cloudinary.com/do9hrcwn1/image/upload/c_limit,f_auto,q_auto,w_1200/v1/sammapix/portfolio/sri-lanka/65-sri-lanka-beach-dusk-woman-palm-trees-tropical"
"sri-lanka","sri-lanka","sri-66","Negombo, Sri Lanka","2025-03-21","Smiling Sri Lankan fisherman in Negombo holding a large, sun-dried fish, with ocean background. Traditional seafood preparation.","Negombo · fisherman's pride, ocean's bounty","A weathered Sri Lankan fisherman in Negombo smiles proudly, holding a large, sun-dried fish. Brilliant tropical light illuminates his face and the textured fish, a testament to traditional methods. The azure ocean provides a serene backdrop, hinting at the day's fresh catch. This portrait captures the essence of coastal life and sustainable seafood practices in Sri Lanka.","Apple","iPhone 13 Pro","iPhone 13 Pro back dual camera 9mm f/2.8","9.0 mm","77 mm","2.8","1/170","25","Program AE","Multi-segment","Auto","Off, Did not fire","2025:03:21 13:57:33","7 deg 12' 41.66"" N","79 deg 49' 56.96"" E","3024","4032","https://res.cloudinary.com/do9hrcwn1/image/upload/c_limit,f_auto,q_auto,w_1200/v1/sammapix/portfolio/sri-lanka/66-negombo-sri-lanka-fisherman-holding-dried-fish-portrait"
"sri-lanka","sri-lanka","sri-67","Negombo, Sri Lanka","2025-03-21","Sun-dried fish spread across sandy Negombo beach, Sri Lanka. Fishermen work under tarps; a traditional coastal industry.","Negombo · sun-kissed bounty of the sea","Vast rows of fish glisten under the intense Sri Lankan sun on Negombo's sandy shores. Traditional methods prevail as countless catches are meticulously laid out to dry, transforming the beach into a mosaic of silver scales and golden sand. Fishermen oversee the process, their figures silhouetted against the bright, clear sky. This vital coastal industry thrives under the tropical light, a testament to enduring local traditions.","Apple","iPhone 13 Pro","iPhone 13 Pro back triple camera 5.7mm f/1.5","5.7 mm","26 mm","1.5","1/7500","50","Program AE","Multi-segment","Auto","Off, Did not fire","2025:03:21 14:03:40","7 deg 12' 39.76"" N","79 deg 49' 55.26"" E","3024","4032","https://res.cloudinary.com/do9hrcwn1/image/upload/c_limit,f_auto,q_auto,w_1200/v1/sammapix/portfolio/sri-lanka/67-negombo-sri-lanka-fish-drying-beach-traditional-seafood"
"sri-lanka","sri-lanka","sri-68","Negombo, Sri Lanka","2025-03-21","Negombo, Sri Lanka fish drying yard. Workers spread small fish under makeshift shelters, blue barrels foreground. Bright sunlight.","Negombo · Sun-baked rhythm of coastal life","Negombo's vibrant fish drying yards hum with activity under the intense Sri Lankan sun. Countless small fish, glistening like silver, are meticulously spread across expansive tarps and sandy ground. Local workers tend to the catch, seeking respite under patterned makeshift canopies. Weathered blue barrels punctuate the foreground, casting sharp shadows on the sun-baked earth. This scene captures the timeless, industrious spirit of a coastal community.","Apple","iPhone 13 Pro","iPhone 13 Pro back triple camera 9mm f/2.8","9.0 mm","77 mm","2.8","1/1000","32","Program AE","Multi-segment","Auto","Off, Did not fire","2025:03:21 14:08:56","7 deg 12' 40.84"" N","79 deg 49' 53.86"" E","3024","4032","https://res.cloudinary.com/do9hrcwn1/image/upload/c_limit,f_auto,q_auto,w_1200/v1/sammapix/portfolio/sri-lanka/68-negombo-sri-lanka-fish-drying-yard-coastal-life-sun"
"sri-lanka","sri-lanka","sri-69","Negombo, Sri Lanka","2025-03-21","Negombo, Sri Lanka: Two coastal workers sort orange fishing nets in a green boat by the ocean under bright sun with flying birds.","Negombo · Ocean breeze, woven nets, daily toil","This vibrant scene captures daily life in Negombo, Sri Lanka. Two coastal workers meticulously sort sun-drenched orange fishing nets from a bright green boat. The vast turquoise ocean stretches under a brilliant blue sky, dotted with soaring birds. In the foreground, weathered blue barrels and dark tarps hint at the authentic, hardworking spirit of this renowned fishing community, bathed in crisp daylight.","Apple","iPhone 13 Pro","iPhone 13 Pro back dual camera 9mm f/2.8","9.0 mm","77 mm","2.8","1/800","32","Program AE","Multi-segment","Auto","Off, Did not fire","2025:03:21 14:13:04","7 deg 12' 39.10"" N","79 deg 49' 52.07"" E","3024","4032","https://res.cloudinary.com/do9hrcwn1/image/upload/c_limit,f_auto,q_auto,w_1200/v1/sammapix/portfolio/sri-lanka/69-negombo-sri-lanka-fishing-nets-boat-coastal-life"
"sri-lanka","sri-lanka","sri-70","Sri Lanka","2025-03-24","Sri Lankan woman street vendor at a roadside stall, preparing drinks under an umbrella. Red table, plastic cups, dappled sunlight.","Sri Lanka · Everyday moments under tropical sun","A Sri Lankan street vendor stands by her vibrant red stall, preparing for customers. Dappled sunlight filters through an overhead umbrella, casting intricate shadows on her white t-shirt and maroon skirt. Glasses and containers are neatly arranged on the table, reflecting the bright light. This candid moment captures the essence of daily life and local commerce in tropical Sri Lanka, showcasing an authentic roadside scene.","Apple","iPhone 13 Pro","iPhone 13 Pro back dual camera 9mm f/2.8","9.0 mm","77 mm","2.8","1/120","25","Program AE","Multi-segment","Auto","Off, Did not fire","2025:03:24 12:38:37","7 deg 24' 52.38"" N","79 deg 50' 28.82"" E","3024","4032","https://res.cloudinary.com/do9hrcwn1/image/upload/c_limit,f_auto,q_auto,w_1200/v1/sammapix/portfolio/sri-lanka/70-sri-lanka-street-vendor-roadside-stall-daily-life-sunlight"
"sri-lanka","sri-lanka","sri-71","Colombo, Sri Lanka","2025-03-25","Two men under a rustic thatched roof beach cafe in Colombo, Sri Lanka, illuminated by a warm sun flare, both looking at phones.","Colombo · sandy cafe whispers, sun-kissed digital ease","Golden sunbeams pierce the rustic thatched roof of a beachside cafe in Colombo, Sri Lanka. Two men sit at simple tables directly on the sand, embodying a blend of tropical relaxation and modern connectivity. One is barefoot, both are engrossed in their mobile phones. The warm light highlights the intricate patterns of the woven roof and the textured sandy floor, creating a serene, everyday scene.","Apple","iPhone 13 Pro","iPhone 13 Pro back dual camera 9mm f/2.8","9.0 mm","77 mm","2.8","1/120","25","Program AE","Multi-segment","Auto","Off, Did not fire","2025:03:25 08:31:18","6 deg 55' 35.21"" N","79 deg 49' 38.97"" E","2257","3009","https://res.cloudinary.com/do9hrcwn1/image/upload/c_limit,f_auto,q_auto,w_1200/v1/sammapix/portfolio/sri-lanka/71-colombo-sri-lanka-beach-cafe-thatched-roof-men-phones"